seed,execution_path,path,condition,attack,round,accuracy,macro_f1,evaluation_reward
42,ep_0,fedavg,clean,none,1,0.9433333333333334,0.9443187038993912,2.716666666666667
42,ep_0,fedavg,clean,none,2,0.9436666666666668,0.944789207841202,2.7183333333333337
42,ep_0,fedavg,clean,none,3,0.95,0.950634838914623,2.75
42,ep_0,fedavg,clean,none,4,0.9613333333333334,0.9616567331377468,2.8066666666666666
42,ep_0,fedavg,clean,none,5,0.977,0.9769810684633252,2.885
42,ep_0,fedavg,clean,none,6,0.98,0.9798278663140134,2.9000000000000004
42,ep_0,fedavg,clean,none,7,0.9776666666666668,0.9774092201842156,2.8883333333333336
42,ep_0,fedavg,clean,none,8,0.9733333333333334,0.9729404563936248,2.866666666666667
42,ep_0,fedavg,clean,none,9,0.9673333333333334,0.9666739657292932,2.836666666666667
42,ep_0,fedavg,clean,none,10,0.9713333333333334,0.97085130549737,2.8566666666666674
42,ep_0,fedavg,clean,none,11,0.972,0.9715421087153135,2.8599999999999994
42,ep_0,fedavg,clean,none,12,0.971,0.9704973346231518,2.8549999999999995
42,ep_0,fedavg,clean,none,13,0.9686666666666668,0.9680816617449742,2.8433333333333337
42,ep_0,fedavg,clean,none,14,0.9653333333333334,0.9647781928673548,2.826666666666667
42,ep_0,fedavg,clean,none,15,0.9556666666666668,0.9551949769158516,2.778333333333334
42,ep_0,fedavg,clean,none,16,0.9476666666666668,0.9471622987407778,2.738333333333334
42,ep_0,fedavg,clean,none,17,0.953,0.9523564182788292,2.7649999999999997
42,ep_0,fedavg,clean,none,18,0.9333333333333332,0.9331042533942674,2.666666666666666
42,ep_0,fedavg,clean,none,19,0.964,0.9638862657857624,2.8200000000000003
42,ep_0,fedavg,clean,none,20,0.9676666666666668,0.9675769997440196,2.838333333333334
42,ep_0,fedavg,clean,none,21,0.9456666666666668,0.9455418954406772,2.7283333333333335
42,ep_0,fedavg,clean,none,22,0.9446666666666668,0.9451195323181182,2.7233333333333336
42,ep_0,fedavg,clean,none,23,0.8786666666666667,0.8843026341061684,2.3933333333333335
42,ep_0,fedavg,clean,none,24,0.6363333333333333,0.5847780213553436,1.1816666666666666
42,ep_0,fedavg,clean,none,25,0.7403333333333333,0.7354045422446105,1.7016666666666662
42,ep_0,fedavg,clean,none,26,0.897,0.8992956362777604,2.4850000000000003
42,ep_0,fedavg,clean,none,27,0.8223333333333334,0.8130172698800016,2.1116666666666664
42,ep_0,fedavg,clean,none,28,0.8916666666666667,0.8929606906679501,2.458333333333334
42,ep_0,fedavg,clean,none,29,0.623,0.629605672415145,1.1150000000000002
42,ep_0,fedavg,clean,none,30,0.4923333333333333,0.4871105382700757,0.46166666666666645
42,ep_sdp,static_dp,clean,none,1,0.474,0.4179946450031857,0.3700000000000001
42,ep_sdp,static_dp,clean,none,2,0.8533333333333334,0.8563567387501279,2.2666666666666666
42,ep_sdp,static_dp,clean,none,3,0.9096666666666666,0.905997421509822,2.548333333333333
42,ep_sdp,static_dp,clean,none,4,0.9403333333333334,0.9410286510595304,2.701666666666667
42,ep_sdp,static_dp,clean,none,5,0.847,0.8452077539886572,2.2349999999999994
42,ep_sdp,static_dp,clean,none,6,0.9196666666666666,0.9193784171919994,2.5983333333333327
42,ep_sdp,static_dp,clean,none,7,0.949,0.9490462798773582,2.745
42,ep_sdp,static_dp,clean,none,8,0.93,0.9300630892928444,2.6500000000000004
42,ep_sdp,static_dp,clean,none,9,0.9626666666666668,0.96242589653166,2.8133333333333344
42,ep_sdp,static_dp,clean,none,10,0.9406666666666668,0.9394435645645672,2.703333333333334
42,ep_sdp,static_dp,clean,none,11,0.9453333333333334,0.9435631976892797,2.7266666666666666
42,ep_sdp,static_dp,clean,none,12,0.831,0.8186101840479985,2.1549999999999994
42,ep_sdp,static_dp,clean,none,13,0.9663333333333334,0.9662621039840192,2.831666666666667
42,ep_sdp,static_dp,clean,none,14,0.949,0.9494406565025624,2.745
42,ep_sdp,static_dp,clean,none,15,0.9263333333333332,0.9243161682187404,2.631666666666666
42,ep_sdp,static_dp,clean,none,16,0.7723333333333333,0.7665071076108387,1.8616666666666664
42,ep_sdp,static_dp,clean,none,17,0.7386666666666667,0.7147499620550125,1.6933333333333334
42,ep_sdp,static_dp,clean,none,18,0.687,0.6628082975391485,1.4350000000000005
42,ep_sdp,static_dp,clean,none,19,0.629,0.5603844206196127,1.145
42,ep_sdp,static_dp,clean,none,20,0.4786666666666667,0.4455154891251773,0.39333333333333353
42,ep_sdp,static_dp,clean,none,21,0.6786666666666666,0.6706286214774477,1.393333333333333
42,ep_sdp,static_dp,clean,none,22,0.5763333333333334,0.5770289528527722,0.8816666666666668
42,ep_sdp,static_dp,clean,none,23,0.5576666666666666,0.4756588906396276,0.7883333333333331
42,ep_sdp,static_dp,clean,none,24,0.7253333333333334,0.7066714495672303,1.626666666666667
42,ep_sdp,static_dp,clean,none,25,0.754,0.7416013515666713,1.77
42,ep_sdp,static_dp,clean,none,26,0.5236666666666666,0.5291274311175125,0.6183333333333332
42,ep_sdp,static_dp,clean,none,27,0.627,0.6184481242598039,1.1349999999999998
42,ep_sdp,static_dp,clean,none,28,0.476,0.4391950464508706,0.3799999999999999
42,ep_sdp,static_dp,clean,none,29,0.663,0.6465533486616803,1.3150000000000004
42,ep_sdp,static_dp,clean,none,30,0.579,0.5194992522565492,0.8949999999999996
42,ep_twa,twa,clean,none,1,0.9473333333333334,0.9481483083382426,2.7366666666666664
42,ep_twa,twa,clean,none,2,0.946,0.9469875683761966,2.7299999999999995
42,ep_twa,twa,clean,none,3,0.949,0.9496356627025246,2.745
42,ep_twa,twa,clean,none,4,0.962,0.9623152930974366,2.8099999999999996
42,ep_twa,twa,clean,none,5,0.9766666666666668,0.9766509037564006,2.8833333333333337
42,ep_twa,twa,clean,none,6,0.981,0.9808580538890536,2.9050000000000002
42,ep_twa,twa,clean,none,7,0.9776666666666668,0.9773978685167196,2.8883333333333336
42,ep_twa,twa,clean,none,8,0.9733333333333334,0.9729404563936248,2.866666666666667
42,ep_twa,twa,clean,none,9,0.9716666666666668,0.971220655849528,2.8583333333333343
42,ep_twa,twa,clean,none,10,0.972,0.9715473550408048,2.8599999999999994
42,ep_twa,twa,clean,none,11,0.9693333333333334,0.9687772956417572,2.8466666666666667
42,ep_twa,twa,clean,none,12,0.9706666666666668,0.9701711264139984,2.8533333333333335
42,ep_twa,twa,clean,none,13,0.9693333333333334,0.9687864593745592,2.8466666666666667
42,ep_twa,twa,clean,none,14,0.9703333333333334,0.9698301180210648,2.8516666666666666
42,ep_twa,twa,clean,none,15,0.9703333333333334,0.9698320300452284,2.8516666666666666
42,ep_twa,twa,clean,none,16,0.9703333333333334,0.9698320300452284,2.8516666666666666
42,ep_twa,twa,clean,none,17,0.9696666666666668,0.9691374635920036,2.8483333333333336
42,ep_twa,twa,clean,none,18,0.9706666666666668,0.9701878350720446,2.8533333333333335
42,ep_twa,twa,clean,none,19,0.971,0.9705290020738202,2.8549999999999995
42,ep_twa,twa,clean,none,20,0.9723333333333334,0.9719234029984988,2.8616666666666672
42,ep_twa,twa,clean,none,21,0.9706666666666668,0.9701979128360376,2.8533333333333335
42,ep_twa,twa,clean,none,22,0.9696666666666668,0.9691503086488495,2.8483333333333336
42,ep_twa,twa,clean,none,23,0.969,0.9684478179837452,2.8449999999999998
42,ep_twa,twa,clean,none,24,0.9706666666666668,0.9701917088944304,2.8533333333333335
42,ep_twa,twa,clean,none,25,0.97,0.9694937837858724,2.8499999999999996
42,ep_twa,twa,clean,none,26,0.971,0.9705405938015872,2.8549999999999995
42,ep_twa,twa,clean,none,27,0.972,0.9715732294228272,2.8599999999999994
42,ep_twa,twa,clean,none,28,0.9716666666666668,0.9712188940722036,2.8583333333333343
42,ep_twa,twa,clean,none,29,0.9706666666666668,0.9701844308608668,2.8533333333333335
42,ep_twa,twa,clean,none,30,0.9686666666666668,0.9680842968687656,2.8433333333333337
42,ep_ppa,ppa,clean,none,1,0.9433333333333334,0.9443187038993912,2.716666666666667
42,ep_ppa,ppa,clean,none,2,0.9436666666666668,0.944789207841202,2.7183333333333337
42,ep_ppa,ppa,clean,none,3,0.95,0.950634838914623,2.75
42,ep_ppa,ppa,clean,none,4,0.9613333333333334,0.9616567331377468,2.8066666666666666
42,ep_ppa,ppa,clean,none,5,0.977,0.9769810684633252,2.885
42,ep_ppa,ppa,clean,none,6,0.98,0.9798278663140134,2.9000000000000004
42,ep_ppa,ppa,clean,none,7,0.9776666666666668,0.9774092201842156,2.8883333333333336
42,ep_ppa,ppa,clean,none,8,0.9733333333333334,0.9729404563936248,2.866666666666667
42,ep_ppa,ppa,clean,none,9,0.9673333333333334,0.9666739657292932,2.836666666666667
42,ep_ppa,ppa,clean,none,10,0.9713333333333334,0.97085130549737,2.8566666666666674
42,ep_ppa,ppa,clean,none,11,0.972,0.9715421087153135,2.8599999999999994
42,ep_ppa,ppa,clean,none,12,0.971,0.9704973346231518,2.8549999999999995
42,ep_ppa,ppa,clean,none,13,0.9686666666666668,0.9680886509526646,2.8433333333333337
42,ep_ppa,ppa,clean,none,14,0.965,0.9644419596459928,2.825
42,ep_ppa,ppa,clean,none,15,0.9553333333333334,0.954853474576416,2.7766666666666673
42,ep_ppa,ppa,clean,none,16,0.9476666666666668,0.9471622987407778,2.738333333333334
42,ep_ppa,ppa,clean,none,17,0.9536666666666668,0.953078910142626,2.7683333333333335
42,ep_ppa,ppa,clean,none,18,0.9333333333333332,0.9331042533942674,2.666666666666666
42,ep_ppa,ppa,clean,none,19,0.964,0.963842260146602,2.8200000000000003
42,ep_ppa,ppa,clean,none,20,0.9673333333333334,0.9672267562004752,2.836666666666667
42,ep_ppa,ppa,clean,none,21,0.9443333333333334,0.9441638313653712,2.7216666666666667
42,ep_ppa,ppa,clean,none,22,0.9426666666666668,0.9431112951478277,2.713333333333334
42,ep_ppa,ppa,clean,none,23,0.8823333333333333,0.8874956792749538,2.411666666666666
42,ep_ppa,ppa,clean,none,24,0.6476666666666666,0.5962920672553725,1.2383333333333333
42,ep_ppa,ppa,clean,none,25,0.7373333333333333,0.7327141996539103,1.6866666666666665
42,ep_ppa,ppa,clean,none,26,0.8976666666666666,0.8999741741743084,2.4883333333333333
42,ep_ppa,ppa,clean,none,27,0.8476666666666667,0.8430963643633579,2.2383333333333333
42,ep_ppa,ppa,clean,none,28,0.8986666666666666,0.8998208403340962,2.493333333333333
42,ep_ppa,ppa,clean,none,29,0.6623333333333333,0.6693974352872657,1.3116666666666665
42,ep_ppa,ppa,clean,none,30,0.5073333333333333,0.5065570613134764,0.5366666666666666
42,ep_sdp-ppa,sdp_ppa,clean,none,1,0.474,0.4179946450031857,0.3700000000000001
42,ep_sdp-ppa,sdp_ppa,clean,none,2,0.853,0.8560173113560906,2.2649999999999997
42,ep_sdp-ppa,sdp_ppa,clean,none,3,0.9096666666666666,0.905997421509822,2.548333333333333
42,ep_sdp-ppa,sdp_ppa,clean,none,4,0.9403333333333334,0.9410286510595304,2.701666666666667
42,ep_sdp-ppa,sdp_ppa,clean,none,5,0.8466666666666667,0.8448273335051146,2.2333333333333334
42,ep_sdp-ppa,sdp_ppa,clean,none,6,0.9196666666666666,0.9193784171919994,2.5983333333333327
42,ep_sdp-ppa,sdp_ppa,clean,none,7,0.949,0.9490462798773582,2.745
42,ep_sdp-ppa,sdp_ppa,clean,none,8,0.93,0.9300630892928444,2.6500000000000004
42,ep_sdp-ppa,sdp_ppa,clean,none,9,0.9626666666666668,0.96242589653166,2.8133333333333344
42,ep_sdp-ppa,sdp_ppa,clean,none,10,0.9406666666666668,0.9394435645645672,2.703333333333334
42,ep_sdp-ppa,sdp_ppa,clean,none,11,0.9453333333333334,0.9435761715570564,2.7266666666666666
42,ep_sdp-ppa,sdp_ppa,clean,none,12,0.8306666666666667,0.8182844443284591,2.1533333333333333
42,ep_sdp-ppa,sdp_ppa,clean,none,13,0.9663333333333334,0.9662493671170168,2.831666666666667
42,ep_sdp-ppa,sdp_ppa,clean,none,14,0.9496666666666668,0.9501202966236002,2.748333333333334
42,ep_sdp-ppa,sdp_ppa,clean,none,15,0.9266666666666666,0.9246852974845474,2.633333333333333
42,ep_sdp-ppa,sdp_ppa,clean,none,16,0.7726666666666666,0.7668930189653389,1.8633333333333333
42,ep_sdp-ppa,sdp_ppa,clean,none,17,0.7383333333333333,0.7156803429239936,1.6916666666666664
42,ep_sdp-ppa,sdp_ppa,clean,none,18,0.689,0.6659921432911132,1.4449999999999998
42,ep_sdp-ppa,sdp_ppa,clean,none,19,0.644,0.5807301434810572,1.2200000000000002
42,ep_sdp-ppa,sdp_ppa,clean,none,20,0.4816666666666667,0.450245912531815,0.4083333333333332
42,ep_sdp-ppa,sdp_ppa,clean,none,21,0.6696666666666666,0.6608975892580577,1.3483333333333332
42,ep_sdp-ppa,sdp_ppa,clean,none,22,0.5786666666666667,0.5794791609440061,0.8933333333333335
42,ep_sdp-ppa,sdp_ppa,clean,none,23,0.5586666666666666,0.4740108309833752,0.793333333333333
42,ep_sdp-ppa,sdp_ppa,clean,none,24,0.7376666666666667,0.7236655184013503,1.6883333333333335
42,ep_sdp-ppa,sdp_ppa,clean,none,25,0.7596666666666667,0.7479661924472115,1.7983333333333338
42,ep_sdp-ppa,sdp_ppa,clean,none,26,0.4996666666666666,0.5139767984901287,0.4983333333333331
42,ep_sdp-ppa,sdp_ppa,clean,none,27,0.5536666666666666,0.4765301891145003,0.7683333333333331
42,ep_sdp-ppa,sdp_ppa,clean,none,28,0.4726666666666667,0.4362029689834903,0.3633333333333333
42,ep_sdp-ppa,sdp_ppa,clean,none,29,0.6646666666666666,0.6489905694130653,1.3233333333333333
42,ep_sdp-ppa,sdp_ppa,clean,none,30,0.576,0.5154549677557424,0.8799999999999999
42,ep_twa-ppa,twa_ppa,clean,none,1,0.9476666666666668,0.948475948587834,2.738333333333334
42,ep_twa-ppa,twa_ppa,clean,none,2,0.946,0.9469875683761966,2.7299999999999995
42,ep_twa-ppa,twa_ppa,clean,none,3,0.949,0.9496356627025246,2.745
42,ep_twa-ppa,twa_ppa,clean,none,4,0.962,0.9623152930974366,2.8099999999999996
42,ep_twa-ppa,twa_ppa,clean,none,5,0.9766666666666668,0.9766509037564006,2.8833333333333337
42,ep_twa-ppa,twa_ppa,clean,none,6,0.981,0.9808580538890536,2.9050000000000002
42,ep_twa-ppa,twa_ppa,clean,none,7,0.9776666666666668,0.9773978685167196,2.8883333333333336
42,ep_twa-ppa,twa_ppa,clean,none,8,0.9733333333333334,0.9729404563936248,2.866666666666667
42,ep_twa-ppa,twa_ppa,clean,none,9,0.9716666666666668,0.971220655849528,2.8583333333333343
42,ep_twa-ppa,twa_ppa,clean,none,10,0.972,0.9715473550408048,2.8599999999999994
42,ep_twa-ppa,twa_ppa,clean,none,11,0.9693333333333334,0.9687772956417572,2.8466666666666667
42,ep_twa-ppa,twa_ppa,clean,none,12,0.9706666666666668,0.9701711264139984,2.8533333333333335
42,ep_twa-ppa,twa_ppa,clean,none,13,0.9693333333333334,0.9687864593745592,2.8466666666666667
42,ep_twa-ppa,twa_ppa,clean,none,14,0.9703333333333334,0.9698301180210648,2.8516666666666666
42,ep_twa-ppa,twa_ppa,clean,none,15,0.9703333333333334,0.9698320300452284,2.8516666666666666
42,ep_twa-ppa,twa_ppa,clean,none,16,0.9703333333333334,0.9698320300452284,2.8516666666666666
42,ep_twa-ppa,twa_ppa,clean,none,17,0.9696666666666668,0.9691374635920036,2.8483333333333336
42,ep_twa-ppa,twa_ppa,clean,none,18,0.9703333333333334,0.969839322920376,2.8516666666666666
42,ep_twa-ppa,twa_ppa,clean,none,19,0.971,0.9705290020738202,2.8549999999999995
42,ep_twa-ppa,twa_ppa,clean,none,20,0.9723333333333334,0.9719234029984988,2.8616666666666672
42,ep_twa-ppa,twa_ppa,clean,none,21,0.97,0.969499562697246,2.8499999999999996
42,ep_twa-ppa,twa_ppa,clean,none,22,0.9696666666666668,0.9691503086488495,2.8483333333333336
42,ep_twa-ppa,twa_ppa,clean,none,23,0.969,0.9684478179837452,2.8449999999999998
42,ep_twa-ppa,twa_ppa,clean,none,24,0.971,0.9705470108875364,2.8549999999999995
42,ep_twa-ppa,twa_ppa,clean,none,25,0.97,0.9694937837858724,2.8499999999999996
42,ep_twa-ppa,twa_ppa,clean,none,26,0.971,0.9705405938015872,2.8549999999999995
42,ep_twa-ppa,twa_ppa,clean,none,27,0.972,0.9715732294228272,2.8599999999999994
42,ep_twa-ppa,twa_ppa,clean,none,28,0.9716666666666668,0.9712247069475703,2.8583333333333343
42,ep_twa-ppa,twa_ppa,clean,none,29,0.9706666666666668,0.9701844308608668,2.8533333333333335
42,ep_twa-ppa,twa_ppa,clean,none,30,0.9693333333333334,0.9687864593745592,2.8466666666666667
42,ep_0,fedavg,adversarial,sign_flipping,1,0.942,0.9416437362385428,2.71
42,ep_0,fedavg,adversarial,sign_flipping,2,0.9443333333333334,0.9447267839741992,2.7216666666666667
42,ep_0,fedavg,adversarial,sign_flipping,3,0.9436666666666668,0.944216395052636,2.7183333333333337
42,ep_0,fedavg,adversarial,sign_flipping,4,0.9483333333333334,0.9484634322540136,2.741666666666667
42,ep_0,fedavg,adversarial,sign_flipping,5,0.9483333333333334,0.9484724802943932,2.741666666666667
42,ep_0,fedavg,adversarial,sign_flipping,6,0.946,0.9460886029947428,2.7299999999999995
42,ep_0,fedavg,adversarial,sign_flipping,7,0.9633333333333334,0.9632856761652075,2.8166666666666664
42,ep_0,fedavg,adversarial,sign_flipping,8,0.9693333333333334,0.9688437504543176,2.8466666666666667
42,ep_0,fedavg,adversarial,sign_flipping,9,0.9596666666666668,0.9585578421292432,2.798333333333334
42,ep_0,fedavg,adversarial,sign_flipping,10,0.9556666666666668,0.9543043671961025,2.778333333333334
42,ep_0,fedavg,adversarial,sign_flipping,11,0.963,0.9621335817147444,2.8149999999999995
42,ep_0,fedavg,adversarial,sign_flipping,12,0.9596666666666668,0.9588062646676528,2.798333333333334
42,ep_0,fedavg,adversarial,sign_flipping,13,0.9533333333333334,0.9521616602621328,2.7666666666666666
42,ep_0,fedavg,adversarial,sign_flipping,14,0.9523333333333334,0.9511094490486744,2.7616666666666667
42,ep_0,fedavg,adversarial,sign_flipping,15,0.9466666666666668,0.945204026863199,2.7333333333333343
42,ep_0,fedavg,adversarial,sign_flipping,16,0.9506666666666668,0.9495196392176636,2.753333333333334
42,ep_0,fedavg,adversarial,sign_flipping,17,0.9606666666666668,0.9596683015153712,2.8033333333333337
42,ep_0,fedavg,adversarial,sign_flipping,18,0.9573333333333334,0.9564886216104148,2.786666666666667
42,ep_0,fedavg,adversarial,sign_flipping,19,0.967,0.9665538265233752,2.835
42,ep_0,fedavg,adversarial,sign_flipping,20,0.968,0.9676057347553032,2.84
42,ep_0,fedavg,adversarial,sign_flipping,21,0.963,0.9624121591124684,2.8149999999999995
42,ep_0,fedavg,adversarial,sign_flipping,22,0.9616666666666668,0.9612333122988304,2.8083333333333336
42,ep_0,fedavg,adversarial,sign_flipping,23,0.9553333333333334,0.9552470298957124,2.7766666666666673
42,ep_0,fedavg,adversarial,sign_flipping,24,0.938,0.9376993881976357,2.6899999999999995
42,ep_0,fedavg,adversarial,sign_flipping,25,0.929,0.928451517073752,2.6450000000000005
42,ep_0,fedavg,adversarial,sign_flipping,26,0.9116666666666666,0.9128150493338848,2.5583333333333336
42,ep_0,fedavg,adversarial,sign_flipping,27,0.691,0.6345322463835208,1.4549999999999996
42,ep_0,fedavg,adversarial,sign_flipping,28,0.7796666666666666,0.7763409336946276,1.898333333333333
42,ep_0,fedavg,adversarial,sign_flipping,29,0.8556666666666667,0.861766100392043,2.2783333333333333
42,ep_0,fedavg,adversarial,sign_flipping,30,0.9043333333333332,0.9038765544475852,2.5216666666666665
42,ep_sdp,static_dp,adversarial,sign_flipping,1,0.4643333333333333,0.3966936883503704,0.32166666666666677
42,ep_sdp,static_dp,adversarial,sign_flipping,2,0.627,0.584632611326305,1.1349999999999998
42,ep_sdp,static_dp,adversarial,sign_flipping,3,0.7926666666666666,0.7546151261338511,1.963333333333333
42,ep_sdp,static_dp,adversarial,sign_flipping,4,0.711,0.6930712731261678,1.5549999999999997
42,ep_sdp,static_dp,adversarial,sign_flipping,5,0.649,0.583985583745182,1.245
42,ep_sdp,static_dp,adversarial,sign_flipping,6,0.8786666666666667,0.8773020465326852,2.3933333333333335
42,ep_sdp,static_dp,adversarial,sign_flipping,7,0.783,0.7622180610338092,1.915
42,ep_sdp,static_dp,adversarial,sign_flipping,8,0.8826666666666667,0.8851276507607903,2.413333333333334
42,ep_sdp,static_dp,adversarial,sign_flipping,9,0.9496666666666668,0.949225143849264,2.748333333333334
42,ep_sdp,static_dp,adversarial,sign_flipping,10,0.8956666666666667,0.8937835120955672,2.4783333333333335
42,ep_sdp,static_dp,adversarial,sign_flipping,11,0.9353333333333332,0.9330653498615952,2.676666666666666
42,ep_sdp,static_dp,adversarial,sign_flipping,12,0.6903333333333334,0.5997479648646343,1.4516666666666667
42,ep_sdp,static_dp,adversarial,sign_flipping,13,0.8136666666666666,0.803361026128771,2.0683333333333334
42,ep_sdp,static_dp,adversarial,sign_flipping,14,0.9176666666666666,0.9172759309234886,2.588333333333333
42,ep_sdp,static_dp,adversarial,sign_flipping,15,0.8663333333333333,0.8679795753568186,2.331666666666666
42,ep_sdp,static_dp,adversarial,sign_flipping,16,0.8376666666666667,0.8304717640321118,2.1883333333333335
42,ep_sdp,static_dp,adversarial,sign_flipping,17,0.7783333333333333,0.7630743771134477,1.8916666666666666
42,ep_sdp,static_dp,adversarial,sign_flipping,18,0.759,0.7582064016627105,1.795
42,ep_sdp,static_dp,adversarial,sign_flipping,19,0.6986666666666667,0.6855934073367375,1.4933333333333332
42,ep_sdp,static_dp,adversarial,sign_flipping,20,0.6916666666666667,0.6709555197126297,1.458333333333333
42,ep_sdp,static_dp,adversarial,sign_flipping,21,0.6936666666666667,0.6800394293182026,1.4683333333333333
42,ep_sdp,static_dp,adversarial,sign_flipping,22,0.6046666666666667,0.603886054611021,1.0233333333333334
42,ep_sdp,static_dp,adversarial,sign_flipping,23,0.6593333333333333,0.6261288123885789,1.2966666666666669
42,ep_sdp,static_dp,adversarial,sign_flipping,24,0.722,0.6860458035002949,1.6099999999999999
42,ep_sdp,static_dp,adversarial,sign_flipping,25,0.7053333333333334,0.6645516440713671,1.5266666666666668
42,ep_sdp,static_dp,adversarial,sign_flipping,26,0.7143333333333334,0.709466306322333,1.5716666666666668
42,ep_sdp,static_dp,adversarial,sign_flipping,27,0.5603333333333333,0.5701351389620084,0.8016666666666667
42,ep_sdp,static_dp,adversarial,sign_flipping,28,0.6106666666666667,0.6092429979712695,1.0533333333333337
42,ep_sdp,static_dp,adversarial,sign_flipping,29,0.6036666666666667,0.5936362898913163,1.0183333333333335
42,ep_sdp,static_dp,adversarial,sign_flipping,30,0.633,0.622530410194722,1.165
42,ep_twa,twa,adversarial,sign_flipping,1,0.9443333333333334,0.9450146291139356,2.7216666666666667
42,ep_twa,twa,adversarial,sign_flipping,2,0.9503333333333334,0.9509654577664436,2.751666666666667
42,ep_twa,twa,adversarial,sign_flipping,3,0.948,0.9486156523772236,2.74
42,ep_twa,twa,adversarial,sign_flipping,4,0.9533333333333334,0.9535037979731738,2.7666666666666666
42,ep_twa,twa,adversarial,sign_flipping,5,0.9666666666666668,0.9667470241897244,2.833333333333334
42,ep_twa,twa,adversarial,sign_flipping,6,0.9796666666666668,0.9795392655413256,2.8983333333333343
42,ep_twa,twa,adversarial,sign_flipping,7,0.9753333333333334,0.975017505139262,2.876666666666667
42,ep_twa,twa,adversarial,sign_flipping,8,0.9706666666666668,0.970178974816528,2.8533333333333335
42,ep_twa,twa,adversarial,sign_flipping,9,0.971,0.9704941678967206,2.8549999999999995
42,ep_twa,twa,adversarial,sign_flipping,10,0.9676666666666668,0.9670075746400416,2.838333333333334
42,ep_twa,twa,adversarial,sign_flipping,11,0.967,0.9663180445383854,2.835
42,ep_twa,twa,adversarial,sign_flipping,12,0.968,0.9673662119616502,2.84
42,ep_twa,twa,adversarial,sign_flipping,13,0.9656666666666668,0.9649341472988088,2.828333333333334
42,ep_twa,twa,adversarial,sign_flipping,14,0.9676666666666668,0.9670481119551204,2.838333333333334
42,ep_twa,twa,adversarial,sign_flipping,15,0.9663333333333334,0.965664326587315,2.831666666666667
42,ep_twa,twa,adversarial,sign_flipping,16,0.9683333333333334,0.9677512008831636,2.841666666666667
42,ep_twa,twa,adversarial,sign_flipping,17,0.9686666666666668,0.9681002566233228,2.8433333333333337
42,ep_twa,twa,adversarial,sign_flipping,18,0.969,0.9684492546301702,2.8449999999999998
42,ep_twa,twa,adversarial,sign_flipping,19,0.9693333333333334,0.9688280354712004,2.8466666666666667
42,ep_twa,twa,adversarial,sign_flipping,20,0.971,0.9705309184546682,2.8549999999999995
42,ep_twa,twa,adversarial,sign_flipping,21,0.972,0.9715753560252974,2.8599999999999994
42,ep_twa,twa,adversarial,sign_flipping,22,0.97,0.9695138506959984,2.8499999999999996
42,ep_twa,twa,adversarial,sign_flipping,23,0.97,0.969507458615042,2.8499999999999996
42,ep_twa,twa,adversarial,sign_flipping,24,0.968,0.9674340638215893,2.84
42,ep_twa,twa,adversarial,sign_flipping,25,0.9673333333333334,0.9667533925567124,2.836666666666667
42,ep_twa,twa,adversarial,sign_flipping,26,0.971,0.9705259556419684,2.8549999999999995
42,ep_twa,twa,adversarial,sign_flipping,27,0.9726666666666668,0.972259765021653,2.863333333333334
42,ep_twa,twa,adversarial,sign_flipping,28,0.9723333333333334,0.9719121925769412,2.8616666666666672
42,ep_twa,twa,adversarial,sign_flipping,29,0.972,0.9715598015337876,2.8599999999999994
42,ep_twa,twa,adversarial,sign_flipping,30,0.9726666666666668,0.9722379468935678,2.863333333333334
42,ep_ppa,ppa,adversarial,sign_flipping,1,0.942,0.9416437362385428,2.71
42,ep_ppa,ppa,adversarial,sign_flipping,2,0.9443333333333334,0.9447267839741992,2.7216666666666667
42,ep_ppa,ppa,adversarial,sign_flipping,3,0.9436666666666668,0.944216395052636,2.7183333333333337
42,ep_ppa,ppa,adversarial,sign_flipping,4,0.9483333333333334,0.9484634322540136,2.741666666666667
42,ep_ppa,ppa,adversarial,sign_flipping,5,0.9483333333333334,0.9484724802943932,2.741666666666667
42,ep_ppa,ppa,adversarial,sign_flipping,6,0.946,0.9460886029947428,2.7299999999999995
42,ep_ppa,ppa,adversarial,sign_flipping,7,0.9633333333333334,0.9632856761652075,2.8166666666666664
42,ep_ppa,ppa,adversarial,sign_flipping,8,0.9693333333333334,0.9688437504543176,2.8466666666666667
42,ep_ppa,ppa,adversarial,sign_flipping,9,0.9596666666666668,0.9585578421292432,2.798333333333334
42,ep_ppa,ppa,adversarial,sign_flipping,10,0.9563333333333334,0.9550194555058384,2.781666666666667
42,ep_ppa,ppa,adversarial,sign_flipping,11,0.9633333333333334,0.9624855396299734,2.8166666666666664
42,ep_ppa,ppa,adversarial,sign_flipping,12,0.9596666666666668,0.9588062646676528,2.798333333333334
42,ep_ppa,ppa,adversarial,sign_flipping,13,0.9526666666666668,0.9514503698716208,2.7633333333333336
42,ep_ppa,ppa,adversarial,sign_flipping,14,0.9526666666666668,0.9514662583890277,2.7633333333333336
42,ep_ppa,ppa,adversarial,sign_flipping,15,0.948,0.946673465334854,2.74
42,ep_ppa,ppa,adversarial,sign_flipping,16,0.9513333333333334,0.9502457678231604,2.756666666666667
42,ep_ppa,ppa,adversarial,sign_flipping,17,0.9623333333333334,0.9614458811283074,2.8116666666666665
42,ep_ppa,ppa,adversarial,sign_flipping,18,0.957,0.9561399511040136,2.785
42,ep_ppa,ppa,adversarial,sign_flipping,19,0.9673333333333334,0.9669040957129212,2.836666666666667
42,ep_ppa,ppa,adversarial,sign_flipping,20,0.9663333333333334,0.9658659944230558,2.831666666666667
42,ep_ppa,ppa,adversarial,sign_flipping,21,0.964,0.9634409272640962,2.8200000000000003
42,ep_ppa,ppa,adversarial,sign_flipping,22,0.9616666666666668,0.9612464155178104,2.8083333333333336
42,ep_ppa,ppa,adversarial,sign_flipping,23,0.957,0.9569214186833068,2.785
42,ep_ppa,ppa,adversarial,sign_flipping,24,0.9383333333333334,0.93800236769007,2.6916666666666664
42,ep_ppa,ppa,adversarial,sign_flipping,25,0.9286666666666666,0.9281481942917688,2.6433333333333335
42,ep_ppa,ppa,adversarial,sign_flipping,26,0.914,0.9145215211435328,2.5700000000000003
42,ep_ppa,ppa,adversarial,sign_flipping,27,0.693,0.6432695837071961,1.4649999999999999
42,ep_ppa,ppa,adversarial,sign_flipping,28,0.809,0.8107076124462965,2.045
42,ep_ppa,ppa,adversarial,sign_flipping,29,0.8803333333333333,0.8816583754722095,2.4016666666666664
42,ep_ppa,ppa,adversarial,sign_flipping,30,0.8903333333333333,0.8897252632063944,2.451666666666666
42,ep_sdp-ppa,sdp_ppa,adversarial,sign_flipping,1,0.4643333333333333,0.3966936883503704,0.32166666666666677
42,ep_sdp-ppa,sdp_ppa,adversarial,sign_flipping,2,0.627,0.584632611326305,1.1349999999999998
42,ep_sdp-ppa,sdp_ppa,adversarial,sign_flipping,3,0.7926666666666666,0.7546151261338511,1.963333333333333
42,ep_sdp-ppa,sdp_ppa,adversarial,sign_flipping,4,0.7106666666666667,0.6925787693757809,1.5533333333333332
42,ep_sdp-ppa,sdp_ppa,adversarial,sign_flipping,5,0.649,0.583985583745182,1.245
42,ep_sdp-ppa,sdp_ppa,adversarial,sign_flipping,6,0.8786666666666667,0.8773020465326852,2.3933333333333335
42,ep_sdp-ppa,sdp_ppa,adversarial,sign_flipping,7,0.783,0.7622180610338092,1.915
42,ep_sdp-ppa,sdp_ppa,adversarial,sign_flipping,8,0.8826666666666667,0.8851276507607903,2.413333333333334
42,ep_sdp-ppa,sdp_ppa,adversarial,sign_flipping,9,0.9496666666666668,0.949225143849264,2.748333333333334
42,ep_sdp-ppa,sdp_ppa,adversarial,sign_flipping,10,0.8956666666666667,0.8937835120955672,2.4783333333333335
42,ep_sdp-ppa,sdp_ppa,adversarial,sign_flipping,11,0.9356666666666666,0.9333947323151136,2.678333333333333
42,ep_sdp-ppa,sdp_ppa,adversarial,sign_flipping,12,0.69,0.5994219633472601,1.4499999999999997
42,ep_sdp-ppa,sdp_ppa,adversarial,sign_flipping,13,0.8166666666666667,0.8061496446459628,2.083333333333333
42,ep_sdp-ppa,sdp_ppa,adversarial,sign_flipping,14,0.9196666666666666,0.9193069411150198,2.5983333333333327
42,ep_sdp-ppa,sdp_ppa,adversarial,sign_flipping,15,0.8666666666666667,0.868271697024971,2.333333333333334
42,ep_sdp-ppa,sdp_ppa,adversarial,sign_flipping,16,0.8376666666666667,0.830897044613334,2.1883333333333335
42,ep_sdp-ppa,sdp_ppa,adversarial,sign_flipping,17,0.7823333333333333,0.7667790098264435,1.9116666666666666
42,ep_sdp-ppa,sdp_ppa,adversarial,sign_flipping,18,0.7593333333333333,0.7589221566802169,1.7966666666666664
42,ep_sdp-ppa,sdp_ppa,adversarial,sign_flipping,19,0.7196666666666667,0.7114395411321619,1.5983333333333336
42,ep_sdp-ppa,sdp_ppa,adversarial,sign_flipping,20,0.681,0.6569722251249317,1.4050000000000002
42,ep_sdp-ppa,sdp_ppa,adversarial,sign_flipping,21,0.6913333333333334,0.6773248512190106,1.456666666666667
42,ep_sdp-ppa,sdp_ppa,adversarial,sign_flipping,22,0.605,0.6045873862646058,1.025
42,ep_sdp-ppa,sdp_ppa,adversarial,sign_flipping,23,0.6713333333333333,0.6386502517449739,1.3566666666666665
42,ep_sdp-ppa,sdp_ppa,adversarial,sign_flipping,24,0.7153333333333334,0.6745019320343587,1.576666666666667
42,ep_sdp-ppa,sdp_ppa,adversarial,sign_flipping,25,0.7066666666666667,0.6636414571913198,1.5333333333333332
42,ep_sdp-ppa,sdp_ppa,adversarial,sign_flipping,26,0.7136666666666667,0.709559436572907,1.5683333333333334
42,ep_sdp-ppa,sdp_ppa,adversarial,sign_flipping,27,0.5646666666666667,0.573955139137211,0.8233333333333333
42,ep_sdp-ppa,sdp_ppa,adversarial,sign_flipping,28,0.6226666666666667,0.6242290150630139,1.1133333333333333
42,ep_sdp-ppa,sdp_ppa,adversarial,sign_flipping,29,0.6023333333333334,0.5923894625677216,1.0116666666666667
42,ep_sdp-ppa,sdp_ppa,adversarial,sign_flipping,30,0.625,0.6123285921647164,1.125
42,ep_twa-ppa,twa_ppa,adversarial,sign_flipping,1,0.9443333333333334,0.9450146291139356,2.7216666666666667
42,ep_twa-ppa,twa_ppa,adversarial,sign_flipping,2,0.9503333333333334,0.9509654577664436,2.751666666666667
42,ep_twa-ppa,twa_ppa,adversarial,sign_flipping,3,0.948,0.9486156523772236,2.74
42,ep_twa-ppa,twa_ppa,adversarial,sign_flipping,4,0.9533333333333334,0.9535037979731738,2.7666666666666666
42,ep_twa-ppa,twa_ppa,adversarial,sign_flipping,5,0.9666666666666668,0.9667470241897244,2.833333333333334
42,ep_twa-ppa,twa_ppa,adversarial,sign_flipping,6,0.9796666666666668,0.9795392655413256,2.8983333333333343
42,ep_twa-ppa,twa_ppa,adversarial,sign_flipping,7,0.9753333333333334,0.975017505139262,2.876666666666667
42,ep_twa-ppa,twa_ppa,adversarial,sign_flipping,8,0.9706666666666668,0.970178974816528,2.8533333333333335
42,ep_twa-ppa,twa_ppa,adversarial,sign_flipping,9,0.971,0.9704941678967206,2.8549999999999995
42,ep_twa-ppa,twa_ppa,adversarial,sign_flipping,10,0.9676666666666668,0.9670075746400416,2.838333333333334
42,ep_twa-ppa,twa_ppa,adversarial,sign_flipping,11,0.9673333333333334,0.966669214388129,2.836666666666667
42,ep_twa-ppa,twa_ppa,adversarial,sign_flipping,12,0.968,0.9673662119616502,2.84
42,ep_twa-ppa,twa_ppa,adversarial,sign_flipping,13,0.9656666666666668,0.9649341472988088,2.828333333333334
42,ep_twa-ppa,twa_ppa,adversarial,sign_flipping,14,0.9676666666666668,0.9670481119551204,2.838333333333334
42,ep_twa-ppa,twa_ppa,adversarial,sign_flipping,15,0.9663333333333334,0.965664326587315,2.831666666666667
42,ep_twa-ppa,twa_ppa,adversarial,sign_flipping,16,0.969,0.9684492546301702,2.8449999999999998
42,ep_twa-ppa,twa_ppa,adversarial,sign_flipping,17,0.969,0.9684492546301702,2.8449999999999998
42,ep_twa-ppa,twa_ppa,adversarial,sign_flipping,18,0.9686666666666668,0.9681002566233228,2.8433333333333337
42,ep_twa-ppa,twa_ppa,adversarial,sign_flipping,19,0.97,0.969507458615042,2.8499999999999996
42,ep_twa-ppa,twa_ppa,adversarial,sign_flipping,20,0.971,0.970536294948968,2.8549999999999995
42,ep_twa-ppa,twa_ppa,adversarial,sign_flipping,21,0.972,0.9715753560252974,2.8599999999999994
42,ep_twa-ppa,twa_ppa,adversarial,sign_flipping,22,0.97,0.9695138506959984,2.8499999999999996
42,ep_twa-ppa,twa_ppa,adversarial,sign_flipping,23,0.97,0.969507458615042,2.8499999999999996
42,ep_twa-ppa,twa_ppa,adversarial,sign_flipping,24,0.968,0.967440828808574,2.84
42,ep_twa-ppa,twa_ppa,adversarial,sign_flipping,25,0.9673333333333334,0.9667533925567124,2.836666666666667
42,ep_twa-ppa,twa_ppa,adversarial,sign_flipping,26,0.9713333333333334,0.9708691793989752,2.8566666666666674
42,ep_twa-ppa,twa_ppa,adversarial,sign_flipping,27,0.9736666666666668,0.9733022001047164,2.868333333333334
42,ep_twa-ppa,twa_ppa,adversarial,sign_flipping,28,0.9723333333333334,0.9719121925769412,2.8616666666666672
42,ep_twa-ppa,twa_ppa,adversarial,sign_flipping,29,0.972,0.9715598015337876,2.8599999999999994
42,ep_twa-ppa,twa_ppa,adversarial,sign_flipping,30,0.9723333333333334,0.971894755165443,2.8616666666666672
42,ep_0,fedavg,adversarial,random_noise_byzantine,1,0.9446666666666668,0.945081248815162,2.7233333333333336
42,ep_0,fedavg,adversarial,random_noise_byzantine,2,0.9493333333333334,0.9499846048931954,2.746666666666667
42,ep_0,fedavg,adversarial,random_noise_byzantine,3,0.948,0.9486335596802186,2.74
42,ep_0,fedavg,adversarial,random_noise_byzantine,4,0.9486666666666668,0.9491066859990728,2.743333333333334
42,ep_0,fedavg,adversarial,random_noise_byzantine,5,0.9653333333333334,0.9654358248128126,2.826666666666667
42,ep_0,fedavg,adversarial,random_noise_byzantine,6,0.9736666666666668,0.9736387727098406,2.868333333333334
42,ep_0,fedavg,adversarial,random_noise_byzantine,7,0.9813333333333332,0.9812025653207496,2.9066666666666663
42,ep_0,fedavg,adversarial,random_noise_byzantine,8,0.9706666666666668,0.970178974816528,2.8533333333333335
42,ep_0,fedavg,adversarial,random_noise_byzantine,9,0.9653333333333334,0.9645482592741312,2.826666666666667
42,ep_0,fedavg,adversarial,random_noise_byzantine,10,0.9666666666666668,0.965961667890219,2.833333333333334
42,ep_0,fedavg,adversarial,random_noise_byzantine,11,0.9693333333333334,0.9689177853818168,2.8466666666666667
42,ep_0,fedavg,adversarial,random_noise_byzantine,12,0.968,0.9675277481114332,2.84
42,ep_0,fedavg,adversarial,random_noise_byzantine,13,0.9666666666666668,0.9661680481000264,2.833333333333334
42,ep_0,fedavg,adversarial,random_noise_byzantine,14,0.9623333333333334,0.9617030974316092,2.8116666666666665
42,ep_0,fedavg,adversarial,random_noise_byzantine,15,0.9643333333333334,0.9636387954765911,2.821666666666667
42,ep_0,fedavg,adversarial,random_noise_byzantine,16,0.9693333333333334,0.9688212440716538,2.8466666666666667
42,ep_0,fedavg,adversarial,random_noise_byzantine,17,0.9656666666666668,0.9650701771123332,2.828333333333334
42,ep_0,fedavg,adversarial,random_noise_byzantine,18,0.956,0.9555867289126374,2.7799999999999994
42,ep_0,fedavg,adversarial,random_noise_byzantine,19,0.965,0.9643618399608268,2.825
42,ep_0,fedavg,adversarial,random_noise_byzantine,20,0.962,0.961445458306032,2.8099999999999996
42,ep_0,fedavg,adversarial,random_noise_byzantine,21,0.952,0.9520106775495164,2.76
42,ep_0,fedavg,adversarial,random_noise_byzantine,22,0.9476666666666668,0.9477299686024852,2.738333333333334
42,ep_0,fedavg,adversarial,random_noise_byzantine,23,0.9186666666666666,0.9208198905587162,2.593333333333333
42,ep_0,fedavg,adversarial,random_noise_byzantine,24,0.6836666666666666,0.6559817543874963,1.418333333333333
42,ep_0,fedavg,adversarial,random_noise_byzantine,25,0.7166666666666667,0.7051364379463786,1.5833333333333335
42,ep_0,fedavg,adversarial,random_noise_byzantine,26,0.6506666666666666,0.6080091927174992,1.253333333333333
42,ep_0,fedavg,adversarial,random_noise_byzantine,27,0.821,0.8299344434272523,2.1049999999999995
42,ep_0,fedavg,adversarial,random_noise_byzantine,28,0.6516666666666666,0.5933248123401342,1.2583333333333329
42,ep_0,fedavg,adversarial,random_noise_byzantine,29,0.3393333333333333,0.2394512348740497,-0.30333333333333345
42,ep_0,fedavg,adversarial,random_noise_byzantine,30,0.3036666666666666,0.1932302064992375,-0.48166666666666713
42,ep_sdp,static_dp,adversarial,random_noise_byzantine,1,0.574,0.5512794848646629,0.8699999999999997
42,ep_sdp,static_dp,adversarial,random_noise_byzantine,2,0.5396666666666666,0.5197004308213068,0.6983333333333333
42,ep_sdp,static_dp,adversarial,random_noise_byzantine,3,0.5816666666666667,0.5931383121639942,0.9083333333333332
42,ep_sdp,static_dp,adversarial,random_noise_byzantine,4,0.5536666666666666,0.4792517202607089,0.7683333333333331
42,ep_sdp,static_dp,adversarial,random_noise_byzantine,5,0.7366666666666667,0.7424491047718816,1.6833333333333336
42,ep_sdp,static_dp,adversarial,random_noise_byzantine,6,0.953,0.9527329819364192,2.7649999999999997
42,ep_sdp,static_dp,adversarial,random_noise_byzantine,7,0.9666666666666668,0.9663920082928568,2.833333333333334
42,ep_sdp,static_dp,adversarial,random_noise_byzantine,8,0.9406666666666668,0.9393431229484356,2.703333333333334
42,ep_sdp,static_dp,adversarial,random_noise_byzantine,9,0.9283333333333332,0.9243798587381556,2.6416666666666657
42,ep_sdp,static_dp,adversarial,random_noise_byzantine,10,0.9493333333333334,0.9483026971320576,2.746666666666667
42,ep_sdp,static_dp,adversarial,random_noise_byzantine,11,0.9616666666666668,0.9611297186912648,2.8083333333333336
42,ep_sdp,static_dp,adversarial,random_noise_byzantine,12,0.926,0.9216755863800709,2.63
42,ep_sdp,static_dp,adversarial,random_noise_byzantine,13,0.9223333333333332,0.9173346163867924,2.6116666666666664
42,ep_sdp,static_dp,adversarial,random_noise_byzantine,14,0.9503333333333334,0.9498324959006544,2.751666666666667
42,ep_sdp,static_dp,adversarial,random_noise_byzantine,15,0.778,0.7756177986277385,1.8900000000000001
42,ep_sdp,static_dp,adversarial,random_noise_byzantine,16,0.699,0.6895283417640612,1.4949999999999997
42,ep_sdp,static_dp,adversarial,random_noise_byzantine,17,0.725,0.7198484645820395,1.625
42,ep_sdp,static_dp,adversarial,random_noise_byzantine,18,0.8016666666666666,0.8009838989205289,2.008333333333333
42,ep_sdp,static_dp,adversarial,random_noise_byzantine,19,0.772,0.7706535242093564,1.8600000000000003
42,ep_sdp,static_dp,adversarial,random_noise_byzantine,20,0.74,0.7336321425834311,1.7000000000000002
42,ep_sdp,static_dp,adversarial,random_noise_byzantine,21,0.5543333333333333,0.5428263577187822,0.7716666666666665
42,ep_sdp,static_dp,adversarial,random_noise_byzantine,22,0.486,0.4462266794697384,0.4299999999999997
42,ep_sdp,static_dp,adversarial,random_noise_byzantine,23,0.7683333333333333,0.7539431425305109,1.8416666666666668
42,ep_sdp,static_dp,adversarial,random_noise_byzantine,24,0.7126666666666667,0.7011433162490855,1.5633333333333335
42,ep_sdp,static_dp,adversarial,random_noise_byzantine,25,0.767,0.7629968158740271,1.835
42,ep_sdp,static_dp,adversarial,random_noise_byzantine,26,0.6583333333333333,0.6580775887405699,1.2916666666666665
42,ep_sdp,static_dp,adversarial,random_noise_byzantine,27,0.8163333333333334,0.8157237437395155,2.081666666666667
42,ep_sdp,static_dp,adversarial,random_noise_byzantine,28,0.725,0.7174345582793945,1.625
42,ep_sdp,static_dp,adversarial,random_noise_byzantine,29,0.7656666666666667,0.7729932912320369,1.8283333333333336
42,ep_sdp,static_dp,adversarial,random_noise_byzantine,30,0.841,0.8410880195513637,2.205
42,ep_twa,twa,adversarial,random_noise_byzantine,1,0.946,0.9466908351339628,2.7299999999999995
42,ep_twa,twa,adversarial,random_noise_byzantine,2,0.9503333333333334,0.9509873850493747,2.751666666666667
42,ep_twa,twa,adversarial,random_noise_byzantine,3,0.948,0.9486156523772236,2.74
42,ep_twa,twa,adversarial,random_noise_byzantine,4,0.951,0.9513904365123584,2.755
42,ep_twa,twa,adversarial,random_noise_byzantine,5,0.974,0.974004167143721,2.87
42,ep_twa,twa,adversarial,random_noise_byzantine,6,0.981,0.9808717860462076,2.9050000000000002
42,ep_twa,twa,adversarial,random_noise_byzantine,7,0.976,0.9756931491859514,2.88
42,ep_twa,twa,adversarial,random_noise_byzantine,8,0.9723333333333334,0.9719052833168246,2.8616666666666672
42,ep_twa,twa,adversarial,random_noise_byzantine,9,0.972,0.9715348448264828,2.8599999999999994
42,ep_twa,twa,adversarial,random_noise_byzantine,10,0.9693333333333334,0.9687491460716008,2.8466666666666667
42,ep_twa,twa,adversarial,random_noise_byzantine,11,0.969,0.9684217246321148,2.8449999999999998
42,ep_twa,twa,adversarial,random_noise_byzantine,12,0.9706666666666668,0.9701650999281834,2.8533333333333335
42,ep_twa,twa,adversarial,random_noise_byzantine,13,0.9683333333333334,0.9678880322510428,2.841666666666667
42,ep_twa,twa,adversarial,random_noise_byzantine,14,0.9673333333333334,0.966845364301411,2.836666666666667
42,ep_twa,twa,adversarial,random_noise_byzantine,15,0.967,0.9665063937213638,2.835
42,ep_twa,twa,adversarial,random_noise_byzantine,16,0.9683333333333334,0.9678967756539394,2.841666666666667
42,ep_twa,twa,adversarial,random_noise_byzantine,17,0.968,0.9675494802334446,2.84
42,ep_twa,twa,adversarial,random_noise_byzantine,18,0.9683333333333334,0.9678967756539394,2.841666666666667
42,ep_twa,twa,adversarial,random_noise_byzantine,19,0.9713333333333334,0.9708762849704669,2.8566666666666674
42,ep_twa,twa,adversarial,random_noise_byzantine,20,0.9713333333333334,0.9708762849704669,2.8566666666666674
42,ep_twa,twa,adversarial,random_noise_byzantine,21,0.972,0.9715667045281072,2.8599999999999994
42,ep_twa,twa,adversarial,random_noise_byzantine,22,0.971,0.9705259556419684,2.8549999999999995
42,ep_twa,twa,adversarial,random_noise_byzantine,23,0.971,0.9705259556419684,2.8549999999999995
42,ep_twa,twa,adversarial,random_noise_byzantine,24,0.9703333333333334,0.9698320300452284,2.8516666666666666
42,ep_twa,twa,adversarial,random_noise_byzantine,25,0.9703333333333334,0.9698320300452284,2.8516666666666666
42,ep_twa,twa,adversarial,random_noise_byzantine,26,0.9713333333333334,0.9708762849704669,2.8566666666666674
42,ep_twa,twa,adversarial,random_noise_byzantine,27,0.9713333333333334,0.9708762849704669,2.8566666666666674
42,ep_twa,twa,adversarial,random_noise_byzantine,28,0.9713333333333334,0.970854277164011,2.8566666666666674
42,ep_twa,twa,adversarial,random_noise_byzantine,29,0.9703333333333334,0.9698298295006104,2.8516666666666666
42,ep_twa,twa,adversarial,random_noise_byzantine,30,0.9703333333333334,0.9698632644892876,2.8516666666666666
42,ep_ppa,ppa,adversarial,random_noise_byzantine,1,0.9446666666666668,0.945081248815162,2.7233333333333336
42,ep_ppa,ppa,adversarial,random_noise_byzantine,2,0.9493333333333334,0.9499846048931954,2.746666666666667
42,ep_ppa,ppa,adversarial,random_noise_byzantine,3,0.948,0.9486335596802186,2.74
42,ep_ppa,ppa,adversarial,random_noise_byzantine,4,0.9486666666666668,0.9491066859990728,2.743333333333334
42,ep_ppa,ppa,adversarial,random_noise_byzantine,5,0.9653333333333334,0.9654358248128126,2.826666666666667
42,ep_ppa,ppa,adversarial,random_noise_byzantine,6,0.9736666666666668,0.9736387727098406,2.868333333333334
42,ep_ppa,ppa,adversarial,random_noise_byzantine,7,0.9813333333333332,0.9812025653207496,2.9066666666666663
42,ep_ppa,ppa,adversarial,random_noise_byzantine,8,0.9706666666666668,0.970178974816528,2.8533333333333335
42,ep_ppa,ppa,adversarial,random_noise_byzantine,9,0.9653333333333334,0.9645482592741312,2.826666666666667
42,ep_ppa,ppa,adversarial,random_noise_byzantine,10,0.9666666666666668,0.965961667890219,2.833333333333334
42,ep_ppa,ppa,adversarial,random_noise_byzantine,11,0.9693333333333334,0.9689177853818168,2.8466666666666667
42,ep_ppa,ppa,adversarial,random_noise_byzantine,12,0.968,0.967529610788952,2.84
42,ep_ppa,ppa,adversarial,random_noise_byzantine,13,0.9666666666666668,0.9661680481000264,2.833333333333334
42,ep_ppa,ppa,adversarial,random_noise_byzantine,14,0.9616666666666668,0.9610147921519152,2.8083333333333336
42,ep_ppa,ppa,adversarial,random_noise_byzantine,15,0.9643333333333334,0.9636387954765911,2.821666666666667
42,ep_ppa,ppa,adversarial,random_noise_byzantine,16,0.969,0.96847803685387,2.8449999999999998
42,ep_ppa,ppa,adversarial,random_noise_byzantine,17,0.9653333333333334,0.9647267541930288,2.826666666666667
42,ep_ppa,ppa,adversarial,random_noise_byzantine,18,0.9556666666666668,0.9552457677326244,2.778333333333334
42,ep_ppa,ppa,adversarial,random_noise_byzantine,19,0.965,0.9643431220869316,2.825
42,ep_ppa,ppa,adversarial,random_noise_byzantine,20,0.962,0.9614291223524992,2.8099999999999996
42,ep_ppa,ppa,adversarial,random_noise_byzantine,21,0.9506666666666668,0.950660042399668,2.753333333333334
42,ep_ppa,ppa,adversarial,random_noise_byzantine,22,0.947,0.947025500452682,2.7349999999999994
42,ep_ppa,ppa,adversarial,random_noise_byzantine,23,0.9176666666666666,0.9198500419854702,2.588333333333333
42,ep_ppa,ppa,adversarial,random_noise_byzantine,24,0.6826666666666666,0.6551565573967412,1.413333333333333
42,ep_ppa,ppa,adversarial,random_noise_byzantine,25,0.713,0.7025242574320728,1.565
42,ep_ppa,ppa,adversarial,random_noise_byzantine,26,0.6593333333333333,0.6268701572338777,1.2966666666666669
42,ep_ppa,ppa,adversarial,random_noise_byzantine,27,0.8433333333333334,0.8519057469871104,2.216666666666667
42,ep_ppa,ppa,adversarial,random_noise_byzantine,28,0.6546666666666666,0.5957169975754686,1.273333333333333
42,ep_ppa,ppa,adversarial,random_noise_byzantine,29,0.3336666666666666,0.2327014713963769,-0.331666666666667
42,ep_ppa,ppa,adversarial,random_noise_byzantine,30,0.2973333333333333,0.1838499571765709,-0.5133333333333336
42,ep_sdp-ppa,sdp_ppa,adversarial,random_noise_byzantine,1,0.574,0.5512794848646629,0.8699999999999997
42,ep_sdp-ppa,sdp_ppa,adversarial,random_noise_byzantine,2,0.5396666666666666,0.5195115793000349,0.6983333333333333
42,ep_sdp-ppa,sdp_ppa,adversarial,random_noise_byzantine,3,0.582,0.5934252905180575,0.9099999999999997
42,ep_sdp-ppa,sdp_ppa,adversarial,random_noise_byzantine,4,0.5533333333333333,0.4790132283512074,0.7666666666666666
42,ep_sdp-ppa,sdp_ppa,adversarial,random_noise_byzantine,5,0.7363333333333333,0.7421697710182003,1.6816666666666666
42,ep_sdp-ppa,sdp_ppa,adversarial,random_noise_byzantine,6,0.953,0.9527329819364192,2.7649999999999997
42,ep_sdp-ppa,sdp_ppa,adversarial,random_noise_byzantine,7,0.9666666666666668,0.9663920082928568,2.833333333333334
42,ep_sdp-ppa,sdp_ppa,adversarial,random_noise_byzantine,8,0.9406666666666668,0.9393431229484356,2.703333333333334
42,ep_sdp-ppa,sdp_ppa,adversarial,random_noise_byzantine,9,0.928,0.9240027900918212,2.6400000000000006
42,ep_sdp-ppa,sdp_ppa,adversarial,random_noise_byzantine,10,0.949,0.947953264515712,2.745
42,ep_sdp-ppa,sdp_ppa,adversarial,random_noise_byzantine,11,0.9616666666666668,0.9611297186912648,2.8083333333333336
42,ep_sdp-ppa,sdp_ppa,adversarial,random_noise_byzantine,12,0.926,0.9216755863800709,2.63
42,ep_sdp-ppa,sdp_ppa,adversarial,random_noise_byzantine,13,0.9223333333333332,0.9173346163867924,2.6116666666666664
42,ep_sdp-ppa,sdp_ppa,adversarial,random_noise_byzantine,14,0.9503333333333334,0.9498394643900354,2.751666666666667
42,ep_sdp-ppa,sdp_ppa,adversarial,random_noise_byzantine,15,0.779,0.7770136117536767,1.895
42,ep_sdp-ppa,sdp_ppa,adversarial,random_noise_byzantine,16,0.697,0.6836664355929472,1.4849999999999999
42,ep_sdp-ppa,sdp_ppa,adversarial,random_noise_byzantine,17,0.7226666666666667,0.7173945517173468,1.6133333333333333
42,ep_sdp-ppa,sdp_ppa,adversarial,random_noise_byzantine,18,0.8,0.7994285127067999,2.0
42,ep_sdp-ppa,sdp_ppa,adversarial,random_noise_byzantine,19,0.769,0.7643124193818407,1.8450000000000002
42,ep_sdp-ppa,sdp_ppa,adversarial,random_noise_byzantine,20,0.7423333333333333,0.7360875041144078,1.7116666666666664
42,ep_sdp-ppa,sdp_ppa,adversarial,random_noise_byzantine,21,0.553,0.5425578910298227,0.7650000000000001
42,ep_sdp-ppa,sdp_ppa,adversarial,random_noise_byzantine,22,0.4826666666666667,0.4426458952789635,0.41333333333333355
42,ep_sdp-ppa,sdp_ppa,adversarial,random_noise_byzantine,23,0.7626666666666667,0.7487224094658056,1.8133333333333335
42,ep_sdp-ppa,sdp_ppa,adversarial,random_noise_byzantine,24,0.7083333333333334,0.6941821298436568,1.541666666666667
42,ep_sdp-ppa,sdp_ppa,adversarial,random_noise_byzantine,25,0.7643333333333333,0.759911014523795,1.8216666666666663
42,ep_sdp-ppa,sdp_ppa,adversarial,random_noise_byzantine,26,0.6616666666666666,0.6623068328298596,1.3083333333333331
42,ep_sdp-ppa,sdp_ppa,adversarial,random_noise_byzantine,27,0.808,0.8081622051416152,2.04
42,ep_sdp-ppa,sdp_ppa,adversarial,random_noise_byzantine,28,0.725,0.7168675204975945,1.625
42,ep_sdp-ppa,sdp_ppa,adversarial,random_noise_byzantine,29,0.751,0.7583668437479768,1.755
42,ep_sdp-ppa,sdp_ppa,adversarial,random_noise_byzantine,30,0.8663333333333333,0.8658582322677999,2.331666666666666
42,ep_twa-ppa,twa_ppa,adversarial,random_noise_byzantine,1,0.946,0.9466908351339628,2.7299999999999995
42,ep_twa-ppa,twa_ppa,adversarial,random_noise_byzantine,2,0.9503333333333334,0.9509873850493747,2.751666666666667
42,ep_twa-ppa,twa_ppa,adversarial,random_noise_byzantine,3,0.948,0.9486156523772236,2.74
42,ep_twa-ppa,twa_ppa,adversarial,random_noise_byzantine,4,0.951,0.9513904365123584,2.755
42,ep_twa-ppa,twa_ppa,adversarial,random_noise_byzantine,5,0.974,0.974004167143721,2.87
42,ep_twa-ppa,twa_ppa,adversarial,random_noise_byzantine,6,0.981,0.9808717860462076,2.9050000000000002
42,ep_twa-ppa,twa_ppa,adversarial,random_noise_byzantine,7,0.976,0.9756931491859514,2.88
42,ep_twa-ppa,twa_ppa,adversarial,random_noise_byzantine,8,0.9723333333333334,0.9719052833168246,2.8616666666666672
42,ep_twa-ppa,twa_ppa,adversarial,random_noise_byzantine,9,0.972,0.9715348448264828,2.8599999999999994
42,ep_twa-ppa,twa_ppa,adversarial,random_noise_byzantine,10,0.9693333333333334,0.9687491460716008,2.8466666666666667
42,ep_twa-ppa,twa_ppa,adversarial,random_noise_byzantine,11,0.9693333333333334,0.9687717093088242,2.8466666666666667
42,ep_twa-ppa,twa_ppa,adversarial,random_noise_byzantine,12,0.9706666666666668,0.9701650999281834,2.8533333333333335
42,ep_twa-ppa,twa_ppa,adversarial,random_noise_byzantine,13,0.9683333333333334,0.9678880322510428,2.841666666666667
42,ep_twa-ppa,twa_ppa,adversarial,random_noise_byzantine,14,0.9676666666666668,0.9671929692803396,2.838333333333334
42,ep_twa-ppa,twa_ppa,adversarial,random_noise_byzantine,15,0.967,0.9665063937213638,2.835
42,ep_twa-ppa,twa_ppa,adversarial,random_noise_byzantine,16,0.972,0.9715667045281072,2.8599999999999994
42,ep_twa-ppa,twa_ppa,adversarial,random_noise_byzantine,17,0.968,0.9675494802334446,2.84
42,ep_twa-ppa,twa_ppa,adversarial,random_noise_byzantine,18,0.972,0.9715667045281072,2.8599999999999994
42,ep_twa-ppa,twa_ppa,adversarial,random_noise_byzantine,19,0.9713333333333334,0.9708762849704669,2.8566666666666674
42,ep_twa-ppa,twa_ppa,adversarial,random_noise_byzantine,20,0.9713333333333334,0.9708762849704669,2.8566666666666674
42,ep_twa-ppa,twa_ppa,adversarial,random_noise_byzantine,21,0.972,0.9715667045281072,2.8599999999999994
42,ep_twa-ppa,twa_ppa,adversarial,random_noise_byzantine,22,0.971,0.9705259556419684,2.8549999999999995
42,ep_twa-ppa,twa_ppa,adversarial,random_noise_byzantine,23,0.9706666666666668,0.9701826704658364,2.8533333333333335
42,ep_twa-ppa,twa_ppa,adversarial,random_noise_byzantine,24,0.9703333333333334,0.9698320300452284,2.8516666666666666
42,ep_twa-ppa,twa_ppa,adversarial,random_noise_byzantine,25,0.9703333333333334,0.9698320300452284,2.8516666666666666
42,ep_twa-ppa,twa_ppa,adversarial,random_noise_byzantine,26,0.971,0.9705259556419684,2.8549999999999995
42,ep_twa-ppa,twa_ppa,adversarial,random_noise_byzantine,27,0.9713333333333334,0.9708762849704669,2.8566666666666674
42,ep_twa-ppa,twa_ppa,adversarial,random_noise_byzantine,28,0.9713333333333334,0.970854277164011,2.8566666666666674
42,ep_twa-ppa,twa_ppa,adversarial,random_noise_byzantine,29,0.9703333333333334,0.9698298295006104,2.8516666666666666
42,ep_twa-ppa,twa_ppa,adversarial,random_noise_byzantine,30,0.9703333333333334,0.9698632644892876,2.8516666666666666
42,ep_0,fedavg,adversarial,model_replacement,1,0.007,0.005352228730649,-1.965
42,ep_0,fedavg,adversarial,model_replacement,2,0.0073333333333333,0.0045548654244306,-1.9633333333333336
42,ep_0,fedavg,adversarial,model_replacement,3,0.0073333333333333,0.0036581310276022,-1.9633333333333336
42,ep_0,fedavg,adversarial,model_replacement,4,0.0303333333333333,0.0147727272727272,-1.8483333333333336
42,ep_0,fedavg,adversarial,model_replacement,5,0.0303333333333333,0.0147679324894514,-1.8483333333333336
42,ep_0,fedavg,adversarial,model_replacement,6,0.0303333333333333,0.0147583522542977,-1.8483333333333336
42,ep_0,fedavg,adversarial,model_replacement,7,0.1616666666666666,0.0697440322116767,-1.1916666666666669
42,ep_0,fedavg,adversarial,model_replacement,8,0.1616666666666666,0.0697440322116767,-1.1916666666666669
42,ep_0,fedavg,adversarial,model_replacement,9,0.25,0.1,-0.75
42,ep_0,fedavg,adversarial,model_replacement,10,0.25,0.1,-0.75
42,ep_0,fedavg,adversarial,model_replacement,11,0.25,0.1,-0.75
42,ep_0,fedavg,adversarial,model_replacement,12,0.25,0.1,-0.75
42,ep_0,fedavg,adversarial,model_replacement,13,0.25,0.1,-0.75
42,ep_0,fedavg,adversarial,model_replacement,14,0.25,0.1,-0.75
42,ep_0,fedavg,adversarial,model_replacement,15,0.25,0.1,-0.75
42,ep_0,fedavg,adversarial,model_replacement,16,0.25,0.1,-0.75
42,ep_0,fedavg,adversarial,model_replacement,17,0.25,0.1,-0.75
42,ep_0,fedavg,adversarial,model_replacement,18,0.25,0.1,-0.75
42,ep_0,fedavg,adversarial,model_replacement,19,0.25,0.1065946560545764,-0.75
42,ep_0,fedavg,adversarial,model_replacement,20,0.132,0.0733333333333333,-1.3399999999999999
42,ep_0,fedavg,adversarial,model_replacement,21,0.132,0.0738255033557047,-1.3399999999999999
42,ep_0,fedavg,adversarial,model_replacement,22,0.132,0.0740463724756918,-1.3399999999999999
42,ep_0,fedavg,adversarial,model_replacement,23,0.132,0.0739357729648991,-1.3399999999999999
42,ep_0,fedavg,adversarial,model_replacement,24,0.132,0.0730627306273062,-1.3399999999999999
42,ep_0,fedavg,adversarial,model_replacement,25,0.132,0.0739633918565558,-1.3399999999999999
42,ep_0,fedavg,adversarial,model_replacement,26,0.132,0.0744081172491544,-1.3399999999999999
42,ep_0,fedavg,adversarial,model_replacement,27,0.132,0.0744640842421963,-1.3399999999999999
42,ep_0,fedavg,adversarial,model_replacement,28,0.1316666666666666,0.0743879472693032,-1.341666666666667
42,ep_0,fedavg,adversarial,model_replacement,29,0.128,0.0731150038080731,-1.3599999999999999
42,ep_0,fedavg,adversarial,model_replacement,30,0.128,0.0733104238258877,-1.3599999999999999
42,ep_sdp,static_dp,adversarial,model_replacement,1,0.4556666666666666,0.3861868996582779,0.2783333333333329
42,ep_sdp,static_dp,adversarial,model_replacement,2,0.6253333333333333,0.584375818764004,1.1266666666666665
42,ep_sdp,static_dp,adversarial,model_replacement,3,0.762,0.7104418440797405,1.81
42,ep_sdp,static_dp,adversarial,model_replacement,4,0.6526666666666666,0.6125724695976287,1.2633333333333332
42,ep_sdp,static_dp,adversarial,model_replacement,5,0.5073333333333333,0.4745655788654537,0.5366666666666666
42,ep_sdp,static_dp,adversarial,model_replacement,6,0.7696666666666667,0.7761523488469382,1.8483333333333336
42,ep_sdp,static_dp,adversarial,model_replacement,7,0.623,0.5845889142751666,1.1150000000000002
42,ep_sdp,static_dp,adversarial,model_replacement,8,0.8513333333333334,0.8540591051406756,2.256666666666667
42,ep_sdp,static_dp,adversarial,model_replacement,9,0.941,0.940266514836283,2.705
42,ep_sdp,static_dp,adversarial,model_replacement,10,0.874,0.87166114539935,2.37
42,ep_sdp,static_dp,adversarial,model_replacement,11,0.9233333333333332,0.9206301639741016,2.6166666666666663
42,ep_sdp,static_dp,adversarial,model_replacement,12,0.6963333333333334,0.6162877320255086,1.481666666666667
42,ep_sdp,static_dp,adversarial,model_replacement,13,0.7996666666666666,0.7899873481878118,1.998333333333333
42,ep_sdp,static_dp,adversarial,model_replacement,14,0.9223333333333332,0.9219570836328448,2.6116666666666664
42,ep_sdp,static_dp,adversarial,model_replacement,15,0.8736666666666667,0.8748086160725221,2.368333333333333
42,ep_sdp,static_dp,adversarial,model_replacement,16,0.8413333333333334,0.8340462005786753,2.206666666666667
42,ep_sdp,static_dp,adversarial,model_replacement,17,0.778,0.7601376115337056,1.8900000000000001
42,ep_sdp,static_dp,adversarial,model_replacement,18,0.7473333333333333,0.7462627251868378,1.7366666666666664
42,ep_sdp,static_dp,adversarial,model_replacement,19,0.7113333333333334,0.6998772126454257,1.5566666666666666
42,ep_sdp,static_dp,adversarial,model_replacement,20,0.69,0.6660678290293585,1.4499999999999997
42,ep_sdp,static_dp,adversarial,model_replacement,21,0.697,0.681831176267983,1.4849999999999999
42,ep_sdp,static_dp,adversarial,model_replacement,22,0.613,0.6100678674791702,1.065
42,ep_sdp,static_dp,adversarial,model_replacement,23,0.673,0.6367994604580456,1.3650000000000002
42,ep_sdp,static_dp,adversarial,model_replacement,24,0.7293333333333333,0.6993241923562509,1.6466666666666665
42,ep_sdp,static_dp,adversarial,model_replacement,25,0.7276666666666667,0.6947278399695236,1.6383333333333336
42,ep_sdp,static_dp,adversarial,model_replacement,26,0.7326666666666667,0.7274024472393429,1.6633333333333336
42,ep_sdp,static_dp,adversarial,model_replacement,27,0.6423333333333333,0.6396288439812875,1.2116666666666664
42,ep_sdp,static_dp,adversarial,model_replacement,28,0.616,0.6155005853938834,1.08
42,ep_sdp,static_dp,adversarial,model_replacement,29,0.6733333333333333,0.6625454148083136,1.3666666666666667
42,ep_sdp,static_dp,adversarial,model_replacement,30,0.6886666666666666,0.6818219565069327,1.4433333333333334
42,ep_twa,twa,adversarial,model_replacement,1,0.9466666666666668,0.947438138456721,2.7333333333333343
42,ep_twa,twa,adversarial,model_replacement,2,0.9503333333333334,0.9509693750127092,2.751666666666667
42,ep_twa,twa,adversarial,model_replacement,3,0.9483333333333334,0.9489487067895364,2.741666666666667
42,ep_twa,twa,adversarial,model_replacement,4,0.9556666666666668,0.9558321647068,2.778333333333334
42,ep_twa,twa,adversarial,model_replacement,5,0.9733333333333334,0.9733382801331064,2.866666666666667
42,ep_twa,twa,adversarial,model_replacement,6,0.9793333333333332,0.9791715283425746,2.8966666666666656
42,ep_twa,twa,adversarial,model_replacement,7,0.9756666666666668,0.9753485704663472,2.878333333333334
42,ep_twa,twa,adversarial,model_replacement,8,0.9723333333333334,0.97190651296981,2.8616666666666672
42,ep_twa,twa,adversarial,model_replacement,9,0.9713333333333334,0.970840871459298,2.8566666666666674
42,ep_twa,twa,adversarial,model_replacement,10,0.9676666666666668,0.967019917946008,2.838333333333334
42,ep_twa,twa,adversarial,model_replacement,11,0.9683333333333334,0.967721548444805,2.841666666666667
42,ep_twa,twa,adversarial,model_replacement,12,0.9696666666666668,0.9691170813378353,2.8483333333333336
42,ep_twa,twa,adversarial,model_replacement,13,0.968,0.9673720865743652,2.84
42,ep_twa,twa,adversarial,model_replacement,14,0.9713333333333334,0.9708648328198172,2.8566666666666674
42,ep_twa,twa,adversarial,model_replacement,15,0.9693333333333334,0.9687817342280262,2.8466666666666667
42,ep_twa,twa,adversarial,model_replacement,16,0.9706666666666668,0.9701735810244132,2.8533333333333335
42,ep_twa,twa,adversarial,model_replacement,17,0.9706666666666668,0.9701735810244132,2.8533333333333335
42,ep_twa,twa,adversarial,model_replacement,18,0.971,0.9705241739568709,2.8549999999999995
42,ep_twa,twa,adversarial,model_replacement,19,0.972,0.9715667045281072,2.8599999999999994
42,ep_twa,twa,adversarial,model_replacement,20,0.9723333333333334,0.9719141133267332,2.8616666666666672
42,ep_twa,twa,adversarial,model_replacement,21,0.972,0.9715667045281072,2.8599999999999994
42,ep_twa,twa,adversarial,model_replacement,22,0.9716666666666668,0.9712169007371908,2.8583333333333343
42,ep_twa,twa,adversarial,model_replacement,23,0.9716666666666668,0.9712169007371908,2.8583333333333343
42,ep_twa,twa,adversarial,model_replacement,24,0.971,0.970504864813708,2.8549999999999995
42,ep_twa,twa,adversarial,model_replacement,25,0.9696666666666668,0.9691149505263318,2.8483333333333336
42,ep_twa,twa,adversarial,model_replacement,26,0.97,0.9694935249881798,2.8499999999999996
42,ep_twa,twa,adversarial,model_replacement,27,0.973,0.9725838498139976,2.865
42,ep_twa,twa,adversarial,model_replacement,28,0.9713333333333334,0.9708762849704669,2.8566666666666674
42,ep_twa,twa,adversarial,model_replacement,29,0.9696666666666668,0.9692933180849016,2.8483333333333336
42,ep_twa,twa,adversarial,model_replacement,30,0.9676666666666668,0.967291075884205,2.838333333333334
42,ep_ppa,ppa,adversarial,model_replacement,1,0.007,0.005352228730649,-1.965
42,ep_ppa,ppa,adversarial,model_replacement,2,0.0073333333333333,0.0045510964004964,-1.9633333333333336
42,ep_ppa,ppa,adversarial,model_replacement,3,0.0073333333333333,0.0036581310276022,-1.9633333333333336
42,ep_ppa,ppa,adversarial,model_replacement,4,0.0303333333333333,0.0147727272727272,-1.8483333333333336
42,ep_ppa,ppa,adversarial,model_replacement,5,0.0303333333333333,0.0147679324894514,-1.8483333333333336
42,ep_ppa,ppa,adversarial,model_replacement,6,0.0303333333333333,0.0147583522542977,-1.8483333333333336
42,ep_ppa,ppa,adversarial,model_replacement,7,0.1616666666666666,0.0697440322116767,-1.1916666666666669
42,ep_ppa,ppa,adversarial,model_replacement,8,0.1616666666666666,0.0697440322116767,-1.1916666666666669
42,ep_ppa,ppa,adversarial,model_replacement,9,0.25,0.1,-0.75
42,ep_ppa,ppa,adversarial,model_replacement,10,0.25,0.1,-0.75
42,ep_ppa,ppa,adversarial,model_replacement,11,0.25,0.1,-0.75
42,ep_ppa,ppa,adversarial,model_replacement,12,0.25,0.1,-0.75
42,ep_ppa,ppa,adversarial,model_replacement,13,0.25,0.1,-0.75
42,ep_ppa,ppa,adversarial,model_replacement,14,0.25,0.1,-0.75
42,ep_ppa,ppa,adversarial,model_replacement,15,0.25,0.1,-0.75
42,ep_ppa,ppa,adversarial,model_replacement,16,0.25,0.1,-0.75
42,ep_ppa,ppa,adversarial,model_replacement,17,0.25,0.1,-0.75
42,ep_ppa,ppa,adversarial,model_replacement,18,0.25,0.1,-0.75
42,ep_ppa,ppa,adversarial,model_replacement,19,0.25,0.10466089868825,-0.75
42,ep_ppa,ppa,adversarial,model_replacement,20,0.205,0.0970031545741324,-0.9750000000000001
42,ep_ppa,ppa,adversarial,model_replacement,21,0.132,0.0736607142857142,-1.3399999999999999
42,ep_ppa,ppa,adversarial,model_replacement,22,0.132,0.0738805970149253,-1.3399999999999999
42,ep_ppa,ppa,adversarial,model_replacement,23,0.132,0.0736881280238183,-1.3399999999999999
42,ep_ppa,ppa,adversarial,model_replacement,24,0.25,0.1071428571428571,-0.75
42,ep_ppa,ppa,adversarial,model_replacement,25,0.132,0.0737430167597765,-1.3399999999999999
42,ep_ppa,ppa,adversarial,model_replacement,26,0.132,0.0744360902255639,-1.3399999999999999
42,ep_ppa,ppa,adversarial,model_replacement,27,0.132,0.0744640842421963,-1.3399999999999999
42,ep_ppa,ppa,adversarial,model_replacement,28,0.1876666666666666,0.0908227371565905,-1.061666666666667
42,ep_ppa,ppa,adversarial,model_replacement,29,0.254,0.1127287284461376,-0.73
42,ep_ppa,ppa,adversarial,model_replacement,30,0.2503333333333333,0.106160118606375,-0.7483333333333335
42,ep_sdp-ppa,sdp_ppa,adversarial,model_replacement,1,0.4556666666666666,0.3861868996582779,0.2783333333333329
42,ep_sdp-ppa,sdp_ppa,adversarial,model_replacement,2,0.6253333333333333,0.584375818764004,1.1266666666666665
42,ep_sdp-ppa,sdp_ppa,adversarial,model_replacement,3,0.7623333333333333,0.7110580536644511,1.8116666666666665
42,ep_sdp-ppa,sdp_ppa,adversarial,model_replacement,4,0.6526666666666666,0.6125724695976287,1.2633333333333332
42,ep_sdp-ppa,sdp_ppa,adversarial,model_replacement,5,0.5073333333333333,0.4745655788654537,0.5366666666666666
42,ep_sdp-ppa,sdp_ppa,adversarial,model_replacement,6,0.7696666666666667,0.7761523488469382,1.8483333333333336
42,ep_sdp-ppa,sdp_ppa,adversarial,model_replacement,7,0.623,0.5845889142751666,1.1150000000000002
42,ep_sdp-ppa,sdp_ppa,adversarial,model_replacement,8,0.8513333333333334,0.8540591051406756,2.256666666666667
42,ep_sdp-ppa,sdp_ppa,adversarial,model_replacement,9,0.941,0.940266514836283,2.705
42,ep_sdp-ppa,sdp_ppa,adversarial,model_replacement,10,0.8736666666666667,0.871305370866383,2.368333333333333
42,ep_sdp-ppa,sdp_ppa,adversarial,model_replacement,11,0.9233333333333332,0.9206301639741016,2.6166666666666663
42,ep_sdp-ppa,sdp_ppa,adversarial,model_replacement,12,0.697,0.6176979144152519,1.4849999999999999
42,ep_sdp-ppa,sdp_ppa,adversarial,model_replacement,13,0.7963333333333333,0.7867758549672329,1.9816666666666665
42,ep_sdp-ppa,sdp_ppa,adversarial,model_replacement,14,0.9216666666666666,0.9213033240781436,2.6083333333333334
42,ep_sdp-ppa,sdp_ppa,adversarial,model_replacement,15,0.8736666666666667,0.8747443632618833,2.368333333333333
42,ep_sdp-ppa,sdp_ppa,adversarial,model_replacement,16,0.8453333333333334,0.8383814530999467,2.2266666666666666
42,ep_sdp-ppa,sdp_ppa,adversarial,model_replacement,17,0.7826666666666666,0.7659041134328349,1.913333333333333
42,ep_sdp-ppa,sdp_ppa,adversarial,model_replacement,18,0.7516666666666667,0.7508140334529049,1.7583333333333337
42,ep_sdp-ppa,sdp_ppa,adversarial,model_replacement,19,0.711,0.7000910402885957,1.5549999999999997
42,ep_sdp-ppa,sdp_ppa,adversarial,model_replacement,20,0.7073333333333334,0.6884228231307248,1.536666666666667
42,ep_sdp-ppa,sdp_ppa,adversarial,model_replacement,21,0.6986666666666667,0.6833209729486657,1.4933333333333332
42,ep_sdp-ppa,sdp_ppa,adversarial,model_replacement,22,0.6306666666666667,0.6282891742962827,1.1533333333333333
42,ep_sdp-ppa,sdp_ppa,adversarial,model_replacement,23,0.6913333333333334,0.6634228789920942,1.456666666666667
42,ep_sdp-ppa,sdp_ppa,adversarial,model_replacement,24,0.726,0.6952183599274825,1.63
42,ep_sdp-ppa,sdp_ppa,adversarial,model_replacement,25,0.7273333333333334,0.6934588014863248,1.6366666666666667
42,ep_sdp-ppa,sdp_ppa,adversarial,model_replacement,26,0.7356666666666667,0.7305478737698294,1.6783333333333337
42,ep_sdp-ppa,sdp_ppa,adversarial,model_replacement,27,0.767,0.7679495502675382,1.835
42,ep_sdp-ppa,sdp_ppa,adversarial,model_replacement,28,0.6153333333333333,0.6143053091685103,1.0766666666666662
42,ep_sdp-ppa,sdp_ppa,adversarial,model_replacement,29,0.6586666666666666,0.6487264266991818,1.293333333333333
42,ep_sdp-ppa,sdp_ppa,adversarial,model_replacement,30,0.6903333333333334,0.6835769048935905,1.4516666666666667
42,ep_twa-ppa,twa_ppa,adversarial,model_replacement,1,0.9466666666666668,0.947438138456721,2.7333333333333343
42,ep_twa-ppa,twa_ppa,adversarial,model_replacement,2,0.9503333333333334,0.9509693750127092,2.751666666666667
42,ep_twa-ppa,twa_ppa,adversarial,model_replacement,3,0.9483333333333334,0.9489487067895364,2.741666666666667
42,ep_twa-ppa,twa_ppa,adversarial,model_replacement,4,0.9556666666666668,0.9558321647068,2.778333333333334
42,ep_twa-ppa,twa_ppa,adversarial,model_replacement,5,0.9733333333333334,0.9733382801331064,2.866666666666667
42,ep_twa-ppa,twa_ppa,adversarial,model_replacement,6,0.9793333333333332,0.9791715283425746,2.8966666666666656
42,ep_twa-ppa,twa_ppa,adversarial,model_replacement,7,0.9756666666666668,0.9753485704663472,2.878333333333334
42,ep_twa-ppa,twa_ppa,adversarial,model_replacement,8,0.9723333333333334,0.97190651296981,2.8616666666666672
42,ep_twa-ppa,twa_ppa,adversarial,model_replacement,9,0.9713333333333334,0.970840871459298,2.8566666666666674
42,ep_twa-ppa,twa_ppa,adversarial,model_replacement,10,0.9676666666666668,0.967019917946008,2.838333333333334
42,ep_twa-ppa,twa_ppa,adversarial,model_replacement,11,0.9683333333333334,0.967721548444805,2.841666666666667
42,ep_twa-ppa,twa_ppa,adversarial,model_replacement,12,0.97,0.9694663353862316,2.8499999999999996
42,ep_twa-ppa,twa_ppa,adversarial,model_replacement,13,0.968,0.9673720865743652,2.84
42,ep_twa-ppa,twa_ppa,adversarial,model_replacement,14,0.9713333333333334,0.9708648328198172,2.8566666666666674
42,ep_twa-ppa,twa_ppa,adversarial,model_replacement,15,0.969,0.96843003153559,2.8449999999999998
42,ep_twa-ppa,twa_ppa,adversarial,model_replacement,16,0.9706666666666668,0.9701735810244132,2.8533333333333335
42,ep_twa-ppa,twa_ppa,adversarial,model_replacement,17,0.9706666666666668,0.9701735810244132,2.8533333333333335
42,ep_twa-ppa,twa_ppa,adversarial,model_replacement,18,0.971,0.9705241739568709,2.8549999999999995
42,ep_twa-ppa,twa_ppa,adversarial,model_replacement,19,0.972,0.9715667045281072,2.8599999999999994
42,ep_twa-ppa,twa_ppa,adversarial,model_replacement,20,0.9726666666666668,0.9722564908024262,2.863333333333334
42,ep_twa-ppa,twa_ppa,adversarial,model_replacement,21,0.9723333333333334,0.9719141133267332,2.8616666666666672
42,ep_twa-ppa,twa_ppa,adversarial,model_replacement,22,0.9716666666666668,0.9712169007371908,2.8583333333333343
42,ep_twa-ppa,twa_ppa,adversarial,model_replacement,23,0.9716666666666668,0.9712169007371908,2.8583333333333343
42,ep_twa-ppa,twa_ppa,adversarial,model_replacement,24,0.9706666666666668,0.9701580884388092,2.8533333333333335
42,ep_twa-ppa,twa_ppa,adversarial,model_replacement,25,0.9696666666666668,0.9691149505263318,2.8483333333333336
42,ep_twa-ppa,twa_ppa,adversarial,model_replacement,26,0.97,0.9694984684699736,2.8499999999999996
42,ep_twa-ppa,twa_ppa,adversarial,model_replacement,27,0.973,0.9725838498139976,2.865
42,ep_twa-ppa,twa_ppa,adversarial,model_replacement,28,0.9713333333333334,0.9708762849704669,2.8566666666666674
42,ep_twa-ppa,twa_ppa,adversarial,model_replacement,29,0.9693333333333334,0.9689529357297016,2.8466666666666667
42,ep_twa-ppa,twa_ppa,adversarial,model_replacement,30,0.9666666666666668,0.9662700728212856,2.833333333333334
42,ep_0,fedavg,adversarial,label_flipping,1,0.932,0.9316070052491056,2.66
42,ep_0,fedavg,adversarial,label_flipping,2,0.959,0.9589590542875528,2.795
42,ep_0,fedavg,adversarial,label_flipping,3,0.964,0.9639659426899428,2.8200000000000003
42,ep_0,fedavg,adversarial,label_flipping,4,0.9656666666666668,0.965596809014292,2.828333333333334
42,ep_0,fedavg,adversarial,label_flipping,5,0.9713333333333334,0.9710816005334796,2.8566666666666674
42,ep_0,fedavg,adversarial,label_flipping,6,0.9683333333333334,0.9679375192737052,2.841666666666667
42,ep_0,fedavg,adversarial,label_flipping,7,0.968,0.9675020812502396,2.84
42,ep_0,fedavg,adversarial,label_flipping,8,0.9663333333333334,0.9656750543668056,2.831666666666667
42,ep_0,fedavg,adversarial,label_flipping,9,0.95,0.9483719474763568,2.75
42,ep_0,fedavg,adversarial,label_flipping,10,0.9596666666666668,0.9586777412331582,2.798333333333334
42,ep_0,fedavg,adversarial,label_flipping,11,0.966,0.9654709257252684,2.83
42,ep_0,fedavg,adversarial,label_flipping,12,0.9636666666666668,0.963038187545148,2.8183333333333342
42,ep_0,fedavg,adversarial,label_flipping,13,0.957,0.9560553780745668,2.785
42,ep_0,fedavg,adversarial,label_flipping,14,0.9593333333333334,0.9585206129023792,2.796666666666667
42,ep_0,fedavg,adversarial,label_flipping,15,0.9506666666666668,0.94948894722741,2.753333333333334
42,ep_0,fedavg,adversarial,label_flipping,16,0.948,0.946903843770206,2.74
42,ep_0,fedavg,adversarial,label_flipping,17,0.9476666666666668,0.9462439478694826,2.738333333333334
42,ep_0,fedavg,adversarial,label_flipping,18,0.943,0.941908512986828,2.715
42,ep_0,fedavg,adversarial,label_flipping,19,0.9586666666666668,0.9579528763243108,2.793333333333334
42,ep_0,fedavg,adversarial,label_flipping,20,0.9596666666666668,0.959074827770328,2.798333333333334
42,ep_0,fedavg,adversarial,label_flipping,21,0.9383333333333334,0.9366271880035638,2.6916666666666664
42,ep_0,fedavg,adversarial,label_flipping,22,0.942,0.9409784255524032,2.71
42,ep_0,fedavg,adversarial,label_flipping,23,0.9446666666666668,0.9437697372954128,2.7233333333333336
42,ep_0,fedavg,adversarial,label_flipping,24,0.748,0.753710001326492,1.7400000000000002
42,ep_0,fedavg,adversarial,label_flipping,25,0.773,0.7621285089841434,1.8650000000000002
42,ep_0,fedavg,adversarial,label_flipping,26,0.9126666666666666,0.913626596621514,2.5633333333333335
42,ep_0,fedavg,adversarial,label_flipping,27,0.8966666666666666,0.899234858015515,2.4833333333333334
42,ep_0,fedavg,adversarial,label_flipping,28,0.931,0.9309166480098838,2.6550000000000002
42,ep_0,fedavg,adversarial,label_flipping,29,0.85,0.8565944987223988,2.25
42,ep_0,fedavg,adversarial,label_flipping,30,0.732,0.7413956073883354,1.6600000000000001
42,ep_sdp,static_dp,adversarial,label_flipping,1,0.455,0.3785605619502588,0.2749999999999999
42,ep_sdp,static_dp,adversarial,label_flipping,2,0.7103333333333334,0.6935598313635127,1.5516666666666667
42,ep_sdp,static_dp,adversarial,label_flipping,3,0.7996666666666666,0.767777698501567,1.998333333333333
42,ep_sdp,static_dp,adversarial,label_flipping,4,0.6946666666666667,0.6399312141126093,1.4733333333333332
42,ep_sdp,static_dp,adversarial,label_flipping,5,0.695,0.6195752996674062,1.4749999999999996
42,ep_sdp,static_dp,adversarial,label_flipping,6,0.8843333333333333,0.8826871529711866,2.421666666666667
42,ep_sdp,static_dp,adversarial,label_flipping,7,0.905,0.904810019074562,2.5250000000000004
42,ep_sdp,static_dp,adversarial,label_flipping,8,0.92,0.9196978469214404,2.6000000000000005
42,ep_sdp,static_dp,adversarial,label_flipping,9,0.952,0.9513340861233992,2.76
42,ep_sdp,static_dp,adversarial,label_flipping,10,0.8723333333333333,0.8679679048052417,2.3616666666666664
42,ep_sdp,static_dp,adversarial,label_flipping,11,0.903,0.898132987385212,2.5150000000000006
42,ep_sdp,static_dp,adversarial,label_flipping,12,0.8136666666666666,0.8008802443236425,2.0683333333333334
42,ep_sdp,static_dp,adversarial,label_flipping,13,0.9416666666666668,0.941616538344437,2.708333333333334
42,ep_sdp,static_dp,adversarial,label_flipping,14,0.911,0.9106440545882992,2.5549999999999997
42,ep_sdp,static_dp,adversarial,label_flipping,15,0.9046666666666666,0.9016243788914796,2.5233333333333334
42,ep_sdp,static_dp,adversarial,label_flipping,16,0.746,0.7300273426241242,1.73
42,ep_sdp,static_dp,adversarial,label_flipping,17,0.7196666666666667,0.690781051584235,1.5983333333333336
42,ep_sdp,static_dp,adversarial,label_flipping,18,0.6603333333333333,0.6311589887375774,1.3016666666666667
42,ep_sdp,static_dp,adversarial,label_flipping,19,0.5833333333333334,0.5175829969345549,0.916666666666667
42,ep_sdp,static_dp,adversarial,label_flipping,20,0.4963333333333333,0.4548781728009173,0.48166666666666647
42,ep_sdp,static_dp,adversarial,label_flipping,21,0.725,0.7211483595940776,1.625
42,ep_sdp,static_dp,adversarial,label_flipping,22,0.6436666666666667,0.6429025314677247,1.2183333333333337
42,ep_sdp,static_dp,adversarial,label_flipping,23,0.54,0.4472291753268593,0.7000000000000002
42,ep_sdp,static_dp,adversarial,label_flipping,24,0.6966666666666667,0.6615080637823609,1.4833333333333334
42,ep_sdp,static_dp,adversarial,label_flipping,25,0.7123333333333334,0.6896485342681237,1.561666666666667
42,ep_sdp,static_dp,adversarial,label_flipping,26,0.389,0.3373927367736742,-0.05499999999999994
42,ep_sdp,static_dp,adversarial,label_flipping,27,0.4486666666666666,0.3916480990968942,0.24333333333333318
42,ep_sdp,static_dp,adversarial,label_flipping,28,0.4666666666666667,0.4325095848302199,0.3333333333333335
42,ep_sdp,static_dp,adversarial,label_flipping,29,0.3883333333333333,0.3097984515864027,-0.05833333333333357
42,ep_sdp,static_dp,adversarial,label_flipping,30,0.465,0.4222718480052085,0.3250000000000002
42,ep_twa,twa,adversarial,label_flipping,1,0.952,0.952401449235759,2.76
42,ep_twa,twa,adversarial,label_flipping,2,0.9456666666666668,0.9464817543468036,2.7283333333333335
42,ep_twa,twa,adversarial,label_flipping,3,0.95,0.950561451009891,2.75
42,ep_twa,twa,adversarial,label_flipping,4,0.968,0.968063131043806,2.84
42,ep_twa,twa,adversarial,label_flipping,5,0.9783333333333334,0.9782404720303186,2.8916666666666666
42,ep_twa,twa,adversarial,label_flipping,6,0.976,0.9757275144072712,2.88
42,ep_twa,twa,adversarial,label_flipping,7,0.9733333333333334,0.972950256777636,2.866666666666667
42,ep_twa,twa,adversarial,label_flipping,8,0.971,0.9705255459273766,2.8549999999999995
42,ep_twa,twa,adversarial,label_flipping,9,0.9706666666666668,0.9701565039163826,2.8533333333333335
42,ep_twa,twa,adversarial,label_flipping,10,0.965,0.96421451532863,2.825
42,ep_twa,twa,adversarial,label_flipping,11,0.967,0.9663333114759882,2.835
42,ep_twa,twa,adversarial,label_flipping,12,0.9686666666666668,0.9680824208996868,2.8433333333333337
42,ep_twa,twa,adversarial,label_flipping,13,0.9683333333333334,0.9677395539241171,2.841666666666667
42,ep_twa,twa,adversarial,label_flipping,14,0.971,0.970523827373029,2.8549999999999995
42,ep_twa,twa,adversarial,label_flipping,15,0.97,0.9694789243567068,2.8499999999999996
42,ep_twa,twa,adversarial,label_flipping,16,0.971,0.9705259556419684,2.8549999999999995
42,ep_twa,twa,adversarial,label_flipping,17,0.971,0.9705259556419684,2.8549999999999995
42,ep_twa,twa,adversarial,label_flipping,18,0.971,0.9705259556419684,2.8549999999999995
42,ep_twa,twa,adversarial,label_flipping,19,0.9713333333333334,0.970873940026841,2.8566666666666674
42,ep_twa,twa,adversarial,label_flipping,20,0.972,0.9715697562942728,2.8599999999999994
42,ep_twa,twa,adversarial,label_flipping,21,0.9713333333333334,0.9708791147276324,2.8566666666666674
42,ep_twa,twa,adversarial,label_flipping,22,0.9706666666666668,0.9701755793841972,2.8533333333333335
42,ep_twa,twa,adversarial,label_flipping,23,0.9706666666666668,0.9701755793841972,2.8533333333333335
42,ep_twa,twa,adversarial,label_flipping,24,0.9713333333333334,0.9708648328198172,2.8566666666666674
42,ep_twa,twa,adversarial,label_flipping,25,0.9706666666666668,0.9701598644763436,2.8533333333333335
42,ep_twa,twa,adversarial,label_flipping,26,0.9713333333333334,0.9708515865796384,2.8566666666666674
42,ep_twa,twa,adversarial,label_flipping,27,0.973,0.9725844101153274,2.865
42,ep_twa,twa,adversarial,label_flipping,28,0.972,0.9715421743071572,2.8599999999999994
42,ep_twa,twa,adversarial,label_flipping,29,0.97,0.969495912054812,2.8499999999999996
42,ep_twa,twa,adversarial,label_flipping,30,0.9676666666666668,0.9671569453482702,2.838333333333334
42,ep_ppa,ppa,adversarial,label_flipping,1,0.932,0.9316070052491056,2.66
42,ep_ppa,ppa,adversarial,label_flipping,2,0.959,0.9589590542875528,2.795
42,ep_ppa,ppa,adversarial,label_flipping,3,0.964,0.9639659426899428,2.8200000000000003
42,ep_ppa,ppa,adversarial,label_flipping,4,0.9656666666666668,0.965596809014292,2.828333333333334
42,ep_ppa,ppa,adversarial,label_flipping,5,0.9713333333333334,0.9710816005334796,2.8566666666666674
42,ep_ppa,ppa,adversarial,label_flipping,6,0.9683333333333334,0.9679375192737052,2.841666666666667
42,ep_ppa,ppa,adversarial,label_flipping,7,0.968,0.9675020812502396,2.84
42,ep_ppa,ppa,adversarial,label_flipping,8,0.9663333333333334,0.9656750543668056,2.831666666666667
42,ep_ppa,ppa,adversarial,label_flipping,9,0.95,0.9483719474763568,2.75
42,ep_ppa,ppa,adversarial,label_flipping,10,0.9596666666666668,0.9586777412331582,2.798333333333334
42,ep_ppa,ppa,adversarial,label_flipping,11,0.966,0.9654709257252684,2.83
42,ep_ppa,ppa,adversarial,label_flipping,12,0.9636666666666668,0.963038187545148,2.8183333333333342
42,ep_ppa,ppa,adversarial,label_flipping,13,0.9566666666666668,0.9557031453773488,2.783333333333334
42,ep_ppa,ppa,adversarial,label_flipping,14,0.9603333333333334,0.9595684483834134,2.8016666666666667
42,ep_ppa,ppa,adversarial,label_flipping,15,0.9486666666666668,0.947415416776518,2.743333333333334
42,ep_ppa,ppa,adversarial,label_flipping,16,0.948,0.9469183956580176,2.74
42,ep_ppa,ppa,adversarial,label_flipping,17,0.948,0.9466076949259772,2.74
42,ep_ppa,ppa,adversarial,label_flipping,18,0.941,0.93980151976882,2.705
42,ep_ppa,ppa,adversarial,label_flipping,19,0.9583333333333334,0.9575963952377092,2.791666666666667
42,ep_ppa,ppa,adversarial,label_flipping,20,0.9596666666666668,0.9591136427447852,2.798333333333334
42,ep_ppa,ppa,adversarial,label_flipping,21,0.938,0.936230256112932,2.6899999999999995
42,ep_ppa,ppa,adversarial,label_flipping,22,0.9423333333333334,0.9412581164578604,2.711666666666667
42,ep_ppa,ppa,adversarial,label_flipping,23,0.9386666666666666,0.9374976137131203,2.6933333333333334
42,ep_ppa,ppa,adversarial,label_flipping,24,0.6673333333333333,0.6797335002356253,1.336666666666667
42,ep_ppa,ppa,adversarial,label_flipping,25,0.772,0.7610867143984907,1.8600000000000003
42,ep_ppa,ppa,adversarial,label_flipping,26,0.9043333333333332,0.9053941066409474,2.5216666666666665
42,ep_ppa,ppa,adversarial,label_flipping,27,0.9046666666666666,0.9069789886614494,2.5233333333333334
42,ep_ppa,ppa,adversarial,label_flipping,28,0.9313333333333332,0.9312870379423478,2.6566666666666663
42,ep_ppa,ppa,adversarial,label_flipping,29,0.7943333333333333,0.7999081964293892,1.9716666666666667
42,ep_ppa,ppa,adversarial,label_flipping,30,0.742,0.7510074033740812,1.71
42,ep_sdp-ppa,sdp_ppa,adversarial,label_flipping,1,0.455,0.3785605619502588,0.2749999999999999
42,ep_sdp-ppa,sdp_ppa,adversarial,label_flipping,2,0.71,0.6931420039244882,1.5499999999999998
42,ep_sdp-ppa,sdp_ppa,adversarial,label_flipping,3,0.7996666666666666,0.767777698501567,1.998333333333333
42,ep_sdp-ppa,sdp_ppa,adversarial,label_flipping,4,0.6946666666666667,0.6399312141126093,1.4733333333333332
42,ep_sdp-ppa,sdp_ppa,adversarial,label_flipping,5,0.695,0.6195752996674062,1.4749999999999996
42,ep_sdp-ppa,sdp_ppa,adversarial,label_flipping,6,0.8843333333333333,0.8826871529711866,2.421666666666667
42,ep_sdp-ppa,sdp_ppa,adversarial,label_flipping,7,0.905,0.904810019074562,2.5250000000000004
42,ep_sdp-ppa,sdp_ppa,adversarial,label_flipping,8,0.92,0.9196978469214404,2.6000000000000005
42,ep_sdp-ppa,sdp_ppa,adversarial,label_flipping,9,0.9523333333333334,0.951687040893448,2.7616666666666667
42,ep_sdp-ppa,sdp_ppa,adversarial,label_flipping,10,0.8723333333333333,0.8679679048052417,2.3616666666666664
42,ep_sdp-ppa,sdp_ppa,adversarial,label_flipping,11,0.9016666666666666,0.8966731148870349,2.508333333333333
42,ep_sdp-ppa,sdp_ppa,adversarial,label_flipping,12,0.8123333333333334,0.7992310077604758,2.0616666666666665
42,ep_sdp-ppa,sdp_ppa,adversarial,label_flipping,13,0.9393333333333334,0.9393542999334596,2.696666666666667
42,ep_sdp-ppa,sdp_ppa,adversarial,label_flipping,14,0.9083333333333332,0.9078626718101154,2.541666666666666
42,ep_sdp-ppa,sdp_ppa,adversarial,label_flipping,15,0.904,0.9010058565061666,2.5200000000000005
42,ep_sdp-ppa,sdp_ppa,adversarial,label_flipping,16,0.7493333333333333,0.7338485080093183,1.7466666666666666
42,ep_sdp-ppa,sdp_ppa,adversarial,label_flipping,17,0.7183333333333334,0.6894795756871032,1.5916666666666668
42,ep_sdp-ppa,sdp_ppa,adversarial,label_flipping,18,0.6633333333333333,0.6372082835219676,1.3166666666666664
42,ep_sdp-ppa,sdp_ppa,adversarial,label_flipping,19,0.5713333333333334,0.4968543636014031,0.8566666666666669
42,ep_sdp-ppa,sdp_ppa,adversarial,label_flipping,20,0.4863333333333333,0.43705925251594,0.43166666666666664
42,ep_sdp-ppa,sdp_ppa,adversarial,label_flipping,21,0.7093333333333334,0.7040999944704324,1.5466666666666669
42,ep_sdp-ppa,sdp_ppa,adversarial,label_flipping,22,0.6496666666666666,0.6501799509788924,1.248333333333333
42,ep_sdp-ppa,sdp_ppa,adversarial,label_flipping,23,0.5416666666666666,0.4481118657918788,0.708333333333333
42,ep_sdp-ppa,sdp_ppa,adversarial,label_flipping,24,0.7013333333333334,0.668707019730839,1.5066666666666668
42,ep_sdp-ppa,sdp_ppa,adversarial,label_flipping,25,0.7113333333333334,0.6889052140486511,1.5566666666666666
42,ep_sdp-ppa,sdp_ppa,adversarial,label_flipping,26,0.4146666666666667,0.3823506769226415,0.07333333333333325
42,ep_sdp-ppa,sdp_ppa,adversarial,label_flipping,27,0.4466666666666666,0.3892715631774516,0.23333333333333295
42,ep_sdp-ppa,sdp_ppa,adversarial,label_flipping,28,0.465,0.4310957950338861,0.3250000000000002
42,ep_sdp-ppa,sdp_ppa,adversarial,label_flipping,29,0.4223333333333333,0.3540937055703104,0.11166666666666636
42,ep_sdp-ppa,sdp_ppa,adversarial,label_flipping,30,0.4593333333333333,0.413086899709415,0.2966666666666664
42,ep_twa-ppa,twa_ppa,adversarial,label_flipping,1,0.952,0.952401449235759,2.76
42,ep_twa-ppa,twa_ppa,adversarial,label_flipping,2,0.9456666666666668,0.9464817543468036,2.7283333333333335
42,ep_twa-ppa,twa_ppa,adversarial,label_flipping,3,0.95,0.950561451009891,2.75
42,ep_twa-ppa,twa_ppa,adversarial,label_flipping,4,0.968,0.968063131043806,2.84
42,ep_twa-ppa,twa_ppa,adversarial,label_flipping,5,0.9783333333333334,0.9782404720303186,2.8916666666666666
42,ep_twa-ppa,twa_ppa,adversarial,label_flipping,6,0.976,0.9757275144072712,2.88
42,ep_twa-ppa,twa_ppa,adversarial,label_flipping,7,0.9733333333333334,0.972950256777636,2.866666666666667
42,ep_twa-ppa,twa_ppa,adversarial,label_flipping,8,0.971,0.9705255459273766,2.8549999999999995
42,ep_twa-ppa,twa_ppa,adversarial,label_flipping,9,0.9706666666666668,0.9701565039163826,2.8533333333333335
42,ep_twa-ppa,twa_ppa,adversarial,label_flipping,10,0.965,0.96421451532863,2.825
42,ep_twa-ppa,twa_ppa,adversarial,label_flipping,11,0.967,0.9663333114759882,2.835
42,ep_twa-ppa,twa_ppa,adversarial,label_flipping,12,0.9686666666666668,0.9680824208996868,2.8433333333333337
42,ep_twa-ppa,twa_ppa,adversarial,label_flipping,13,0.9683333333333334,0.9677395539241171,2.841666666666667
42,ep_twa-ppa,twa_ppa,adversarial,label_flipping,14,0.971,0.970523827373029,2.8549999999999995
42,ep_twa-ppa,twa_ppa,adversarial,label_flipping,15,0.97,0.9694789243567068,2.8499999999999996
42,ep_twa-ppa,twa_ppa,adversarial,label_flipping,16,0.971,0.9705259556419684,2.8549999999999995
42,ep_twa-ppa,twa_ppa,adversarial,label_flipping,17,0.971,0.9705259556419684,2.8549999999999995
42,ep_twa-ppa,twa_ppa,adversarial,label_flipping,18,0.971,0.9705259556419684,2.8549999999999995
42,ep_twa-ppa,twa_ppa,adversarial,label_flipping,19,0.9713333333333334,0.9708791147276324,2.8566666666666674
42,ep_twa-ppa,twa_ppa,adversarial,label_flipping,20,0.972,0.9715645714725732,2.8599999999999994
42,ep_twa-ppa,twa_ppa,adversarial,label_flipping,21,0.9713333333333334,0.9708791147276324,2.8566666666666674
42,ep_twa-ppa,twa_ppa,adversarial,label_flipping,22,0.9706666666666668,0.9701755793841972,2.8533333333333335
42,ep_twa-ppa,twa_ppa,adversarial,label_flipping,23,0.9706666666666668,0.9701755793841972,2.8533333333333335
42,ep_twa-ppa,twa_ppa,adversarial,label_flipping,24,0.9713333333333334,0.9708609002672554,2.8566666666666674
42,ep_twa-ppa,twa_ppa,adversarial,label_flipping,25,0.9706666666666668,0.970163172793912,2.8533333333333335
42,ep_twa-ppa,twa_ppa,adversarial,label_flipping,26,0.9713333333333334,0.9708515865796384,2.8566666666666674
42,ep_twa-ppa,twa_ppa,adversarial,label_flipping,27,0.973,0.9725844101153274,2.865
42,ep_twa-ppa,twa_ppa,adversarial,label_flipping,28,0.972,0.9715398932295952,2.8599999999999994
42,ep_twa-ppa,twa_ppa,adversarial,label_flipping,29,0.9696666666666668,0.9691562881857976,2.8483333333333336
42,ep_twa-ppa,twa_ppa,adversarial,label_flipping,30,0.9673333333333334,0.9668367250959043,2.836666666666667
42,ep_0,fedavg,adversarial,data_poisoning,1,0.943,0.944006018003096,2.715
42,ep_0,fedavg,adversarial,data_poisoning,2,0.9406666666666668,0.9417903780057127,2.703333333333334
42,ep_0,fedavg,adversarial,data_poisoning,3,0.9493333333333334,0.9499687149260068,2.746666666666667
42,ep_0,fedavg,adversarial,data_poisoning,4,0.9563333333333334,0.95668984771442,2.781666666666667
42,ep_0,fedavg,adversarial,data_poisoning,5,0.9756666666666668,0.9756316602211484,2.878333333333334
42,ep_0,fedavg,adversarial,data_poisoning,6,0.9756666666666668,0.9753587444800236,2.878333333333334
42,ep_0,fedavg,adversarial,data_poisoning,7,0.972,0.97155952211138,2.8599999999999994
42,ep_0,fedavg,adversarial,data_poisoning,8,0.972,0.9715611463129658,2.8599999999999994
42,ep_0,fedavg,adversarial,data_poisoning,9,0.9673333333333334,0.9666739807484626,2.836666666666667
42,ep_0,fedavg,adversarial,data_poisoning,10,0.9703333333333334,0.9698069006946486,2.8516666666666666
42,ep_0,fedavg,adversarial,data_poisoning,11,0.9736666666666668,0.973275487012118,2.868333333333334
42,ep_0,fedavg,adversarial,data_poisoning,12,0.9716666666666668,0.9711903061133648,2.8583333333333343
42,ep_0,fedavg,adversarial,data_poisoning,13,0.9683333333333334,0.9677239919408523,2.841666666666667
42,ep_0,fedavg,adversarial,data_poisoning,14,0.9686666666666668,0.9680959438278124,2.8433333333333337
42,ep_0,fedavg,adversarial,data_poisoning,15,0.9606666666666668,0.9599505226035416,2.8033333333333337
42,ep_0,fedavg,adversarial,data_poisoning,16,0.9473333333333334,0.946718684530975,2.7366666666666664
42,ep_0,fedavg,adversarial,data_poisoning,17,0.9613333333333334,0.9605718769177904,2.8066666666666666
42,ep_0,fedavg,adversarial,data_poisoning,18,0.9366666666666666,0.9360617321823744,2.6833333333333336
42,ep_0,fedavg,adversarial,data_poisoning,19,0.963,0.9627749439500672,2.8149999999999995
42,ep_0,fedavg,adversarial,data_poisoning,20,0.9646666666666668,0.9645134885880918,2.823333333333334
42,ep_0,fedavg,adversarial,data_poisoning,21,0.9416666666666668,0.941251868936649,2.708333333333334
42,ep_0,fedavg,adversarial,data_poisoning,22,0.9523333333333334,0.9520675960273036,2.7616666666666667
42,ep_0,fedavg,adversarial,data_poisoning,23,0.9123333333333332,0.9151144165679252,2.5616666666666656
42,ep_0,fedavg,adversarial,data_poisoning,24,0.4696666666666667,0.3970704473161662,0.3483333333333336
42,ep_0,fedavg,adversarial,data_poisoning,25,0.7286666666666667,0.7193021701983964,1.6433333333333335
42,ep_0,fedavg,adversarial,data_poisoning,26,0.7893333333333333,0.7780119548322578,1.9466666666666668
42,ep_0,fedavg,adversarial,data_poisoning,27,0.965,0.965016917668054,2.825
42,ep_0,fedavg,adversarial,data_poisoning,28,0.942,0.9424988780366118,2.71
42,ep_0,fedavg,adversarial,data_poisoning,29,0.5256666666666666,0.4753015344483761,0.628333333333333
42,ep_0,fedavg,adversarial,data_poisoning,30,0.6093333333333333,0.6152245850878196,1.0466666666666664
42,ep_sdp,static_dp,adversarial,data_poisoning,1,0.4706666666666667,0.4146408949049417,0.3533333333333335
42,ep_sdp,static_dp,adversarial,data_poisoning,2,0.8673333333333333,0.869777775539393,2.336666666666666
42,ep_sdp,static_dp,adversarial,data_poisoning,3,0.9053333333333332,0.9004583310818098,2.5266666666666664
42,ep_sdp,static_dp,adversarial,data_poisoning,4,0.9393333333333334,0.9401046210645408,2.696666666666667
42,ep_sdp,static_dp,adversarial,data_poisoning,5,0.9223333333333332,0.9236671281728084,2.6116666666666664
42,ep_sdp,static_dp,adversarial,data_poisoning,6,0.9206666666666666,0.9199646483353806,2.6033333333333335
42,ep_sdp,static_dp,adversarial,data_poisoning,7,0.9463333333333334,0.9460113774895634,2.7316666666666665
42,ep_sdp,static_dp,adversarial,data_poisoning,8,0.928,0.9280152568126888,2.6400000000000006
42,ep_sdp,static_dp,adversarial,data_poisoning,9,0.96,0.9596235255312592,2.8
42,ep_sdp,static_dp,adversarial,data_poisoning,10,0.9406666666666668,0.9393169990314788,2.703333333333334
42,ep_sdp,static_dp,adversarial,data_poisoning,11,0.9453333333333334,0.9436168387393268,2.7266666666666666
42,ep_sdp,static_dp,adversarial,data_poisoning,12,0.827,0.8146147510174795,2.135
42,ep_sdp,static_dp,adversarial,data_poisoning,13,0.9433333333333334,0.9431570902979308,2.716666666666667
42,ep_sdp,static_dp,adversarial,data_poisoning,14,0.9603333333333334,0.9603958942671698,2.8016666666666667
42,ep_sdp,static_dp,adversarial,data_poisoning,15,0.929,0.9269826057051496,2.6450000000000005
42,ep_sdp,static_dp,adversarial,data_poisoning,16,0.7756666666666666,0.7694341157911428,1.878333333333333
42,ep_sdp,static_dp,adversarial,data_poisoning,17,0.7236666666666667,0.7020586461170113,1.6183333333333332
42,ep_sdp,static_dp,adversarial,data_poisoning,18,0.6973333333333334,0.6795968118877782,1.4866666666666668
42,ep_sdp,static_dp,adversarial,data_poisoning,19,0.6216666666666667,0.5575254820880503,1.1083333333333334
42,ep_sdp,static_dp,adversarial,data_poisoning,20,0.489,0.4629256248451325,0.44499999999999984
42,ep_sdp,static_dp,adversarial,data_poisoning,21,0.714,0.7092556578013424,1.5699999999999998
42,ep_sdp,static_dp,adversarial,data_poisoning,22,0.6213333333333333,0.6248312810550625,1.1066666666666665
42,ep_sdp,static_dp,adversarial,data_poisoning,23,0.5803333333333334,0.4959835598011579,0.9016666666666668
42,ep_sdp,static_dp,adversarial,data_poisoning,24,0.7456666666666667,0.7329076096071784,1.7283333333333335
42,ep_sdp,static_dp,adversarial,data_poisoning,25,0.7856666666666666,0.7766793263605177,1.9283333333333332
42,ep_sdp,static_dp,adversarial,data_poisoning,26,0.6263333333333333,0.6097708264686446,1.1316666666666664
42,ep_sdp,static_dp,adversarial,data_poisoning,27,0.6883333333333334,0.68860486969307,1.4416666666666669
42,ep_sdp,static_dp,adversarial,data_poisoning,28,0.4703333333333333,0.440981050467714,0.35166666666666657
42,ep_sdp,static_dp,adversarial,data_poisoning,29,0.7033333333333334,0.688030426136382,1.5166666666666666
42,ep_sdp,static_dp,adversarial,data_poisoning,30,0.619,0.5820064345378697,1.0949999999999998
42,ep_twa,twa,adversarial,data_poisoning,1,0.9453333333333334,0.946162094301604,2.7266666666666666
42,ep_twa,twa,adversarial,data_poisoning,2,0.943,0.9440160020203104,2.715
42,ep_twa,twa,adversarial,data_poisoning,3,0.949,0.9496148247588844,2.745
42,ep_twa,twa,adversarial,data_poisoning,4,0.956,0.9563513011761536,2.7799999999999994
42,ep_twa,twa,adversarial,data_poisoning,5,0.9756666666666668,0.9756316602211484,2.878333333333334
42,ep_twa,twa,adversarial,data_poisoning,6,0.9756666666666668,0.9753629806881536,2.878333333333334
42,ep_twa,twa,adversarial,data_poisoning,7,0.9723333333333334,0.9719040734413056,2.8616666666666672
42,ep_twa,twa,adversarial,data_poisoning,8,0.972,0.9715611463129658,2.8599999999999994
42,ep_twa,twa,adversarial,data_poisoning,9,0.972,0.97154011157353,2.8599999999999994
42,ep_twa,twa,adversarial,data_poisoning,10,0.97,0.9694602869462596,2.8499999999999996
42,ep_twa,twa,adversarial,data_poisoning,11,0.9686666666666668,0.9680772855514768,2.8433333333333337
42,ep_twa,twa,adversarial,data_poisoning,12,0.9696666666666668,0.9691272405693652,2.8483333333333336
42,ep_twa,twa,adversarial,data_poisoning,13,0.9696666666666668,0.9691344984521348,2.8483333333333336
42,ep_twa,twa,adversarial,data_poisoning,14,0.9713333333333334,0.9708653509939636,2.8566666666666674
42,ep_twa,twa,adversarial,data_poisoning,15,0.9703333333333334,0.9698301180210648,2.8516666666666666
42,ep_twa,twa,adversarial,data_poisoning,16,0.9706666666666668,0.9701805421968968,2.8533333333333335
42,ep_twa,twa,adversarial,data_poisoning,17,0.9703333333333334,0.9698301180210648,2.8516666666666666
42,ep_twa,twa,adversarial,data_poisoning,18,0.9706666666666668,0.9701805421968968,2.8533333333333335
42,ep_twa,twa,adversarial,data_poisoning,19,0.971,0.9705290020738202,2.8549999999999995
42,ep_twa,twa,adversarial,data_poisoning,20,0.972,0.9715803060531988,2.8599999999999994
42,ep_twa,twa,adversarial,data_poisoning,21,0.971,0.9705538421643588,2.8549999999999995
42,ep_twa,twa,adversarial,data_poisoning,22,0.97,0.969499562697246,2.8499999999999996
42,ep_twa,twa,adversarial,data_poisoning,23,0.9696666666666668,0.9691486085127776,2.8483333333333336
42,ep_twa,twa,adversarial,data_poisoning,24,0.97,0.969499562697246,2.8499999999999996
42,ep_twa,twa,adversarial,data_poisoning,25,0.97,0.9694937837858724,2.8499999999999996
42,ep_twa,twa,adversarial,data_poisoning,26,0.9713333333333334,0.9708894282491268,2.8566666666666674
42,ep_twa,twa,adversarial,data_poisoning,27,0.9723333333333334,0.971922338357525,2.8616666666666672
42,ep_twa,twa,adversarial,data_poisoning,28,0.9713333333333334,0.9708832121770596,2.8566666666666674
42,ep_twa,twa,adversarial,data_poisoning,29,0.9713333333333334,0.9708670511300356,2.8566666666666674
42,ep_twa,twa,adversarial,data_poisoning,30,0.971,0.9705190667451632,2.8549999999999995
42,ep_ppa,ppa,adversarial,data_poisoning,1,0.943,0.944006018003096,2.715
42,ep_ppa,ppa,adversarial,data_poisoning,2,0.9406666666666668,0.9417903780057127,2.703333333333334
42,ep_ppa,ppa,adversarial,data_poisoning,3,0.9493333333333334,0.9499687149260068,2.746666666666667
42,ep_ppa,ppa,adversarial,data_poisoning,4,0.9563333333333334,0.95668984771442,2.781666666666667
42,ep_ppa,ppa,adversarial,data_poisoning,5,0.9756666666666668,0.9756316602211484,2.878333333333334
42,ep_ppa,ppa,adversarial,data_poisoning,6,0.9756666666666668,0.9753587444800236,2.878333333333334
42,ep_ppa,ppa,adversarial,data_poisoning,7,0.972,0.97155952211138,2.8599999999999994
42,ep_ppa,ppa,adversarial,data_poisoning,8,0.972,0.9715611463129658,2.8599999999999994
42,ep_ppa,ppa,adversarial,data_poisoning,9,0.9673333333333334,0.9666739807484626,2.836666666666667
42,ep_ppa,ppa,adversarial,data_poisoning,10,0.9703333333333334,0.9698069006946486,2.8516666666666666
42,ep_ppa,ppa,adversarial,data_poisoning,11,0.9736666666666668,0.973275487012118,2.868333333333334
42,ep_ppa,ppa,adversarial,data_poisoning,12,0.9716666666666668,0.9711903061133648,2.8583333333333343
42,ep_ppa,ppa,adversarial,data_poisoning,13,0.9686666666666668,0.9680713838626548,2.8433333333333337
42,ep_ppa,ppa,adversarial,data_poisoning,14,0.9686666666666668,0.9680959438278124,2.8433333333333337
42,ep_ppa,ppa,adversarial,data_poisoning,15,0.9616666666666668,0.960982709419465,2.8083333333333336
42,ep_ppa,ppa,adversarial,data_poisoning,16,0.9486666666666668,0.94809216857685,2.743333333333334
42,ep_ppa,ppa,adversarial,data_poisoning,17,0.962,0.9612266280064854,2.8099999999999996
42,ep_ppa,ppa,adversarial,data_poisoning,18,0.9393333333333334,0.9388476855170996,2.696666666666667
42,ep_ppa,ppa,adversarial,data_poisoning,19,0.9623333333333334,0.962098175164547,2.8116666666666665
42,ep_ppa,ppa,adversarial,data_poisoning,20,0.964,0.9638218635241514,2.8200000000000003
42,ep_ppa,ppa,adversarial,data_poisoning,21,0.943,0.94262255693773,2.715
42,ep_ppa,ppa,adversarial,data_poisoning,22,0.9536666666666668,0.9533439386380184,2.7683333333333335
42,ep_ppa,ppa,adversarial,data_poisoning,23,0.914,0.9166526441164684,2.5700000000000003
42,ep_ppa,ppa,adversarial,data_poisoning,24,0.472,0.3994646923932318,0.3599999999999999
42,ep_ppa,ppa,adversarial,data_poisoning,25,0.7426666666666667,0.7318103253488717,1.7133333333333334
42,ep_ppa,ppa,adversarial,data_poisoning,26,0.791,0.7789795725187665,1.955
42,ep_ppa,ppa,adversarial,data_poisoning,27,0.9756666666666668,0.9755535416984322,2.878333333333334
42,ep_ppa,ppa,adversarial,data_poisoning,28,0.9423333333333334,0.9427359733227616,2.711666666666667
42,ep_ppa,ppa,adversarial,data_poisoning,29,0.5363333333333333,0.4876390694910922,0.6816666666666666
42,ep_ppa,ppa,adversarial,data_poisoning,30,0.6276666666666667,0.6350169618186763,1.1383333333333336
42,ep_sdp-ppa,sdp_ppa,adversarial,data_poisoning,1,0.4706666666666667,0.4146408949049417,0.3533333333333335
42,ep_sdp-ppa,sdp_ppa,adversarial,data_poisoning,2,0.8673333333333333,0.869777775539393,2.336666666666666
42,ep_sdp-ppa,sdp_ppa,adversarial,data_poisoning,3,0.9053333333333332,0.9004583310818098,2.5266666666666664
42,ep_sdp-ppa,sdp_ppa,adversarial,data_poisoning,4,0.9393333333333334,0.9401046210645408,2.696666666666667
42,ep_sdp-ppa,sdp_ppa,adversarial,data_poisoning,5,0.9223333333333332,0.9236671281728084,2.6116666666666664
42,ep_sdp-ppa,sdp_ppa,adversarial,data_poisoning,6,0.9206666666666666,0.9199646483353806,2.6033333333333335
42,ep_sdp-ppa,sdp_ppa,adversarial,data_poisoning,7,0.9463333333333334,0.9460113774895634,2.7316666666666665
42,ep_sdp-ppa,sdp_ppa,adversarial,data_poisoning,8,0.928,0.9280152568126888,2.6400000000000006
42,ep_sdp-ppa,sdp_ppa,adversarial,data_poisoning,9,0.96,0.9596235255312592,2.8
42,ep_sdp-ppa,sdp_ppa,adversarial,data_poisoning,10,0.9403333333333334,0.9389532953297288,2.701666666666667
42,ep_sdp-ppa,sdp_ppa,adversarial,data_poisoning,11,0.9466666666666668,0.944973392395269,2.7333333333333343
42,ep_sdp-ppa,sdp_ppa,adversarial,data_poisoning,12,0.8273333333333334,0.8149568980745749,2.1366666666666667
42,ep_sdp-ppa,sdp_ppa,adversarial,data_poisoning,13,0.9433333333333334,0.9431570902979308,2.716666666666667
42,ep_sdp-ppa,sdp_ppa,adversarial,data_poisoning,14,0.9603333333333334,0.9603958942671698,2.8016666666666667
42,ep_sdp-ppa,sdp_ppa,adversarial,data_poisoning,15,0.929,0.9269826057051496,2.6450000000000005
42,ep_sdp-ppa,sdp_ppa,adversarial,data_poisoning,16,0.7763333333333333,0.7701388410028602,1.8816666666666668
42,ep_sdp-ppa,sdp_ppa,adversarial,data_poisoning,17,0.7233333333333334,0.7012324437661881,1.6166666666666671
42,ep_sdp-ppa,sdp_ppa,adversarial,data_poisoning,18,0.697,0.6788680523002298,1.4849999999999999
42,ep_sdp-ppa,sdp_ppa,adversarial,data_poisoning,19,0.6186666666666667,0.5542046924321166,1.0933333333333337
42,ep_sdp-ppa,sdp_ppa,adversarial,data_poisoning,20,0.4883333333333333,0.4607210267604957,0.44166666666666643
42,ep_sdp-ppa,sdp_ppa,adversarial,data_poisoning,21,0.717,0.7123420850911422,1.585
42,ep_sdp-ppa,sdp_ppa,adversarial,data_poisoning,22,0.6156666666666667,0.6175234074817058,1.0783333333333336
42,ep_sdp-ppa,sdp_ppa,adversarial,data_poisoning,23,0.584,0.4992921580338593,0.9199999999999999
42,ep_sdp-ppa,sdp_ppa,adversarial,data_poisoning,24,0.748,0.7357312354686926,1.7400000000000002
42,ep_sdp-ppa,sdp_ppa,adversarial,data_poisoning,25,0.7836666666666666,0.7749787795487467,1.918333333333333
42,ep_sdp-ppa,sdp_ppa,adversarial,data_poisoning,26,0.7133333333333334,0.7136267268805696,1.5666666666666669
42,ep_sdp-ppa,sdp_ppa,adversarial,data_poisoning,27,0.681,0.6823046177609269,1.4050000000000002
42,ep_sdp-ppa,sdp_ppa,adversarial,data_poisoning,28,0.4683333333333333,0.4369976999676617,0.3416666666666668
42,ep_sdp-ppa,sdp_ppa,adversarial,data_poisoning,29,0.6873333333333334,0.6658412739191062,1.4366666666666665
42,ep_sdp-ppa,sdp_ppa,adversarial,data_poisoning,30,0.6186666666666667,0.5813278553330445,1.0933333333333337
42,ep_twa-ppa,twa_ppa,adversarial,data_poisoning,1,0.9453333333333334,0.946162094301604,2.7266666666666666
42,ep_twa-ppa,twa_ppa,adversarial,data_poisoning,2,0.943,0.9440160020203104,2.715
42,ep_twa-ppa,twa_ppa,adversarial,data_poisoning,3,0.949,0.9496148247588844,2.745
42,ep_twa-ppa,twa_ppa,adversarial,data_poisoning,4,0.956,0.9563513011761536,2.7799999999999994
42,ep_twa-ppa,twa_ppa,adversarial,data_poisoning,5,0.9756666666666668,0.9756316602211484,2.878333333333334
42,ep_twa-ppa,twa_ppa,adversarial,data_poisoning,6,0.9756666666666668,0.9753629806881536,2.878333333333334
42,ep_twa-ppa,twa_ppa,adversarial,data_poisoning,7,0.9723333333333334,0.9719040734413056,2.8616666666666672
42,ep_twa-ppa,twa_ppa,adversarial,data_poisoning,8,0.972,0.9715611463129658,2.8599999999999994
42,ep_twa-ppa,twa_ppa,adversarial,data_poisoning,9,0.972,0.97154011157353,2.8599999999999994
42,ep_twa-ppa,twa_ppa,adversarial,data_poisoning,10,0.97,0.9694602869462596,2.8499999999999996
42,ep_twa-ppa,twa_ppa,adversarial,data_poisoning,11,0.9686666666666668,0.9680772855514768,2.8433333333333337
42,ep_twa-ppa,twa_ppa,adversarial,data_poisoning,12,0.9696666666666668,0.9691272405693652,2.8483333333333336
42,ep_twa-ppa,twa_ppa,adversarial,data_poisoning,13,0.9696666666666668,0.969129121957835,2.8483333333333336
42,ep_twa-ppa,twa_ppa,adversarial,data_poisoning,14,0.9713333333333334,0.9708653509939636,2.8566666666666674
42,ep_twa-ppa,twa_ppa,adversarial,data_poisoning,15,0.9703333333333334,0.9698301180210648,2.8516666666666666
42,ep_twa-ppa,twa_ppa,adversarial,data_poisoning,16,0.9706666666666668,0.9701805421968968,2.8533333333333335
42,ep_twa-ppa,twa_ppa,adversarial,data_poisoning,17,0.9703333333333334,0.9698301180210648,2.8516666666666666
42,ep_twa-ppa,twa_ppa,adversarial,data_poisoning,18,0.9706666666666668,0.9701805421968968,2.8533333333333335
42,ep_twa-ppa,twa_ppa,adversarial,data_poisoning,19,0.971,0.970534590873862,2.8549999999999995
42,ep_twa-ppa,twa_ppa,adversarial,data_poisoning,20,0.972,0.9715803060531988,2.8599999999999994
42,ep_twa-ppa,twa_ppa,adversarial,data_poisoning,21,0.9713333333333334,0.9709031041645616,2.8566666666666674
42,ep_twa-ppa,twa_ppa,adversarial,data_poisoning,22,0.97,0.969499562697246,2.8499999999999996
42,ep_twa-ppa,twa_ppa,adversarial,data_poisoning,23,0.9696666666666668,0.9691486085127776,2.8483333333333336
42,ep_twa-ppa,twa_ppa,adversarial,data_poisoning,24,0.97,0.969499562697246,2.8499999999999996
42,ep_twa-ppa,twa_ppa,adversarial,data_poisoning,25,0.97,0.9694937837858724,2.8499999999999996
42,ep_twa-ppa,twa_ppa,adversarial,data_poisoning,26,0.9713333333333334,0.9708894282491268,2.8566666666666674
42,ep_twa-ppa,twa_ppa,adversarial,data_poisoning,27,0.9723333333333334,0.971922338357525,2.8616666666666672
42,ep_twa-ppa,twa_ppa,adversarial,data_poisoning,28,0.9713333333333334,0.9708832121770596,2.8566666666666674
42,ep_twa-ppa,twa_ppa,adversarial,data_poisoning,29,0.9713333333333334,0.9708670511300356,2.8566666666666674
42,ep_twa-ppa,twa_ppa,adversarial,data_poisoning,30,0.971,0.9705190667451632,2.8549999999999995
42,ep_0,fedavg,adversarial,reward_poisoning,1,0.9433333333333334,0.9443187038993912,2.716666666666667
42,ep_0,fedavg,adversarial,reward_poisoning,2,0.9436666666666668,0.944789207841202,2.7183333333333337
42,ep_0,fedavg,adversarial,reward_poisoning,3,0.95,0.950634838914623,2.75
42,ep_0,fedavg,adversarial,reward_poisoning,4,0.9613333333333334,0.9616567331377468,2.8066666666666666
42,ep_0,fedavg,adversarial,reward_poisoning,5,0.977,0.9769810684633252,2.885
42,ep_0,fedavg,adversarial,reward_poisoning,6,0.98,0.9798278663140134,2.9000000000000004
42,ep_0,fedavg,adversarial,reward_poisoning,7,0.9776666666666668,0.9774092201842156,2.8883333333333336
42,ep_0,fedavg,adversarial,reward_poisoning,8,0.9733333333333334,0.9729404563936248,2.866666666666667
42,ep_0,fedavg,adversarial,reward_poisoning,9,0.9673333333333334,0.9666739657292932,2.836666666666667
42,ep_0,fedavg,adversarial,reward_poisoning,10,0.9713333333333334,0.97085130549737,2.8566666666666674
42,ep_0,fedavg,adversarial,reward_poisoning,11,0.972,0.9715421087153135,2.8599999999999994
42,ep_0,fedavg,adversarial,reward_poisoning,12,0.971,0.9704973346231518,2.8549999999999995
42,ep_0,fedavg,adversarial,reward_poisoning,13,0.9686666666666668,0.9680816617449742,2.8433333333333337
42,ep_0,fedavg,adversarial,reward_poisoning,14,0.9653333333333334,0.9647781928673548,2.826666666666667
42,ep_0,fedavg,adversarial,reward_poisoning,15,0.9556666666666668,0.9551949769158516,2.778333333333334
42,ep_0,fedavg,adversarial,reward_poisoning,16,0.9476666666666668,0.9471622987407778,2.738333333333334
42,ep_0,fedavg,adversarial,reward_poisoning,17,0.953,0.9523564182788292,2.7649999999999997
42,ep_0,fedavg,adversarial,reward_poisoning,18,0.9333333333333332,0.9331042533942674,2.666666666666666
42,ep_0,fedavg,adversarial,reward_poisoning,19,0.964,0.9638862657857624,2.8200000000000003
42,ep_0,fedavg,adversarial,reward_poisoning,20,0.9676666666666668,0.9675769997440196,2.838333333333334
42,ep_0,fedavg,adversarial,reward_poisoning,21,0.9456666666666668,0.9455418954406772,2.7283333333333335
42,ep_0,fedavg,adversarial,reward_poisoning,22,0.9446666666666668,0.9451195323181182,2.7233333333333336
42,ep_0,fedavg,adversarial,reward_poisoning,23,0.8786666666666667,0.8843026341061684,2.3933333333333335
42,ep_0,fedavg,adversarial,reward_poisoning,24,0.6363333333333333,0.5847780213553436,1.1816666666666666
42,ep_0,fedavg,adversarial,reward_poisoning,25,0.7403333333333333,0.7354045422446105,1.7016666666666662
42,ep_0,fedavg,adversarial,reward_poisoning,26,0.897,0.8992956362777604,2.4850000000000003
42,ep_0,fedavg,adversarial,reward_poisoning,27,0.8223333333333334,0.8130172698800016,2.1116666666666664
42,ep_0,fedavg,adversarial,reward_poisoning,28,0.8916666666666667,0.8929606906679501,2.458333333333334
42,ep_0,fedavg,adversarial,reward_poisoning,29,0.623,0.629605672415145,1.1150000000000002
42,ep_0,fedavg,adversarial,reward_poisoning,30,0.4923333333333333,0.4871105382700757,0.46166666666666645
42,ep_sdp,static_dp,adversarial,reward_poisoning,1,0.474,0.4179946450031857,0.3700000000000001
42,ep_sdp,static_dp,adversarial,reward_poisoning,2,0.8533333333333334,0.8563567387501279,2.2666666666666666
42,ep_sdp,static_dp,adversarial,reward_poisoning,3,0.9096666666666666,0.905997421509822,2.548333333333333
42,ep_sdp,static_dp,adversarial,reward_poisoning,4,0.9403333333333334,0.9410286510595304,2.701666666666667
42,ep_sdp,static_dp,adversarial,reward_poisoning,5,0.847,0.8452077539886572,2.2349999999999994
42,ep_sdp,static_dp,adversarial,reward_poisoning,6,0.9196666666666666,0.9193784171919994,2.5983333333333327
42,ep_sdp,static_dp,adversarial,reward_poisoning,7,0.949,0.9490462798773582,2.745
42,ep_sdp,static_dp,adversarial,reward_poisoning,8,0.93,0.9300630892928444,2.6500000000000004
42,ep_sdp,static_dp,adversarial,reward_poisoning,9,0.9626666666666668,0.96242589653166,2.8133333333333344
42,ep_sdp,static_dp,adversarial,reward_poisoning,10,0.9406666666666668,0.9394435645645672,2.703333333333334
42,ep_sdp,static_dp,adversarial,reward_poisoning,11,0.9453333333333334,0.9435631976892797,2.7266666666666666
42,ep_sdp,static_dp,adversarial,reward_poisoning,12,0.831,0.8186101840479985,2.1549999999999994
42,ep_sdp,static_dp,adversarial,reward_poisoning,13,0.9663333333333334,0.9662621039840192,2.831666666666667
42,ep_sdp,static_dp,adversarial,reward_poisoning,14,0.949,0.9494406565025624,2.745
42,ep_sdp,static_dp,adversarial,reward_poisoning,15,0.9263333333333332,0.9243161682187404,2.631666666666666
42,ep_sdp,static_dp,adversarial,reward_poisoning,16,0.7723333333333333,0.7665071076108387,1.8616666666666664
42,ep_sdp,static_dp,adversarial,reward_poisoning,17,0.7386666666666667,0.7147499620550125,1.6933333333333334
42,ep_sdp,static_dp,adversarial,reward_poisoning,18,0.687,0.6628082975391485,1.4350000000000005
42,ep_sdp,static_dp,adversarial,reward_poisoning,19,0.629,0.5603844206196127,1.145
42,ep_sdp,static_dp,adversarial,reward_poisoning,20,0.4786666666666667,0.4455154891251773,0.39333333333333353
42,ep_sdp,static_dp,adversarial,reward_poisoning,21,0.6786666666666666,0.6706286214774477,1.393333333333333
42,ep_sdp,static_dp,adversarial,reward_poisoning,22,0.5763333333333334,0.5770289528527722,0.8816666666666668
42,ep_sdp,static_dp,adversarial,reward_poisoning,23,0.5576666666666666,0.4756588906396276,0.7883333333333331
42,ep_sdp,static_dp,adversarial,reward_poisoning,24,0.7253333333333334,0.7066714495672303,1.626666666666667
42,ep_sdp,static_dp,adversarial,reward_poisoning,25,0.754,0.7416013515666713,1.77
42,ep_sdp,static_dp,adversarial,reward_poisoning,26,0.5236666666666666,0.5291274311175125,0.6183333333333332
42,ep_sdp,static_dp,adversarial,reward_poisoning,27,0.627,0.6184481242598039,1.1349999999999998
42,ep_sdp,static_dp,adversarial,reward_poisoning,28,0.476,0.4391950464508706,0.3799999999999999
42,ep_sdp,static_dp,adversarial,reward_poisoning,29,0.663,0.6465533486616803,1.3150000000000004
42,ep_sdp,static_dp,adversarial,reward_poisoning,30,0.579,0.5194992522565492,0.8949999999999996
42,ep_twa,twa,adversarial,reward_poisoning,1,0.9463333333333334,0.9472094545811692,2.7316666666666665
42,ep_twa,twa,adversarial,reward_poisoning,2,0.9436666666666668,0.9448037009760012,2.7183333333333337
42,ep_twa,twa,adversarial,reward_poisoning,3,0.95,0.950634838914623,2.75
42,ep_twa,twa,adversarial,reward_poisoning,4,0.9626666666666668,0.9629827036401571,2.8133333333333344
42,ep_twa,twa,adversarial,reward_poisoning,5,0.9773333333333334,0.9773169107265776,2.8866666666666667
42,ep_twa,twa,adversarial,reward_poisoning,6,0.978,0.9778436761909728,2.8899999999999997
42,ep_twa,twa,adversarial,reward_poisoning,7,0.978,0.9777390684638844,2.8899999999999997
42,ep_twa,twa,adversarial,reward_poisoning,8,0.9733333333333334,0.9729404563936248,2.866666666666667
42,ep_twa,twa,adversarial,reward_poisoning,9,0.972,0.971566703208745,2.8599999999999994
42,ep_twa,twa,adversarial,reward_poisoning,10,0.9723333333333334,0.9718906039963628,2.8616666666666672
42,ep_twa,twa,adversarial,reward_poisoning,11,0.9693333333333334,0.9687773090398488,2.8466666666666667
42,ep_twa,twa,adversarial,reward_poisoning,12,0.971,0.9705264549536542,2.8549999999999995
42,ep_twa,twa,adversarial,reward_poisoning,13,0.9693333333333334,0.9687918253839596,2.8466666666666667
42,ep_twa,twa,adversarial,reward_poisoning,14,0.9706666666666668,0.9701788420608248,2.8533333333333335
42,ep_twa,twa,adversarial,reward_poisoning,15,0.97,0.9694884177764722,2.8499999999999996
42,ep_twa,twa,adversarial,reward_poisoning,16,0.9703333333333334,0.9698371946514364,2.8516666666666666
42,ep_twa,twa,adversarial,reward_poisoning,17,0.97,0.9694865057523084,2.8499999999999996
42,ep_twa,twa,adversarial,reward_poisoning,18,0.9703333333333334,0.9698371946514364,2.8516666666666666
42,ep_twa,twa,adversarial,reward_poisoning,19,0.9716666666666668,0.9712317835779422,2.8583333333333343
42,ep_twa,twa,adversarial,reward_poisoning,20,0.972,0.9715813706941726,2.8599999999999994
42,ep_twa,twa,adversarial,reward_poisoning,21,0.971,0.9705470108875364,2.8549999999999995
42,ep_twa,twa,adversarial,reward_poisoning,22,0.9696666666666668,0.9691503086488495,2.8483333333333336
42,ep_twa,twa,adversarial,reward_poisoning,23,0.9693333333333334,0.9687990886154028,2.8466666666666667
42,ep_twa,twa,adversarial,reward_poisoning,24,0.971,0.9705405938015872,2.8549999999999995
42,ep_twa,twa,adversarial,reward_poisoning,25,0.9706666666666668,0.9701917088944304,2.8533333333333335
42,ep_twa,twa,adversarial,reward_poisoning,26,0.971,0.9705405938015872,2.8549999999999995
42,ep_twa,twa,adversarial,reward_poisoning,27,0.972,0.9715732294228272,2.8599999999999994
42,ep_twa,twa,adversarial,reward_poisoning,28,0.9716666666666668,0.9712317835779422,2.8583333333333343
42,ep_twa,twa,adversarial,reward_poisoning,29,0.9706666666666668,0.9701917088944304,2.8533333333333335
42,ep_twa,twa,adversarial,reward_poisoning,30,0.9693333333333334,0.968779813948552,2.8466666666666667
42,ep_ppa,ppa,adversarial,reward_poisoning,1,0.9433333333333334,0.9443187038993912,2.716666666666667
42,ep_ppa,ppa,adversarial,reward_poisoning,2,0.9436666666666668,0.944789207841202,2.7183333333333337
42,ep_ppa,ppa,adversarial,reward_poisoning,3,0.95,0.950634838914623,2.75
42,ep_ppa,ppa,adversarial,reward_poisoning,4,0.9613333333333334,0.9616567331377468,2.8066666666666666
42,ep_ppa,ppa,adversarial,reward_poisoning,5,0.977,0.9769810684633252,2.885
42,ep_ppa,ppa,adversarial,reward_poisoning,6,0.9796666666666668,0.979484126273494,2.8983333333333343
42,ep_ppa,ppa,adversarial,reward_poisoning,7,0.9776666666666668,0.9774092201842156,2.8883333333333336
42,ep_ppa,ppa,adversarial,reward_poisoning,8,0.9733333333333334,0.9729404563936248,2.866666666666667
42,ep_ppa,ppa,adversarial,reward_poisoning,9,0.9673333333333334,0.9666739657292932,2.836666666666667
42,ep_ppa,ppa,adversarial,reward_poisoning,10,0.9713333333333334,0.97085130549737,2.8566666666666674
42,ep_ppa,ppa,adversarial,reward_poisoning,11,0.9723333333333334,0.9718888830982412,2.8616666666666672
42,ep_ppa,ppa,adversarial,reward_poisoning,12,0.971,0.9704973346231518,2.8549999999999995
42,ep_ppa,ppa,adversarial,reward_poisoning,13,0.9686666666666668,0.9680886509526646,2.8433333333333337
42,ep_ppa,ppa,adversarial,reward_poisoning,14,0.965,0.9644341024839952,2.825
42,ep_ppa,ppa,adversarial,reward_poisoning,15,0.9553333333333334,0.9548914770422494,2.7766666666666673
42,ep_ppa,ppa,adversarial,reward_poisoning,16,0.9473333333333334,0.9468194228497104,2.7366666666666664
42,ep_ppa,ppa,adversarial,reward_poisoning,17,0.9526666666666668,0.9520341456520148,2.7633333333333336
42,ep_ppa,ppa,adversarial,reward_poisoning,18,0.9336666666666666,0.9334051344161368,2.668333333333333
42,ep_ppa,ppa,adversarial,reward_poisoning,19,0.9656666666666668,0.9655287094361158,2.828333333333334
42,ep_ppa,ppa,adversarial,reward_poisoning,20,0.9673333333333334,0.9672267562004752,2.836666666666667
42,ep_ppa,ppa,adversarial,reward_poisoning,21,0.9453333333333334,0.9451501487573304,2.7266666666666666
42,ep_ppa,ppa,adversarial,reward_poisoning,22,0.944,0.9444542542040356,2.7199999999999998
42,ep_ppa,ppa,adversarial,reward_poisoning,23,0.88,0.8853850364888323,2.4000000000000004
42,ep_ppa,ppa,adversarial,reward_poisoning,24,0.646,0.5956539714337847,1.23
42,ep_ppa,ppa,adversarial,reward_poisoning,25,0.7403333333333333,0.734994881816758,1.7016666666666662
42,ep_ppa,ppa,adversarial,reward_poisoning,26,0.905,0.9072574080811768,2.5250000000000004
42,ep_ppa,ppa,adversarial,reward_poisoning,27,0.8376666666666667,0.8305923366975062,2.1883333333333335
42,ep_ppa,ppa,adversarial,reward_poisoning,28,0.8763333333333333,0.8780886402718046,2.381666666666667
42,ep_ppa,ppa,adversarial,reward_poisoning,29,0.6446666666666667,0.653272374889491,1.2233333333333336
42,ep_ppa,ppa,adversarial,reward_poisoning,30,0.493,0.4874018819084968,0.46499999999999986
42,ep_sdp-ppa,sdp_ppa,adversarial,reward_poisoning,1,0.474,0.4179946450031857,0.3700000000000001
42,ep_sdp-ppa,sdp_ppa,adversarial,reward_poisoning,2,0.853,0.8560173113560906,2.2649999999999997
42,ep_sdp-ppa,sdp_ppa,adversarial,reward_poisoning,3,0.9096666666666666,0.905997421509822,2.548333333333333
42,ep_sdp-ppa,sdp_ppa,adversarial,reward_poisoning,4,0.9403333333333334,0.9410286510595304,2.701666666666667
42,ep_sdp-ppa,sdp_ppa,adversarial,reward_poisoning,5,0.8466666666666667,0.844928156285887,2.2333333333333334
42,ep_sdp-ppa,sdp_ppa,adversarial,reward_poisoning,6,0.9196666666666666,0.9193784171919994,2.5983333333333327
42,ep_sdp-ppa,sdp_ppa,adversarial,reward_poisoning,7,0.949,0.9490462798773582,2.745
42,ep_sdp-ppa,sdp_ppa,adversarial,reward_poisoning,8,0.93,0.9300630892928444,2.6500000000000004
42,ep_sdp-ppa,sdp_ppa,adversarial,reward_poisoning,9,0.9626666666666668,0.96242589653166,2.8133333333333344
42,ep_sdp-ppa,sdp_ppa,adversarial,reward_poisoning,10,0.94,0.9387449860062616,2.6999999999999993
42,ep_sdp-ppa,sdp_ppa,adversarial,reward_poisoning,11,0.9453333333333334,0.9435761715570564,2.7266666666666666
42,ep_sdp-ppa,sdp_ppa,adversarial,reward_poisoning,12,0.8303333333333334,0.8179585806295604,2.1516666666666673
42,ep_sdp-ppa,sdp_ppa,adversarial,reward_poisoning,13,0.9666666666666668,0.9665946686097436,2.833333333333334
42,ep_sdp-ppa,sdp_ppa,adversarial,reward_poisoning,14,0.9496666666666668,0.9500827750428908,2.748333333333334
42,ep_sdp-ppa,sdp_ppa,adversarial,reward_poisoning,15,0.927,0.9250078810153354,2.635
42,ep_sdp-ppa,sdp_ppa,adversarial,reward_poisoning,16,0.773,0.7672785221944481,1.8650000000000002
42,ep_sdp-ppa,sdp_ppa,adversarial,reward_poisoning,17,0.74,0.7162089339774438,1.7000000000000002
42,ep_sdp-ppa,sdp_ppa,adversarial,reward_poisoning,18,0.689,0.6656559411599158,1.4449999999999998
42,ep_sdp-ppa,sdp_ppa,adversarial,reward_poisoning,19,0.6436666666666667,0.5793016164784146,1.2183333333333337
42,ep_sdp-ppa,sdp_ppa,adversarial,reward_poisoning,20,0.4793333333333333,0.4470547570978393,0.3966666666666665
42,ep_sdp-ppa,sdp_ppa,adversarial,reward_poisoning,21,0.6696666666666666,0.6616023020745527,1.3483333333333332
42,ep_sdp-ppa,sdp_ppa,adversarial,reward_poisoning,22,0.5736666666666667,0.5736455888290449,0.8683333333333332
42,ep_sdp-ppa,sdp_ppa,adversarial,reward_poisoning,23,0.553,0.4637389091480844,0.7650000000000001
42,ep_sdp-ppa,sdp_ppa,adversarial,reward_poisoning,24,0.726,0.7084869285672379,1.63
42,ep_sdp-ppa,sdp_ppa,adversarial,reward_poisoning,25,0.7616666666666667,0.7491330471511927,1.8083333333333336
42,ep_sdp-ppa,sdp_ppa,adversarial,reward_poisoning,26,0.586,0.5916603296922738,0.9299999999999997
42,ep_sdp-ppa,sdp_ppa,adversarial,reward_poisoning,27,0.6273333333333333,0.6195620529051336,1.1366666666666667
42,ep_sdp-ppa,sdp_ppa,adversarial,reward_poisoning,28,0.473,0.4360896404267257,0.36499999999999977
42,ep_sdp-ppa,sdp_ppa,adversarial,reward_poisoning,29,0.662,0.6453174773753622,1.31
42,ep_sdp-ppa,sdp_ppa,adversarial,reward_poisoning,30,0.5786666666666667,0.5184703618260651,0.8933333333333335
42,ep_twa-ppa,twa_ppa,adversarial,reward_poisoning,1,0.9463333333333334,0.9472094545811692,2.7316666666666665
42,ep_twa-ppa,twa_ppa,adversarial,reward_poisoning,2,0.9436666666666668,0.9448037009760012,2.7183333333333337
42,ep_twa-ppa,twa_ppa,adversarial,reward_poisoning,3,0.95,0.950634838914623,2.75
42,ep_twa-ppa,twa_ppa,adversarial,reward_poisoning,4,0.9626666666666668,0.9629827036401571,2.8133333333333344
42,ep_twa-ppa,twa_ppa,adversarial,reward_poisoning,5,0.9773333333333334,0.9773169107265776,2.8866666666666667
42,ep_twa-ppa,twa_ppa,adversarial,reward_poisoning,6,0.978,0.9778436761909728,2.8899999999999997
42,ep_twa-ppa,twa_ppa,adversarial,reward_poisoning,7,0.978,0.9777390684638844,2.8899999999999997
42,ep_twa-ppa,twa_ppa,adversarial,reward_poisoning,8,0.9733333333333334,0.9729404563936248,2.866666666666667
42,ep_twa-ppa,twa_ppa,adversarial,reward_poisoning,9,0.972,0.971566703208745,2.8599999999999994
42,ep_twa-ppa,twa_ppa,adversarial,reward_poisoning,10,0.9723333333333334,0.9718906039963628,2.8616666666666672
42,ep_twa-ppa,twa_ppa,adversarial,reward_poisoning,11,0.9693333333333334,0.9687773090398488,2.8466666666666667
42,ep_twa-ppa,twa_ppa,adversarial,reward_poisoning,12,0.971,0.9705264549536542,2.8549999999999995
42,ep_twa-ppa,twa_ppa,adversarial,reward_poisoning,13,0.9693333333333334,0.9687918253839596,2.8466666666666667
42,ep_twa-ppa,twa_ppa,adversarial,reward_poisoning,14,0.9703333333333334,0.9698354945153644,2.8516666666666666
42,ep_twa-ppa,twa_ppa,adversarial,reward_poisoning,15,0.97,0.9694884177764722,2.8499999999999996
42,ep_twa-ppa,twa_ppa,adversarial,reward_poisoning,16,0.9703333333333334,0.9698371946514364,2.8516666666666666
42,ep_twa-ppa,twa_ppa,adversarial,reward_poisoning,17,0.97,0.9694865057523084,2.8499999999999996
42,ep_twa-ppa,twa_ppa,adversarial,reward_poisoning,18,0.9706666666666668,0.9701878350720446,2.8533333333333335
42,ep_twa-ppa,twa_ppa,adversarial,reward_poisoning,19,0.9716666666666668,0.9712317835779422,2.8583333333333343
42,ep_twa-ppa,twa_ppa,adversarial,reward_poisoning,20,0.972,0.9715813706941726,2.8599999999999994
42,ep_twa-ppa,twa_ppa,adversarial,reward_poisoning,21,0.9713333333333334,0.9708894282491268,2.8566666666666674
42,ep_twa-ppa,twa_ppa,adversarial,reward_poisoning,22,0.9693333333333334,0.9687990886154028,2.8466666666666667
42,ep_twa-ppa,twa_ppa,adversarial,reward_poisoning,23,0.9693333333333334,0.9687990886154028,2.8466666666666667
42,ep_twa-ppa,twa_ppa,adversarial,reward_poisoning,24,0.971,0.9705405938015872,2.8549999999999995
42,ep_twa-ppa,twa_ppa,adversarial,reward_poisoning,25,0.9706666666666668,0.9701917088944304,2.8533333333333335
42,ep_twa-ppa,twa_ppa,adversarial,reward_poisoning,26,0.971,0.9705405938015872,2.8549999999999995
42,ep_twa-ppa,twa_ppa,adversarial,reward_poisoning,27,0.972,0.9715732294228272,2.8599999999999994
42,ep_twa-ppa,twa_ppa,adversarial,reward_poisoning,28,0.9716666666666668,0.9712317835779422,2.8583333333333343
42,ep_twa-ppa,twa_ppa,adversarial,reward_poisoning,29,0.9706666666666668,0.9701917088944304,2.8533333333333335
42,ep_twa-ppa,twa_ppa,adversarial,reward_poisoning,30,0.9693333333333334,0.968779813948552,2.8466666666666667
123,ep_0,fedavg,clean,none,1,0.771,0.7778992133850575,1.855
123,ep_0,fedavg,clean,none,2,0.917,0.9185475551675076,2.585
123,ep_0,fedavg,clean,none,3,0.9503333333333334,0.9508066266714622,2.751666666666667
123,ep_0,fedavg,clean,none,4,0.97,0.9701197800965669,2.8499999999999996
123,ep_0,fedavg,clean,none,5,0.98,0.9800030966868554,2.9000000000000004
123,ep_0,fedavg,clean,none,6,0.9763333333333334,0.9760556927779436,2.881666666666667
123,ep_0,fedavg,clean,none,7,0.9753333333333334,0.9750191491138436,2.876666666666667
123,ep_0,fedavg,clean,none,8,0.9723333333333334,0.9719102217485972,2.8616666666666672
123,ep_0,fedavg,clean,none,9,0.9553333333333334,0.95395456008698,2.7766666666666673
123,ep_0,fedavg,clean,none,10,0.97,0.9694609674649648,2.8499999999999996
123,ep_0,fedavg,clean,none,11,0.972,0.9715553380327736,2.8599999999999994
123,ep_0,fedavg,clean,none,12,0.975,0.9746663781429058,2.875
123,ep_0,fedavg,clean,none,13,0.9763333333333334,0.9760668331295624,2.881666666666667
123,ep_0,fedavg,clean,none,14,0.9763333333333334,0.9760410553094214,2.881666666666667
123,ep_0,fedavg,clean,none,15,0.9723333333333334,0.9722143730657324,2.8616666666666672
123,ep_0,fedavg,clean,none,16,0.976,0.9756952521161292,2.88
123,ep_0,fedavg,clean,none,17,0.9756666666666668,0.9754907703932678,2.878333333333334
123,ep_0,fedavg,clean,none,18,0.974,0.97384455375341,2.87
123,ep_0,fedavg,clean,none,19,0.9633333333333334,0.9633416101513034,2.8166666666666664
123,ep_0,fedavg,clean,none,20,0.9626666666666668,0.963002376912694,2.8133333333333344
123,ep_0,fedavg,clean,none,21,0.7483333333333333,0.6873523394588495,1.7416666666666663
123,ep_0,fedavg,clean,none,22,0.9726666666666668,0.9725989145417312,2.863333333333334
123,ep_0,fedavg,clean,none,23,0.974,0.9741012138900996,2.87
123,ep_0,fedavg,clean,none,24,0.9666666666666668,0.966994838184851,2.833333333333334
123,ep_0,fedavg,clean,none,25,0.6506666666666666,0.5903942675051094,1.253333333333333
123,ep_0,fedavg,clean,none,26,0.528,0.4670922808767094,0.6400000000000001
123,ep_0,fedavg,clean,none,27,0.455,0.345072711025813,0.2749999999999999
123,ep_0,fedavg,clean,none,28,0.677,0.6637924606595025,1.3850000000000002
123,ep_0,fedavg,clean,none,29,0.5333333333333333,0.4571339925766034,0.6666666666666665
123,ep_0,fedavg,clean,none,30,0.6093333333333333,0.5463595775926415,1.0466666666666664
123,ep_sdp,static_dp,clean,none,1,0.486,0.3693036023021749,0.4299999999999997
123,ep_sdp,static_dp,clean,none,2,0.8803333333333333,0.8815613441988132,2.4016666666666664
123,ep_sdp,static_dp,clean,none,3,0.8753333333333333,0.8742757269284943,2.376666666666667
123,ep_sdp,static_dp,clean,none,4,0.9086666666666666,0.9084739491596966,2.543333333333333
123,ep_sdp,static_dp,clean,none,5,0.9696666666666668,0.9694802635766844,2.8483333333333336
123,ep_sdp,static_dp,clean,none,6,0.9713333333333334,0.9710520677446705,2.8566666666666674
123,ep_sdp,static_dp,clean,none,7,0.9753333333333334,0.9751720446979611,2.876666666666667
123,ep_sdp,static_dp,clean,none,8,0.9806666666666668,0.980584571193253,2.903333333333334
123,ep_sdp,static_dp,clean,none,9,0.9696666666666668,0.969686152432664,2.8483333333333336
123,ep_sdp,static_dp,clean,none,10,0.9426666666666668,0.9409927420425253,2.713333333333334
123,ep_sdp,static_dp,clean,none,11,0.947,0.9458033116425364,2.7349999999999994
123,ep_sdp,static_dp,clean,none,12,0.9416666666666668,0.9408145447761552,2.708333333333334
123,ep_sdp,static_dp,clean,none,13,0.9576666666666668,0.957631410316237,2.788333333333334
123,ep_sdp,static_dp,clean,none,14,0.8,0.8021324498800855,2.0
123,ep_sdp,static_dp,clean,none,15,0.947,0.9462489531434376,2.7349999999999994
123,ep_sdp,static_dp,clean,none,16,0.891,0.8855405331832646,2.455
123,ep_sdp,static_dp,clean,none,17,0.6983333333333334,0.6716694839784267,1.4916666666666667
123,ep_sdp,static_dp,clean,none,18,0.657,0.5830005125426978,1.2850000000000001
123,ep_sdp,static_dp,clean,none,19,0.8053333333333333,0.792408368868163,2.0266666666666664
123,ep_sdp,static_dp,clean,none,20,0.835,0.8294320987394391,2.175
123,ep_sdp,static_dp,clean,none,21,0.4663333333333333,0.3310365896448419,0.33166666666666655
123,ep_sdp,static_dp,clean,none,22,0.435,0.3330162972380446,0.17499999999999982
123,ep_sdp,static_dp,clean,none,23,0.4193333333333333,0.3115369844904714,0.09666666666666623
123,ep_sdp,static_dp,clean,none,24,0.6373333333333333,0.6128138028669756,1.1866666666666665
123,ep_sdp,static_dp,clean,none,25,0.7576666666666667,0.7309605055486139,1.7883333333333336
123,ep_sdp,static_dp,clean,none,26,0.5103333333333333,0.4640587254885565,0.5516666666666667
123,ep_sdp,static_dp,clean,none,27,0.6256666666666667,0.5407176604710334,1.1283333333333334
123,ep_sdp,static_dp,clean,none,28,0.5016666666666667,0.4048498515000159,0.5083333333333337
123,ep_sdp,static_dp,clean,none,29,0.5446666666666666,0.4768699044257164,0.7233333333333332
123,ep_sdp,static_dp,clean,none,30,0.3643333333333333,0.2628959610047698,-0.17833333333333368
123,ep_twa,twa,clean,none,1,0.773,0.7796842021488917,1.8650000000000002
123,ep_twa,twa,clean,none,2,0.9213333333333332,0.9225666016392452,2.6066666666666665
123,ep_twa,twa,clean,none,3,0.9503333333333334,0.9508066266714622,2.751666666666667
123,ep_twa,twa,clean,none,4,0.9706666666666668,0.9707834446727122,2.8533333333333335
123,ep_twa,twa,clean,none,5,0.981,0.9809944802837128,2.9050000000000002
123,ep_twa,twa,clean,none,6,0.9763333333333334,0.9760556927779436,2.881666666666667
123,ep_twa,twa,clean,none,7,0.9753333333333334,0.9750191491138436,2.876666666666667
123,ep_twa,twa,clean,none,8,0.9723333333333334,0.9719102217485972,2.8616666666666672
123,ep_twa,twa,clean,none,9,0.9683333333333334,0.967713272310034,2.841666666666667
123,ep_twa,twa,clean,none,10,0.9666666666666668,0.965956481680181,2.833333333333334
123,ep_twa,twa,clean,none,11,0.9663333333333334,0.9656131377483158,2.831666666666667
123,ep_twa,twa,clean,none,12,0.9683333333333334,0.9677116371250878,2.841666666666667
123,ep_twa,twa,clean,none,13,0.9703333333333334,0.969810554210502,2.8516666666666666
123,ep_twa,twa,clean,none,14,0.9713333333333334,0.9708590967351084,2.8566666666666674
123,ep_twa,twa,clean,none,15,0.9713333333333334,0.9708590967351084,2.8566666666666674
123,ep_twa,twa,clean,none,16,0.9713333333333334,0.9708653509939636,2.8566666666666674
123,ep_twa,twa,clean,none,17,0.9713333333333334,0.9708705358156632,2.8566666666666674
123,ep_twa,twa,clean,none,18,0.971,0.9705333157680236,2.8549999999999995
123,ep_twa,twa,clean,none,19,0.972,0.9715628673974672,2.8599999999999994
123,ep_twa,twa,clean,none,20,0.972,0.9715563973226098,2.8599999999999994
123,ep_twa,twa,clean,none,21,0.9716666666666668,0.9712072422671578,2.8583333333333343
123,ep_twa,twa,clean,none,22,0.9716666666666668,0.9712072422671578,2.8583333333333343
123,ep_twa,twa,clean,none,23,0.9723333333333334,0.971878989360626,2.8616666666666672
123,ep_twa,twa,clean,none,24,0.971,0.9705096315304368,2.8549999999999995
123,ep_twa,twa,clean,none,25,0.971,0.9705096315304368,2.8549999999999995
123,ep_twa,twa,clean,none,26,0.9706666666666668,0.9701495230310472,2.8533333333333335
123,ep_twa,twa,clean,none,27,0.9713333333333334,0.970842430970008,2.8566666666666674
123,ep_twa,twa,clean,none,28,0.9693333333333334,0.9687491460716008,2.8466666666666667
123,ep_twa,twa,clean,none,29,0.9693333333333334,0.9686706904863652,2.8466666666666667
123,ep_twa,twa,clean,none,30,0.9703333333333334,0.969712442077904,2.8516666666666666
123,ep_ppa,ppa,clean,none,1,0.771,0.7778992133850575,1.855
123,ep_ppa,ppa,clean,none,2,0.917,0.9185475551675076,2.585
123,ep_ppa,ppa,clean,none,3,0.9503333333333334,0.9508066266714622,2.751666666666667
123,ep_ppa,ppa,clean,none,4,0.97,0.9701197800965669,2.8499999999999996
123,ep_ppa,ppa,clean,none,5,0.98,0.9800030966868554,2.9000000000000004
123,ep_ppa,ppa,clean,none,6,0.9763333333333334,0.9760556927779436,2.881666666666667
123,ep_ppa,ppa,clean,none,7,0.9753333333333334,0.9750191491138436,2.876666666666667
123,ep_ppa,ppa,clean,none,8,0.9723333333333334,0.9719102217485972,2.8616666666666672
123,ep_ppa,ppa,clean,none,9,0.9553333333333334,0.95395456008698,2.7766666666666673
123,ep_ppa,ppa,clean,none,10,0.97,0.9694609674649648,2.8499999999999996
123,ep_ppa,ppa,clean,none,11,0.972,0.9715553380327736,2.8599999999999994
123,ep_ppa,ppa,clean,none,12,0.975,0.9746663781429058,2.875
123,ep_ppa,ppa,clean,none,13,0.9763333333333334,0.9760668331295624,2.881666666666667
123,ep_ppa,ppa,clean,none,14,0.9763333333333334,0.9760410553094214,2.881666666666667
123,ep_ppa,ppa,clean,none,15,0.9723333333333334,0.9722143730657324,2.8616666666666672
123,ep_ppa,ppa,clean,none,16,0.9756666666666668,0.9753544396208672,2.878333333333334
123,ep_ppa,ppa,clean,none,17,0.9756666666666668,0.9754907703932678,2.878333333333334
123,ep_ppa,ppa,clean,none,18,0.974,0.97384455375341,2.87
123,ep_ppa,ppa,clean,none,19,0.9626666666666668,0.9626517039258916,2.8133333333333344
123,ep_ppa,ppa,clean,none,20,0.9603333333333334,0.960788223848076,2.8016666666666667
123,ep_ppa,ppa,clean,none,21,0.743,0.6766181173515895,1.7149999999999999
123,ep_ppa,ppa,clean,none,22,0.967,0.9669267748042304,2.835
123,ep_ppa,ppa,clean,none,23,0.9786666666666668,0.9786709592667382,2.8933333333333344
123,ep_ppa,ppa,clean,none,24,0.97,0.9702333964086522,2.8499999999999996
123,ep_ppa,ppa,clean,none,25,0.6536666666666666,0.5939502065940363,1.268333333333333
123,ep_ppa,ppa,clean,none,26,0.5453333333333333,0.4890196319623375,0.7266666666666666
123,ep_ppa,ppa,clean,none,27,0.4553333333333333,0.3457748731211453,0.2766666666666664
123,ep_ppa,ppa,clean,none,28,0.6736666666666666,0.6588993555007809,1.3683333333333332
123,ep_ppa,ppa,clean,none,29,0.533,0.4556343757534568,0.665
123,ep_ppa,ppa,clean,none,30,0.622,0.5595510923812519,1.1099999999999999
123,ep_sdp-ppa,sdp_ppa,clean,none,1,0.486,0.3693036023021749,0.4299999999999997
123,ep_sdp-ppa,sdp_ppa,clean,none,2,0.8803333333333333,0.8815613441988132,2.4016666666666664
123,ep_sdp-ppa,sdp_ppa,clean,none,3,0.8753333333333333,0.8742757269284943,2.376666666666667
123,ep_sdp-ppa,sdp_ppa,clean,none,4,0.9086666666666666,0.9084739491596966,2.543333333333333
123,ep_sdp-ppa,sdp_ppa,clean,none,5,0.9703333333333334,0.9701384638661492,2.8516666666666666
123,ep_sdp-ppa,sdp_ppa,clean,none,6,0.9713333333333334,0.9710520677446705,2.8566666666666674
123,ep_sdp-ppa,sdp_ppa,clean,none,7,0.9753333333333334,0.9751720446979611,2.876666666666667
123,ep_sdp-ppa,sdp_ppa,clean,none,8,0.9806666666666668,0.980584571193253,2.903333333333334
123,ep_sdp-ppa,sdp_ppa,clean,none,9,0.9696666666666668,0.969686152432664,2.8483333333333336
123,ep_sdp-ppa,sdp_ppa,clean,none,10,0.9426666666666668,0.9409927420425253,2.713333333333334
123,ep_sdp-ppa,sdp_ppa,clean,none,11,0.947,0.9458033116425364,2.7349999999999994
123,ep_sdp-ppa,sdp_ppa,clean,none,12,0.942,0.9411678649326484,2.71
123,ep_sdp-ppa,sdp_ppa,clean,none,13,0.955,0.9549659398240756,2.7749999999999995
123,ep_sdp-ppa,sdp_ppa,clean,none,14,0.7986666666666666,0.8006431201179025,1.9933333333333332
123,ep_sdp-ppa,sdp_ppa,clean,none,15,0.947,0.9462735420266692,2.7349999999999994
123,ep_sdp-ppa,sdp_ppa,clean,none,16,0.8876666666666667,0.8816982712828154,2.4383333333333335
123,ep_sdp-ppa,sdp_ppa,clean,none,17,0.692,0.6626889942569638,1.46
123,ep_sdp-ppa,sdp_ppa,clean,none,18,0.654,0.5803867789510309,1.27
123,ep_sdp-ppa,sdp_ppa,clean,none,19,0.8126666666666666,0.7996636867941962,2.0633333333333335
123,ep_sdp-ppa,sdp_ppa,clean,none,20,0.828,0.8207845420539437,2.1399999999999997
123,ep_sdp-ppa,sdp_ppa,clean,none,21,0.467,0.3325436371429028,0.33499999999999996
123,ep_sdp-ppa,sdp_ppa,clean,none,22,0.4326666666666666,0.3289061560209378,0.1633333333333331
123,ep_sdp-ppa,sdp_ppa,clean,none,23,0.4166666666666667,0.3089597463323774,0.08333333333333348
123,ep_sdp-ppa,sdp_ppa,clean,none,24,0.649,0.6264605952139788,1.245
123,ep_sdp-ppa,sdp_ppa,clean,none,25,0.737,0.6965783149671092,1.685
123,ep_sdp-ppa,sdp_ppa,clean,none,26,0.5086666666666667,0.4624849965985873,0.5433333333333334
123,ep_sdp-ppa,sdp_ppa,clean,none,27,0.6246666666666667,0.5404483910151614,1.1233333333333335
123,ep_sdp-ppa,sdp_ppa,clean,none,28,0.5033333333333333,0.4085756872749646,0.5166666666666666
123,ep_sdp-ppa,sdp_ppa,clean,none,29,0.537,0.4674142305636247,0.685
123,ep_sdp-ppa,sdp_ppa,clean,none,30,0.3666666666666666,0.2646517953630022,-0.16666666666666696
123,ep_twa-ppa,twa_ppa,clean,none,1,0.773,0.7796842021488917,1.8650000000000002
123,ep_twa-ppa,twa_ppa,clean,none,2,0.9213333333333332,0.9225666016392452,2.6066666666666665
123,ep_twa-ppa,twa_ppa,clean,none,3,0.9503333333333334,0.9508066266714622,2.751666666666667
123,ep_twa-ppa,twa_ppa,clean,none,4,0.9706666666666668,0.9707834446727122,2.8533333333333335
123,ep_twa-ppa,twa_ppa,clean,none,5,0.981,0.9809944802837128,2.9050000000000002
123,ep_twa-ppa,twa_ppa,clean,none,6,0.9763333333333334,0.9760556927779436,2.881666666666667
123,ep_twa-ppa,twa_ppa,clean,none,7,0.9753333333333334,0.9750191491138436,2.876666666666667
123,ep_twa-ppa,twa_ppa,clean,none,8,0.9723333333333334,0.9719102217485972,2.8616666666666672
123,ep_twa-ppa,twa_ppa,clean,none,9,0.9683333333333334,0.967713272310034,2.841666666666667
123,ep_twa-ppa,twa_ppa,clean,none,10,0.9666666666666668,0.965956481680181,2.833333333333334
123,ep_twa-ppa,twa_ppa,clean,none,11,0.9666666666666668,0.9659603059769162,2.833333333333334
123,ep_twa-ppa,twa_ppa,clean,none,12,0.9683333333333334,0.9677116371250878,2.841666666666667
123,ep_twa-ppa,twa_ppa,clean,none,13,0.9703333333333334,0.969810554210502,2.8516666666666666
123,ep_twa-ppa,twa_ppa,clean,none,14,0.9713333333333334,0.9708590967351084,2.8566666666666674
123,ep_twa-ppa,twa_ppa,clean,none,15,0.9713333333333334,0.9708590967351084,2.8566666666666674
123,ep_twa-ppa,twa_ppa,clean,none,16,0.9713333333333334,0.9708653509939636,2.8566666666666674
123,ep_twa-ppa,twa_ppa,clean,none,17,0.9713333333333334,0.9708653509939636,2.8566666666666674
123,ep_twa-ppa,twa_ppa,clean,none,18,0.971,0.9705333157680236,2.8549999999999995
123,ep_twa-ppa,twa_ppa,clean,none,19,0.972,0.9715628673974672,2.8599999999999994
123,ep_twa-ppa,twa_ppa,clean,none,20,0.972,0.9715563973226098,2.8599999999999994
123,ep_twa-ppa,twa_ppa,clean,none,21,0.9716666666666668,0.9712072422671578,2.8583333333333343
123,ep_twa-ppa,twa_ppa,clean,none,22,0.9716666666666668,0.9712072422671578,2.8583333333333343
123,ep_twa-ppa,twa_ppa,clean,none,23,0.9726666666666668,0.9722225905955612,2.863333333333334
123,ep_twa-ppa,twa_ppa,clean,none,24,0.971,0.9705096315304368,2.8549999999999995
123,ep_twa-ppa,twa_ppa,clean,none,25,0.971,0.9705096315304368,2.8549999999999995
123,ep_twa-ppa,twa_ppa,clean,none,26,0.9706666666666668,0.9701495230310472,2.8533333333333335
123,ep_twa-ppa,twa_ppa,clean,none,27,0.971,0.9704988075555642,2.8549999999999995
123,ep_twa-ppa,twa_ppa,clean,none,28,0.969,0.9684000102648068,2.8449999999999998
123,ep_twa-ppa,twa_ppa,clean,none,29,0.9683333333333334,0.9676947949654328,2.841666666666667
123,ep_twa-ppa,twa_ppa,clean,none,30,0.97,0.9693628676544072,2.8499999999999996
123,ep_0,fedavg,adversarial,sign_flipping,1,0.7296666666666667,0.7449228871830162,1.6483333333333334
123,ep_0,fedavg,adversarial,sign_flipping,2,0.9323333333333332,0.9330268186356998,2.661666666666666
123,ep_0,fedavg,adversarial,sign_flipping,3,0.942,0.9421327197553778,2.71
123,ep_0,fedavg,adversarial,sign_flipping,4,0.946,0.9461742379396072,2.7299999999999995
123,ep_0,fedavg,adversarial,sign_flipping,5,0.9533333333333334,0.9534518988692168,2.7666666666666666
123,ep_0,fedavg,adversarial,sign_flipping,6,0.959,0.9591220022670244,2.795
123,ep_0,fedavg,adversarial,sign_flipping,7,0.9676666666666668,0.9675576729617272,2.838333333333334
123,ep_0,fedavg,adversarial,sign_flipping,8,0.9686666666666668,0.9680921774852146,2.8433333333333337
123,ep_0,fedavg,adversarial,sign_flipping,9,0.9546666666666668,0.9532487895409498,2.7733333333333334
123,ep_0,fedavg,adversarial,sign_flipping,10,0.9433333333333334,0.9410113890344524,2.716666666666667
123,ep_0,fedavg,adversarial,sign_flipping,11,0.953,0.9515181055206126,2.7649999999999997
123,ep_0,fedavg,adversarial,sign_flipping,12,0.9643333333333334,0.9636030032621482,2.821666666666667
123,ep_0,fedavg,adversarial,sign_flipping,13,0.9643333333333334,0.9636717692014496,2.821666666666667
123,ep_0,fedavg,adversarial,sign_flipping,14,0.966,0.9653948589998342,2.83
123,ep_0,fedavg,adversarial,sign_flipping,15,0.964,0.9636483467056002,2.8200000000000003
123,ep_0,fedavg,adversarial,sign_flipping,16,0.9636666666666668,0.9631819679661348,2.8183333333333342
123,ep_0,fedavg,adversarial,sign_flipping,17,0.965,0.9647451345098844,2.825
123,ep_0,fedavg,adversarial,sign_flipping,18,0.9643333333333334,0.9640608692375184,2.821666666666667
123,ep_0,fedavg,adversarial,sign_flipping,19,0.9623333333333334,0.9621684823340478,2.8116666666666665
123,ep_0,fedavg,adversarial,sign_flipping,20,0.9066666666666666,0.9086309363789196,2.533333333333333
123,ep_0,fedavg,adversarial,sign_flipping,21,0.9256666666666666,0.926464985756174,2.628333333333333
123,ep_0,fedavg,adversarial,sign_flipping,22,0.83,0.8223098375616096,2.1499999999999995
123,ep_0,fedavg,adversarial,sign_flipping,23,0.836,0.8272319763213155,2.1799999999999997
123,ep_0,fedavg,adversarial,sign_flipping,24,0.9513333333333334,0.951366070537995,2.756666666666667
123,ep_0,fedavg,adversarial,sign_flipping,25,0.7866666666666666,0.7830473784267576,1.9333333333333331
123,ep_0,fedavg,adversarial,sign_flipping,26,0.7016666666666667,0.7061322750143307,1.5083333333333333
123,ep_0,fedavg,adversarial,sign_flipping,27,0.5126666666666667,0.4640819645558774,0.5633333333333335
123,ep_0,fedavg,adversarial,sign_flipping,28,0.7693333333333333,0.741988802541052,1.8466666666666667
123,ep_0,fedavg,adversarial,sign_flipping,29,0.6623333333333333,0.5866164966192087,1.3116666666666665
123,ep_0,fedavg,adversarial,sign_flipping,30,0.6026666666666667,0.5597693278112408,1.0133333333333336
123,ep_sdp,static_dp,adversarial,sign_flipping,1,0.4396666666666666,0.3268336084876154,0.1983333333333328
123,ep_sdp,static_dp,adversarial,sign_flipping,2,0.7603333333333333,0.7568737908010713,1.8016666666666667
123,ep_sdp,static_dp,adversarial,sign_flipping,3,0.83,0.8270961386805276,2.1499999999999995
123,ep_sdp,static_dp,adversarial,sign_flipping,4,0.8363333333333334,0.8401006198989992,2.1816666666666666
123,ep_sdp,static_dp,adversarial,sign_flipping,5,0.9213333333333332,0.9223915721035612,2.6066666666666665
123,ep_sdp,static_dp,adversarial,sign_flipping,6,0.9343333333333332,0.9344134945104748,2.671666666666666
123,ep_sdp,static_dp,adversarial,sign_flipping,7,0.967,0.9667684729093956,2.835
123,ep_sdp,static_dp,adversarial,sign_flipping,8,0.894,0.8924404004173683,2.4699999999999998
123,ep_sdp,static_dp,adversarial,sign_flipping,9,0.9446666666666668,0.9446308574560208,2.7233333333333336
123,ep_sdp,static_dp,adversarial,sign_flipping,10,0.935,0.9331056712487596,2.6750000000000007
123,ep_sdp,static_dp,adversarial,sign_flipping,11,0.943,0.9415504768097324,2.715
123,ep_sdp,static_dp,adversarial,sign_flipping,12,0.9456666666666668,0.9456025656561512,2.7283333333333335
123,ep_sdp,static_dp,adversarial,sign_flipping,13,0.882,0.8798961969851419,2.41
123,ep_sdp,static_dp,adversarial,sign_flipping,14,0.6946666666666667,0.7039647539647539,1.4733333333333332
123,ep_sdp,static_dp,adversarial,sign_flipping,15,0.9533333333333334,0.9525716154990818,2.7666666666666666
123,ep_sdp,static_dp,adversarial,sign_flipping,16,0.9376666666666666,0.9359619032079404,2.6883333333333335
123,ep_sdp,static_dp,adversarial,sign_flipping,17,0.7913333333333333,0.785535222329727,1.9566666666666666
123,ep_sdp,static_dp,adversarial,sign_flipping,18,0.6883333333333334,0.6147470065682459,1.4416666666666669
123,ep_sdp,static_dp,adversarial,sign_flipping,19,0.848,0.8473438327007458,2.24
123,ep_sdp,static_dp,adversarial,sign_flipping,20,0.8853333333333333,0.8790145339434255,2.4266666666666667
123,ep_sdp,static_dp,adversarial,sign_flipping,21,0.721,0.6995327632862696,1.605
123,ep_sdp,static_dp,adversarial,sign_flipping,22,0.5413333333333333,0.4776318560757134,0.7066666666666666
123,ep_sdp,static_dp,adversarial,sign_flipping,23,0.4503333333333333,0.3501248983736552,0.2516666666666665
123,ep_sdp,static_dp,adversarial,sign_flipping,24,0.619,0.6111300457784062,1.0949999999999998
123,ep_sdp,static_dp,adversarial,sign_flipping,25,0.551,0.5081437001747863,0.7550000000000003
123,ep_sdp,static_dp,adversarial,sign_flipping,26,0.618,0.6101667618197785,1.0899999999999999
123,ep_sdp,static_dp,adversarial,sign_flipping,27,0.605,0.5894898159110821,1.025
123,ep_sdp,static_dp,adversarial,sign_flipping,28,0.5543333333333333,0.5141610909487195,0.7716666666666665
123,ep_sdp,static_dp,adversarial,sign_flipping,29,0.553,0.4825743843962386,0.7650000000000001
123,ep_sdp,static_dp,adversarial,sign_flipping,30,0.5316666666666666,0.4895772821580046,0.6583333333333332
123,ep_twa,twa,adversarial,sign_flipping,1,0.7746666666666666,0.7815353854619989,1.873333333333333
123,ep_twa,twa,adversarial,sign_flipping,2,0.9246666666666666,0.925642098009966,2.623333333333333
123,ep_twa,twa,adversarial,sign_flipping,3,0.95,0.950200299013029,2.75
123,ep_twa,twa,adversarial,sign_flipping,4,0.958,0.958136065153044,2.79
123,ep_twa,twa,adversarial,sign_flipping,5,0.9696666666666668,0.9697344953684592,2.8483333333333336
123,ep_twa,twa,adversarial,sign_flipping,6,0.977,0.9767247008447808,2.885
123,ep_twa,twa,adversarial,sign_flipping,7,0.972,0.97155952211138,2.8599999999999994
123,ep_twa,twa,adversarial,sign_flipping,8,0.9703333333333334,0.9698347296338512,2.8516666666666666
123,ep_twa,twa,adversarial,sign_flipping,9,0.9663333333333334,0.9655973370935204,2.831666666666667
123,ep_twa,twa,adversarial,sign_flipping,10,0.966,0.965256782125478,2.83
123,ep_twa,twa,adversarial,sign_flipping,11,0.9666666666666668,0.9659637931357534,2.833333333333334
123,ep_twa,twa,adversarial,sign_flipping,12,0.9666666666666668,0.96596769321545,2.833333333333334
123,ep_twa,twa,adversarial,sign_flipping,13,0.9676666666666668,0.9670251076659688,2.838333333333334
123,ep_twa,twa,adversarial,sign_flipping,14,0.9693333333333334,0.9687665244871247,2.8466666666666667
123,ep_twa,twa,adversarial,sign_flipping,15,0.9706666666666668,0.9701650999281834,2.8533333333333335
123,ep_twa,twa,adversarial,sign_flipping,16,0.9713333333333334,0.9708705358156632,2.8566666666666674
123,ep_twa,twa,adversarial,sign_flipping,17,0.9713333333333334,0.9708774106525264,2.8566666666666674
123,ep_twa,twa,adversarial,sign_flipping,18,0.97,0.9694850214322388,2.8499999999999996
123,ep_twa,twa,adversarial,sign_flipping,19,0.9706666666666668,0.9701611716535136,2.8533333333333335
123,ep_twa,twa,adversarial,sign_flipping,20,0.9713333333333334,0.970864078979636,2.8566666666666674
123,ep_twa,twa,adversarial,sign_flipping,21,0.971,0.9705146137749644,2.8549999999999995
123,ep_twa,twa,adversarial,sign_flipping,22,0.9706666666666668,0.9701711264139984,2.8533333333333335
123,ep_twa,twa,adversarial,sign_flipping,23,0.971,0.9705146137749644,2.8549999999999995
123,ep_twa,twa,adversarial,sign_flipping,24,0.9706666666666668,0.9701711264139984,2.8533333333333335
123,ep_twa,twa,adversarial,sign_flipping,25,0.9713333333333334,0.9708580401091428,2.8566666666666674
123,ep_twa,twa,adversarial,sign_flipping,26,0.972,0.9715458455872068,2.8599999999999994
123,ep_twa,twa,adversarial,sign_flipping,27,0.971,0.970498394540112,2.8549999999999995
123,ep_twa,twa,adversarial,sign_flipping,28,0.9693333333333334,0.9687491010162474,2.8466666666666667
123,ep_twa,twa,adversarial,sign_flipping,29,0.9703333333333334,0.9697793762131892,2.8516666666666666
123,ep_twa,twa,adversarial,sign_flipping,30,0.97,0.9694335225247916,2.8499999999999996
123,ep_ppa,ppa,adversarial,sign_flipping,1,0.7293333333333333,0.7446206974379026,1.6466666666666665
123,ep_ppa,ppa,adversarial,sign_flipping,2,0.9323333333333332,0.9330268186356998,2.661666666666666
123,ep_ppa,ppa,adversarial,sign_flipping,3,0.942,0.9421327197553778,2.71
123,ep_ppa,ppa,adversarial,sign_flipping,4,0.946,0.9461742379396072,2.7299999999999995
123,ep_ppa,ppa,adversarial,sign_flipping,5,0.9533333333333334,0.9534518988692168,2.7666666666666666
123,ep_ppa,ppa,adversarial,sign_flipping,6,0.959,0.9591220022670244,2.795
123,ep_ppa,ppa,adversarial,sign_flipping,7,0.9676666666666668,0.9675576729617272,2.838333333333334
123,ep_ppa,ppa,adversarial,sign_flipping,8,0.9686666666666668,0.9680921774852146,2.8433333333333337
123,ep_ppa,ppa,adversarial,sign_flipping,9,0.9543333333333334,0.9528879612188984,2.7716666666666665
123,ep_ppa,ppa,adversarial,sign_flipping,10,0.9433333333333334,0.9410113890344524,2.716666666666667
123,ep_ppa,ppa,adversarial,sign_flipping,11,0.9526666666666668,0.9511581071475516,2.7633333333333336
123,ep_ppa,ppa,adversarial,sign_flipping,12,0.9643333333333334,0.9636030032621482,2.821666666666667
123,ep_ppa,ppa,adversarial,sign_flipping,13,0.965,0.9643686986486326,2.825
123,ep_ppa,ppa,adversarial,sign_flipping,14,0.966,0.9653948589998342,2.83
123,ep_ppa,ppa,adversarial,sign_flipping,15,0.9643333333333334,0.9640060132739726,2.821666666666667
123,ep_ppa,ppa,adversarial,sign_flipping,16,0.964,0.963534469991514,2.8200000000000003
123,ep_ppa,ppa,adversarial,sign_flipping,17,0.966,0.9657611404545464,2.83
123,ep_ppa,ppa,adversarial,sign_flipping,18,0.9646666666666668,0.9644103492900836,2.823333333333334
123,ep_ppa,ppa,adversarial,sign_flipping,19,0.9626666666666668,0.962516117265897,2.8133333333333344
123,ep_ppa,ppa,adversarial,sign_flipping,20,0.899,0.9013133740008704,2.495
123,ep_ppa,ppa,adversarial,sign_flipping,21,0.923,0.9239809965084124,2.615
123,ep_ppa,ppa,adversarial,sign_flipping,22,0.831,0.8231782889576095,2.1549999999999994
123,ep_ppa,ppa,adversarial,sign_flipping,23,0.8326666666666667,0.8236373629102014,2.163333333333333
123,ep_ppa,ppa,adversarial,sign_flipping,24,0.943,0.9432091159175762,2.715
123,ep_ppa,ppa,adversarial,sign_flipping,25,0.7683333333333333,0.7714936422060539,1.8416666666666668
123,ep_ppa,ppa,adversarial,sign_flipping,26,0.7293333333333333,0.7375537498683142,1.6466666666666665
123,ep_ppa,ppa,adversarial,sign_flipping,27,0.4813333333333333,0.4094632951897767,0.4066666666666663
123,ep_ppa,ppa,adversarial,sign_flipping,28,0.7883333333333333,0.7745607931857491,1.9416666666666664
123,ep_ppa,ppa,adversarial,sign_flipping,29,0.6326666666666667,0.5562019337145144,1.1633333333333336
123,ep_ppa,ppa,adversarial,sign_flipping,30,0.6103333333333333,0.5717996257929753,1.0516666666666663
123,ep_sdp-ppa,sdp_ppa,adversarial,sign_flipping,1,0.4396666666666666,0.3268336084876154,0.1983333333333328
123,ep_sdp-ppa,sdp_ppa,adversarial,sign_flipping,2,0.7603333333333333,0.7568737908010713,1.8016666666666667
123,ep_sdp-ppa,sdp_ppa,adversarial,sign_flipping,3,0.83,0.8270961386805276,2.1499999999999995
123,ep_sdp-ppa,sdp_ppa,adversarial,sign_flipping,4,0.8363333333333334,0.8401006198989992,2.1816666666666666
123,ep_sdp-ppa,sdp_ppa,adversarial,sign_flipping,5,0.9213333333333332,0.9223915721035612,2.6066666666666665
123,ep_sdp-ppa,sdp_ppa,adversarial,sign_flipping,6,0.9343333333333332,0.9344134945104748,2.671666666666666
123,ep_sdp-ppa,sdp_ppa,adversarial,sign_flipping,7,0.967,0.9667684729093956,2.835
123,ep_sdp-ppa,sdp_ppa,adversarial,sign_flipping,8,0.8943333333333333,0.8927990331910853,2.4716666666666667
123,ep_sdp-ppa,sdp_ppa,adversarial,sign_flipping,9,0.945,0.9449630399145936,2.7249999999999996
123,ep_sdp-ppa,sdp_ppa,adversarial,sign_flipping,10,0.935,0.9331056712487596,2.6750000000000007
123,ep_sdp-ppa,sdp_ppa,adversarial,sign_flipping,11,0.9426666666666668,0.9411907176194414,2.713333333333334
123,ep_sdp-ppa,sdp_ppa,adversarial,sign_flipping,12,0.945,0.9449213417510663,2.7249999999999996
123,ep_sdp-ppa,sdp_ppa,adversarial,sign_flipping,13,0.8753333333333333,0.8725443040260226,2.376666666666667
123,ep_sdp-ppa,sdp_ppa,adversarial,sign_flipping,14,0.6946666666666667,0.7037456627348804,1.4733333333333332
123,ep_sdp-ppa,sdp_ppa,adversarial,sign_flipping,15,0.952,0.9512532203302596,2.76
123,ep_sdp-ppa,sdp_ppa,adversarial,sign_flipping,16,0.9383333333333334,0.936701870355034,2.6916666666666664
123,ep_sdp-ppa,sdp_ppa,adversarial,sign_flipping,17,0.7956666666666666,0.790206469435476,1.978333333333333
123,ep_sdp-ppa,sdp_ppa,adversarial,sign_flipping,18,0.6923333333333334,0.6180963300472495,1.461666666666667
123,ep_sdp-ppa,sdp_ppa,adversarial,sign_flipping,19,0.8546666666666667,0.8536650829384441,2.2733333333333334
123,ep_sdp-ppa,sdp_ppa,adversarial,sign_flipping,20,0.888,0.8818148156043818,2.4400000000000004
123,ep_sdp-ppa,sdp_ppa,adversarial,sign_flipping,21,0.7226666666666667,0.7037175075872145,1.6133333333333333
123,ep_sdp-ppa,sdp_ppa,adversarial,sign_flipping,22,0.5293333333333333,0.4623431768210116,0.6466666666666665
123,ep_sdp-ppa,sdp_ppa,adversarial,sign_flipping,23,0.452,0.351377057084554,0.26000000000000023
123,ep_sdp-ppa,sdp_ppa,adversarial,sign_flipping,24,0.6133333333333333,0.6036119095054475,1.0666666666666664
123,ep_sdp-ppa,sdp_ppa,adversarial,sign_flipping,25,0.553,0.5096536560185742,0.7650000000000001
123,ep_sdp-ppa,sdp_ppa,adversarial,sign_flipping,26,0.6183333333333333,0.6105517083800223,1.0916666666666663
123,ep_sdp-ppa,sdp_ppa,adversarial,sign_flipping,27,0.6003333333333334,0.58326160353497,1.001666666666667
123,ep_sdp-ppa,sdp_ppa,adversarial,sign_flipping,28,0.536,0.4911784513313961,0.6800000000000002
123,ep_sdp-ppa,sdp_ppa,adversarial,sign_flipping,29,0.5493333333333333,0.4802482113622418,0.7466666666666666
123,ep_sdp-ppa,sdp_ppa,adversarial,sign_flipping,30,0.528,0.4853073613474227,0.6400000000000001
123,ep_twa-ppa,twa_ppa,adversarial,sign_flipping,1,0.7746666666666666,0.7815353854619989,1.873333333333333
123,ep_twa-ppa,twa_ppa,adversarial,sign_flipping,2,0.9246666666666666,0.925642098009966,2.623333333333333
123,ep_twa-ppa,twa_ppa,adversarial,sign_flipping,3,0.95,0.950200299013029,2.75
123,ep_twa-ppa,twa_ppa,adversarial,sign_flipping,4,0.958,0.958136065153044,2.79
123,ep_twa-ppa,twa_ppa,adversarial,sign_flipping,5,0.9696666666666668,0.9697344953684592,2.8483333333333336
123,ep_twa-ppa,twa_ppa,adversarial,sign_flipping,6,0.977,0.9767247008447808,2.885
123,ep_twa-ppa,twa_ppa,adversarial,sign_flipping,7,0.972,0.97155952211138,2.8599999999999994
123,ep_twa-ppa,twa_ppa,adversarial,sign_flipping,8,0.9703333333333334,0.9698347296338512,2.8516666666666666
123,ep_twa-ppa,twa_ppa,adversarial,sign_flipping,9,0.9663333333333334,0.9655973370935204,2.831666666666667
123,ep_twa-ppa,twa_ppa,adversarial,sign_flipping,10,0.9656666666666668,0.9649086638315716,2.828333333333334
123,ep_twa-ppa,twa_ppa,adversarial,sign_flipping,11,0.9666666666666668,0.9659637931357534,2.833333333333334
123,ep_twa-ppa,twa_ppa,adversarial,sign_flipping,12,0.9666666666666668,0.96596769321545,2.833333333333334
123,ep_twa-ppa,twa_ppa,adversarial,sign_flipping,13,0.9676666666666668,0.9670251076659688,2.838333333333334
123,ep_twa-ppa,twa_ppa,adversarial,sign_flipping,14,0.9693333333333334,0.9687665244871247,2.8466666666666667
123,ep_twa-ppa,twa_ppa,adversarial,sign_flipping,15,0.9706666666666668,0.9701650999281834,2.8533333333333335
123,ep_twa-ppa,twa_ppa,adversarial,sign_flipping,16,0.9713333333333334,0.9708705358156632,2.8566666666666674
123,ep_twa-ppa,twa_ppa,adversarial,sign_flipping,17,0.9713333333333334,0.9708774106525264,2.8566666666666674
123,ep_twa-ppa,twa_ppa,adversarial,sign_flipping,18,0.97,0.9694850214322388,2.8499999999999996
123,ep_twa-ppa,twa_ppa,adversarial,sign_flipping,19,0.9706666666666668,0.9701611716535136,2.8533333333333335
123,ep_twa-ppa,twa_ppa,adversarial,sign_flipping,20,0.9713333333333334,0.970864078979636,2.8566666666666674
123,ep_twa-ppa,twa_ppa,adversarial,sign_flipping,21,0.971,0.9705146137749644,2.8549999999999995
123,ep_twa-ppa,twa_ppa,adversarial,sign_flipping,22,0.9706666666666668,0.9701711264139984,2.8533333333333335
123,ep_twa-ppa,twa_ppa,adversarial,sign_flipping,23,0.971,0.9705146137749644,2.8549999999999995
123,ep_twa-ppa,twa_ppa,adversarial,sign_flipping,24,0.971,0.9705087898663214,2.8549999999999995
123,ep_twa-ppa,twa_ppa,adversarial,sign_flipping,25,0.9713333333333334,0.9708524191710256,2.8566666666666674
123,ep_twa-ppa,twa_ppa,adversarial,sign_flipping,26,0.9723333333333334,0.9718947493584532,2.8616666666666672
123,ep_twa-ppa,twa_ppa,adversarial,sign_flipping,27,0.971,0.970498394540112,2.8549999999999995
123,ep_twa-ppa,twa_ppa,adversarial,sign_flipping,28,0.969,0.9683993291856368,2.8449999999999998
123,ep_twa-ppa,twa_ppa,adversarial,sign_flipping,29,0.97,0.9694317033002812,2.8499999999999996
123,ep_twa-ppa,twa_ppa,adversarial,sign_flipping,30,0.97,0.969430826364967,2.8499999999999996
123,ep_0,fedavg,adversarial,random_noise_byzantine,1,0.7766666666666666,0.7837644518603545,1.8833333333333329
123,ep_0,fedavg,adversarial,random_noise_byzantine,2,0.9196666666666666,0.9208595728948452,2.5983333333333327
123,ep_0,fedavg,adversarial,random_noise_byzantine,3,0.9426666666666668,0.9431283007430888,2.713333333333334
123,ep_0,fedavg,adversarial,random_noise_byzantine,4,0.9583333333333334,0.958524704224698,2.791666666666667
123,ep_0,fedavg,adversarial,random_noise_byzantine,5,0.9696666666666668,0.9697763000449472,2.8483333333333336
123,ep_0,fedavg,adversarial,random_noise_byzantine,6,0.9763333333333334,0.9763288410186584,2.881666666666667
123,ep_0,fedavg,adversarial,random_noise_byzantine,7,0.974,0.973605467294473,2.87
123,ep_0,fedavg,adversarial,random_noise_byzantine,8,0.9706666666666668,0.9701807766190654,2.8533333333333335
123,ep_0,fedavg,adversarial,random_noise_byzantine,9,0.956,0.9546629057741626,2.7799999999999994
123,ep_0,fedavg,adversarial,random_noise_byzantine,10,0.9653333333333334,0.9645590983004586,2.826666666666667
123,ep_0,fedavg,adversarial,random_noise_byzantine,11,0.9736666666666668,0.9732892685393764,2.868333333333334
123,ep_0,fedavg,adversarial,random_noise_byzantine,12,0.9723333333333334,0.9719007269833057,2.8616666666666672
123,ep_0,fedavg,adversarial,random_noise_byzantine,13,0.977,0.9767465179723436,2.885
123,ep_0,fedavg,adversarial,random_noise_byzantine,14,0.9763333333333334,0.976066611667084,2.881666666666667
123,ep_0,fedavg,adversarial,random_noise_byzantine,15,0.9773333333333334,0.9770916688673308,2.8866666666666667
123,ep_0,fedavg,adversarial,random_noise_byzantine,16,0.9776666666666668,0.9774124939340983,2.8883333333333336
123,ep_0,fedavg,adversarial,random_noise_byzantine,17,0.977,0.9767465179723436,2.885
123,ep_0,fedavg,adversarial,random_noise_byzantine,18,0.9723333333333334,0.9718888830982412,2.8616666666666672
123,ep_0,fedavg,adversarial,random_noise_byzantine,19,0.9696666666666668,0.9692101195480614,2.8483333333333336
123,ep_0,fedavg,adversarial,random_noise_byzantine,20,0.9623333333333334,0.9619285439042548,2.8116666666666665
123,ep_0,fedavg,adversarial,random_noise_byzantine,21,0.9713333333333334,0.9708691793989752,2.8566666666666674
123,ep_0,fedavg,adversarial,random_noise_byzantine,22,0.9536666666666668,0.9533112914890532,2.7683333333333335
123,ep_0,fedavg,adversarial,random_noise_byzantine,23,0.9346666666666666,0.9355234669156166,2.673333333333333
123,ep_0,fedavg,adversarial,random_noise_byzantine,24,0.939,0.9396528351818668,2.6949999999999994
123,ep_0,fedavg,adversarial,random_noise_byzantine,25,0.835,0.8438228035320765,2.175
123,ep_0,fedavg,adversarial,random_noise_byzantine,26,0.9396666666666668,0.9403378042051934,2.698333333333334
123,ep_0,fedavg,adversarial,random_noise_byzantine,27,0.6516666666666666,0.6540368982766315,1.2583333333333329
123,ep_0,fedavg,adversarial,random_noise_byzantine,28,0.7543333333333333,0.7398694212448952,1.7716666666666665
123,ep_0,fedavg,adversarial,random_noise_byzantine,29,0.7963333333333333,0.8037022460950359,1.9816666666666665
123,ep_0,fedavg,adversarial,random_noise_byzantine,30,0.5276666666666666,0.4776276982706886,0.6383333333333332
123,ep_sdp,static_dp,adversarial,random_noise_byzantine,1,0.476,0.3558995277932945,0.3799999999999999
123,ep_sdp,static_dp,adversarial,random_noise_byzantine,2,0.6066666666666667,0.5529679520132339,1.0333333333333332
123,ep_sdp,static_dp,adversarial,random_noise_byzantine,3,0.8433333333333334,0.8442249891253211,2.216666666666667
123,ep_sdp,static_dp,adversarial,random_noise_byzantine,4,0.881,0.8797265679921291,2.4050000000000002
123,ep_sdp,static_dp,adversarial,random_noise_byzantine,5,0.9133333333333332,0.9137291099884636,2.5666666666666664
123,ep_sdp,static_dp,adversarial,random_noise_byzantine,6,0.971,0.9706914523497684,2.8549999999999995
123,ep_sdp,static_dp,adversarial,random_noise_byzantine,7,0.975,0.97490809336587,2.875
123,ep_sdp,static_dp,adversarial,random_noise_byzantine,8,0.9603333333333334,0.960320324226074,2.8016666666666667
123,ep_sdp,static_dp,adversarial,random_noise_byzantine,9,0.9423333333333334,0.940602021537154,2.711666666666667
123,ep_sdp,static_dp,adversarial,random_noise_byzantine,10,0.9186666666666666,0.914638112329366,2.593333333333333
123,ep_sdp,static_dp,adversarial,random_noise_byzantine,11,0.889,0.8833023029054728,2.4450000000000003
123,ep_sdp,static_dp,adversarial,random_noise_byzantine,12,0.9173333333333332,0.914760124134397,2.586666666666666
123,ep_sdp,static_dp,adversarial,random_noise_byzantine,13,0.9393333333333334,0.9396631791714618,2.696666666666667
123,ep_sdp,static_dp,adversarial,random_noise_byzantine,14,0.4193333333333333,0.3181624507952888,0.09666666666666623
123,ep_sdp,static_dp,adversarial,random_noise_byzantine,15,0.722,0.7216907478065364,1.6099999999999999
123,ep_sdp,static_dp,adversarial,random_noise_byzantine,16,0.8076666666666666,0.7763496407558637,2.038333333333333
123,ep_sdp,static_dp,adversarial,random_noise_byzantine,17,0.639,0.5941162131886439,1.1950000000000003
123,ep_sdp,static_dp,adversarial,random_noise_byzantine,18,0.8853333333333333,0.8783095089062507,2.4266666666666667
123,ep_sdp,static_dp,adversarial,random_noise_byzantine,19,0.6423333333333333,0.6332337966596963,1.2116666666666664
123,ep_sdp,static_dp,adversarial,random_noise_byzantine,20,0.7033333333333334,0.6453293921699171,1.5166666666666666
123,ep_sdp,static_dp,adversarial,random_noise_byzantine,21,0.6543333333333333,0.6377295330435365,1.2716666666666665
123,ep_sdp,static_dp,adversarial,random_noise_byzantine,22,0.464,0.362472839532117,0.3200000000000003
123,ep_sdp,static_dp,adversarial,random_noise_byzantine,23,0.5866666666666667,0.5282154396236602,0.9333333333333336
123,ep_sdp,static_dp,adversarial,random_noise_byzantine,24,0.597,0.5197561395302186,0.9849999999999999
123,ep_sdp,static_dp,adversarial,random_noise_byzantine,25,0.3926666666666666,0.3413415529822579,-0.03666666666666707
123,ep_sdp,static_dp,adversarial,random_noise_byzantine,26,0.2923333333333333,0.1828047546984658,-0.5383333333333336
123,ep_sdp,static_dp,adversarial,random_noise_byzantine,27,0.4686666666666667,0.3622139910593003,0.34333333333333327
123,ep_sdp,static_dp,adversarial,random_noise_byzantine,28,0.4366666666666666,0.4025326955714041,0.18333333333333313
123,ep_sdp,static_dp,adversarial,random_noise_byzantine,29,0.495,0.4732164786562696,0.4750000000000001
123,ep_sdp,static_dp,adversarial,random_noise_byzantine,30,0.53,0.4887983932451996,0.6500000000000004
123,ep_twa,twa,adversarial,random_noise_byzantine,1,0.773,0.7795288688334094,1.8650000000000002
123,ep_twa,twa,adversarial,random_noise_byzantine,2,0.9226666666666666,0.9236818046948791,2.6133333333333333
123,ep_twa,twa,adversarial,random_noise_byzantine,3,0.9476666666666668,0.9481429762263384,2.738333333333334
123,ep_twa,twa,adversarial,random_noise_byzantine,4,0.9646666666666668,0.9647989451977236,2.823333333333334
123,ep_twa,twa,adversarial,random_noise_byzantine,5,0.9746666666666668,0.974693489394722,2.873333333333334
123,ep_twa,twa,adversarial,random_noise_byzantine,6,0.9766666666666668,0.9763796582150884,2.8833333333333337
123,ep_twa,twa,adversarial,random_noise_byzantine,7,0.9723333333333334,0.97190651296981,2.8616666666666672
123,ep_twa,twa,adversarial,random_noise_byzantine,8,0.9713333333333334,0.970872709739333,2.8566666666666674
123,ep_twa,twa,adversarial,random_noise_byzantine,9,0.9663333333333334,0.9655973370935204,2.831666666666667
123,ep_twa,twa,adversarial,random_noise_byzantine,10,0.9666666666666668,0.9659469469396712,2.833333333333334
123,ep_twa,twa,adversarial,random_noise_byzantine,11,0.967,0.9663045352887648,2.835
123,ep_twa,twa,adversarial,random_noise_byzantine,12,0.9676666666666668,0.9670075746400416,2.838333333333334
123,ep_twa,twa,adversarial,random_noise_byzantine,13,0.9703333333333334,0.969805987242242,2.8516666666666666
123,ep_twa,twa,adversarial,random_noise_byzantine,14,0.971,0.97051567040093,2.8549999999999995
123,ep_twa,twa,adversarial,random_noise_byzantine,15,0.9723333333333334,0.9719055062573076,2.8616666666666672
123,ep_twa,twa,adversarial,random_noise_byzantine,16,0.9723333333333334,0.9719121925769412,2.8616666666666672
123,ep_twa,twa,adversarial,random_noise_byzantine,17,0.9716666666666668,0.9712272602596816,2.8583333333333343
123,ep_twa,twa,adversarial,random_noise_byzantine,18,0.9713333333333334,0.9708791147276324,2.8566666666666674
123,ep_twa,twa,adversarial,random_noise_byzantine,19,0.9723333333333334,0.9719026433641536,2.8616666666666672
123,ep_twa,twa,adversarial,random_noise_byzantine,20,0.9723333333333334,0.9719026433641536,2.8616666666666672
123,ep_twa,twa,adversarial,random_noise_byzantine,21,0.9723333333333334,0.9719121925769412,2.8616666666666672
123,ep_twa,twa,adversarial,random_noise_byzantine,22,0.9723333333333334,0.9719072103324136,2.8616666666666672
123,ep_twa,twa,adversarial,random_noise_byzantine,23,0.972,0.9715533181846798,2.8599999999999994
123,ep_twa,twa,adversarial,random_noise_byzantine,24,0.9726666666666668,0.972249790778632,2.863333333333334
123,ep_twa,twa,adversarial,random_noise_byzantine,25,0.9723333333333334,0.9719026433641536,2.8616666666666672
123,ep_twa,twa,adversarial,random_noise_byzantine,26,0.9733333333333334,0.9729184263763164,2.866666666666667
123,ep_twa,twa,adversarial,random_noise_byzantine,27,0.973,0.9725729133706928,2.865
123,ep_twa,twa,adversarial,random_noise_byzantine,28,0.974,0.9736107439402588,2.87
123,ep_twa,twa,adversarial,random_noise_byzantine,29,0.972,0.9715247271710864,2.8599999999999994
123,ep_twa,twa,adversarial,random_noise_byzantine,30,0.9716666666666668,0.9712058593373888,2.8583333333333343
123,ep_ppa,ppa,adversarial,random_noise_byzantine,1,0.7766666666666666,0.7837644518603545,1.8833333333333329
123,ep_ppa,ppa,adversarial,random_noise_byzantine,2,0.9196666666666666,0.9208595728948452,2.5983333333333327
123,ep_ppa,ppa,adversarial,random_noise_byzantine,3,0.9426666666666668,0.9431283007430888,2.713333333333334
123,ep_ppa,ppa,adversarial,random_noise_byzantine,4,0.9583333333333334,0.958524704224698,2.791666666666667
123,ep_ppa,ppa,adversarial,random_noise_byzantine,5,0.9696666666666668,0.9697763000449472,2.8483333333333336
123,ep_ppa,ppa,adversarial,random_noise_byzantine,6,0.9763333333333334,0.9763288410186584,2.881666666666667
123,ep_ppa,ppa,adversarial,random_noise_byzantine,7,0.974,0.973605467294473,2.87
123,ep_ppa,ppa,adversarial,random_noise_byzantine,8,0.9706666666666668,0.9701807766190654,2.8533333333333335
123,ep_ppa,ppa,adversarial,random_noise_byzantine,9,0.956,0.9546629057741626,2.7799999999999994
123,ep_ppa,ppa,adversarial,random_noise_byzantine,10,0.9656666666666668,0.9649101507079644,2.828333333333334
123,ep_ppa,ppa,adversarial,random_noise_byzantine,11,0.9736666666666668,0.9732892685393764,2.868333333333334
123,ep_ppa,ppa,adversarial,random_noise_byzantine,12,0.9726666666666668,0.972248086703526,2.863333333333334
123,ep_ppa,ppa,adversarial,random_noise_byzantine,13,0.977,0.9767465179723436,2.885
123,ep_ppa,ppa,adversarial,random_noise_byzantine,14,0.9763333333333334,0.976066611667084,2.881666666666667
123,ep_ppa,ppa,adversarial,random_noise_byzantine,15,0.9776666666666668,0.97743657270671,2.8883333333333336
123,ep_ppa,ppa,adversarial,random_noise_byzantine,16,0.9776666666666668,0.9774124939340983,2.8883333333333336
123,ep_ppa,ppa,adversarial,random_noise_byzantine,17,0.977,0.9767465179723436,2.885
123,ep_ppa,ppa,adversarial,random_noise_byzantine,18,0.9723333333333334,0.9718947551654432,2.8616666666666672
123,ep_ppa,ppa,adversarial,random_noise_byzantine,19,0.9696666666666668,0.9692191852024208,2.8483333333333336
123,ep_ppa,ppa,adversarial,random_noise_byzantine,20,0.9626666666666668,0.9622957814368917,2.8133333333333344
123,ep_ppa,ppa,adversarial,random_noise_byzantine,21,0.9716666666666668,0.9712123426864968,2.8583333333333343
123,ep_ppa,ppa,adversarial,random_noise_byzantine,22,0.9523333333333334,0.9519948484915388,2.7616666666666667
123,ep_ppa,ppa,adversarial,random_noise_byzantine,23,0.9343333333333332,0.935272530262748,2.671666666666666
123,ep_ppa,ppa,adversarial,random_noise_byzantine,24,0.9163333333333332,0.9186210464958722,2.581666666666666
123,ep_ppa,ppa,adversarial,random_noise_byzantine,25,0.83,0.8389439196923628,2.1499999999999995
123,ep_ppa,ppa,adversarial,random_noise_byzantine,26,0.9376666666666666,0.9384718879524334,2.6883333333333335
123,ep_ppa,ppa,adversarial,random_noise_byzantine,27,0.654,0.6567323818093576,1.27
123,ep_ppa,ppa,adversarial,random_noise_byzantine,28,0.7563333333333333,0.7430295163001093,1.7816666666666663
123,ep_ppa,ppa,adversarial,random_noise_byzantine,29,0.785,0.7910696844334798,1.9250000000000003
123,ep_ppa,ppa,adversarial,random_noise_byzantine,30,0.5166666666666667,0.4660551849224996,0.5833333333333335
123,ep_sdp-ppa,sdp_ppa,adversarial,random_noise_byzantine,1,0.476,0.3558995277932945,0.3799999999999999
123,ep_sdp-ppa,sdp_ppa,adversarial,random_noise_byzantine,2,0.6066666666666667,0.5529679520132339,1.0333333333333332
123,ep_sdp-ppa,sdp_ppa,adversarial,random_noise_byzantine,3,0.8433333333333334,0.8442249891253211,2.216666666666667
123,ep_sdp-ppa,sdp_ppa,adversarial,random_noise_byzantine,4,0.881,0.8797265679921291,2.4050000000000002
123,ep_sdp-ppa,sdp_ppa,adversarial,random_noise_byzantine,5,0.9133333333333332,0.9137291099884636,2.5666666666666664
123,ep_sdp-ppa,sdp_ppa,adversarial,random_noise_byzantine,6,0.971,0.9706914523497684,2.8549999999999995
123,ep_sdp-ppa,sdp_ppa,adversarial,random_noise_byzantine,7,0.9753333333333334,0.9752460145147752,2.876666666666667
123,ep_sdp-ppa,sdp_ppa,adversarial,random_noise_byzantine,8,0.9603333333333334,0.960320324226074,2.8016666666666667
123,ep_sdp-ppa,sdp_ppa,adversarial,random_noise_byzantine,9,0.9423333333333334,0.940602021537154,2.711666666666667
123,ep_sdp-ppa,sdp_ppa,adversarial,random_noise_byzantine,10,0.9186666666666666,0.914638112329366,2.593333333333333
123,ep_sdp-ppa,sdp_ppa,adversarial,random_noise_byzantine,11,0.889,0.8833023029054728,2.4450000000000003
123,ep_sdp-ppa,sdp_ppa,adversarial,random_noise_byzantine,12,0.917,0.9144003935548142,2.585
123,ep_sdp-ppa,sdp_ppa,adversarial,random_noise_byzantine,13,0.94,0.9403034181104069,2.6999999999999993
123,ep_sdp-ppa,sdp_ppa,adversarial,random_noise_byzantine,14,0.4163333333333333,0.3157198967557159,0.08166666666666655
123,ep_sdp-ppa,sdp_ppa,adversarial,random_noise_byzantine,15,0.6936666666666667,0.6889586977337888,1.4683333333333333
123,ep_sdp-ppa,sdp_ppa,adversarial,random_noise_byzantine,16,0.806,0.7737615086541816,2.0300000000000002
123,ep_sdp-ppa,sdp_ppa,adversarial,random_noise_byzantine,17,0.6406666666666667,0.5961101960725333,1.2033333333333336
123,ep_sdp-ppa,sdp_ppa,adversarial,random_noise_byzantine,18,0.884,0.8766756163852982,2.42
123,ep_sdp-ppa,sdp_ppa,adversarial,random_noise_byzantine,19,0.6583333333333333,0.6535426208432935,1.2916666666666665
123,ep_sdp-ppa,sdp_ppa,adversarial,random_noise_byzantine,20,0.6923333333333334,0.6050117903039008,1.461666666666667
123,ep_sdp-ppa,sdp_ppa,adversarial,random_noise_byzantine,21,0.655,0.6392535209846976,1.2750000000000004
123,ep_sdp-ppa,sdp_ppa,adversarial,random_noise_byzantine,22,0.4676666666666667,0.3654899675308529,0.3383333333333334
123,ep_sdp-ppa,sdp_ppa,adversarial,random_noise_byzantine,23,0.584,0.5256823707708855,0.9199999999999999
123,ep_sdp-ppa,sdp_ppa,adversarial,random_noise_byzantine,24,0.5966666666666667,0.5205518322510438,0.9833333333333334
123,ep_sdp-ppa,sdp_ppa,adversarial,random_noise_byzantine,25,0.3903333333333333,0.3409688887508051,-0.04833333333333334
123,ep_sdp-ppa,sdp_ppa,adversarial,random_noise_byzantine,26,0.2943333333333333,0.1854145616356957,-0.5283333333333335
123,ep_sdp-ppa,sdp_ppa,adversarial,random_noise_byzantine,27,0.518,0.4464121542720176,0.5899999999999999
123,ep_sdp-ppa,sdp_ppa,adversarial,random_noise_byzantine,28,0.4413333333333333,0.4084635979043085,0.20666666666666655
123,ep_sdp-ppa,sdp_ppa,adversarial,random_noise_byzantine,29,0.5043333333333333,0.5004827099309053,0.5216666666666665
123,ep_sdp-ppa,sdp_ppa,adversarial,random_noise_byzantine,30,0.5333333333333333,0.4912403480940982,0.6666666666666665
123,ep_twa-ppa,twa_ppa,adversarial,random_noise_byzantine,1,0.773,0.7795288688334094,1.8650000000000002
123,ep_twa-ppa,twa_ppa,adversarial,random_noise_byzantine,2,0.9226666666666666,0.9236818046948791,2.6133333333333333
123,ep_twa-ppa,twa_ppa,adversarial,random_noise_byzantine,3,0.9476666666666668,0.9481429762263384,2.738333333333334
123,ep_twa-ppa,twa_ppa,adversarial,random_noise_byzantine,4,0.9646666666666668,0.9647989451977236,2.823333333333334
123,ep_twa-ppa,twa_ppa,adversarial,random_noise_byzantine,5,0.9746666666666668,0.974693489394722,2.873333333333334
123,ep_twa-ppa,twa_ppa,adversarial,random_noise_byzantine,6,0.9766666666666668,0.9763796582150884,2.8833333333333337
123,ep_twa-ppa,twa_ppa,adversarial,random_noise_byzantine,7,0.9723333333333334,0.97190651296981,2.8616666666666672
123,ep_twa-ppa,twa_ppa,adversarial,random_noise_byzantine,8,0.9713333333333334,0.970872709739333,2.8566666666666674
123,ep_twa-ppa,twa_ppa,adversarial,random_noise_byzantine,9,0.9663333333333334,0.9655973370935204,2.831666666666667
123,ep_twa-ppa,twa_ppa,adversarial,random_noise_byzantine,10,0.9666666666666668,0.9659469469396712,2.833333333333334
123,ep_twa-ppa,twa_ppa,adversarial,random_noise_byzantine,11,0.967,0.9663045352887648,2.835
123,ep_twa-ppa,twa_ppa,adversarial,random_noise_byzantine,12,0.9676666666666668,0.9670075746400416,2.838333333333334
123,ep_twa-ppa,twa_ppa,adversarial,random_noise_byzantine,13,0.9703333333333334,0.969805987242242,2.8516666666666666
123,ep_twa-ppa,twa_ppa,adversarial,random_noise_byzantine,14,0.971,0.97051567040093,2.8549999999999995
123,ep_twa-ppa,twa_ppa,adversarial,random_noise_byzantine,15,0.972,0.9715628673974672,2.8599999999999994
123,ep_twa-ppa,twa_ppa,adversarial,random_noise_byzantine,16,0.9723333333333334,0.9719121925769412,2.8616666666666672
123,ep_twa-ppa,twa_ppa,adversarial,random_noise_byzantine,17,0.9716666666666668,0.9712272602596816,2.8583333333333343
123,ep_twa-ppa,twa_ppa,adversarial,random_noise_byzantine,18,0.9713333333333334,0.9708791147276324,2.8566666666666674
123,ep_twa-ppa,twa_ppa,adversarial,random_noise_byzantine,19,0.9723333333333334,0.9719026433641536,2.8616666666666672
123,ep_twa-ppa,twa_ppa,adversarial,random_noise_byzantine,20,0.9723333333333334,0.9719026433641536,2.8616666666666672
123,ep_twa-ppa,twa_ppa,adversarial,random_noise_byzantine,21,0.972,0.9715697562942728,2.8599999999999994
123,ep_twa-ppa,twa_ppa,adversarial,random_noise_byzantine,22,0.9726666666666668,0.9722545700526342,2.863333333333334
123,ep_twa-ppa,twa_ppa,adversarial,random_noise_byzantine,23,0.972,0.9715533181846798,2.8599999999999994
123,ep_twa-ppa,twa_ppa,adversarial,random_noise_byzantine,24,0.9726666666666668,0.972249790778632,2.863333333333334
123,ep_twa-ppa,twa_ppa,adversarial,random_noise_byzantine,25,0.973,0.9725923137566572,2.865
123,ep_twa-ppa,twa_ppa,adversarial,random_noise_byzantine,26,0.9733333333333334,0.9729184263763164,2.866666666666667
123,ep_twa-ppa,twa_ppa,adversarial,random_noise_byzantine,27,0.973,0.9725729133706928,2.865
123,ep_twa-ppa,twa_ppa,adversarial,random_noise_byzantine,28,0.9746666666666668,0.9743040996775878,2.873333333333334
123,ep_twa-ppa,twa_ppa,adversarial,random_noise_byzantine,29,0.972,0.9715247271710864,2.8599999999999994
123,ep_twa-ppa,twa_ppa,adversarial,random_noise_byzantine,30,0.972,0.9715491664694098,2.8599999999999994
123,ep_0,fedavg,adversarial,model_replacement,1,0.0086666666666666,0.0048853814355505,-1.956666666666667
123,ep_0,fedavg,adversarial,model_replacement,2,0.005,0.0028430629264594,-1.975
123,ep_0,fedavg,adversarial,model_replacement,3,0.005,0.002840909090909,-1.975
123,ep_0,fedavg,adversarial,model_replacement,4,0.005,0.0028376844494892,-1.975
123,ep_0,fedavg,adversarial,model_replacement,5,0.005,0.0028206092515983,-1.975
123,ep_0,fedavg,adversarial,model_replacement,6,0.005,0.0025041736227045,-1.975
123,ep_0,fedavg,adversarial,model_replacement,7,0.0663333333333333,0.0312303829252981,-1.6683333333333334
123,ep_0,fedavg,adversarial,model_replacement,8,0.162,0.0697674418604651,-1.19
123,ep_0,fedavg,adversarial,model_replacement,9,0.25,0.1,-0.75
123,ep_0,fedavg,adversarial,model_replacement,10,0.25,0.1,-0.75
123,ep_0,fedavg,adversarial,model_replacement,11,0.25,0.1,-0.75
123,ep_0,fedavg,adversarial,model_replacement,12,0.25,0.1,-0.75
123,ep_0,fedavg,adversarial,model_replacement,13,0.25,0.1,-0.75
123,ep_0,fedavg,adversarial,model_replacement,14,0.25,0.1,-0.75
123,ep_0,fedavg,adversarial,model_replacement,15,0.25,0.1,-0.75
123,ep_0,fedavg,adversarial,model_replacement,16,0.25,0.1,-0.75
123,ep_0,fedavg,adversarial,model_replacement,17,0.25,0.1,-0.75
123,ep_0,fedavg,adversarial,model_replacement,18,0.25,0.1,-0.75
123,ep_0,fedavg,adversarial,model_replacement,19,0.25,0.1,-0.75
123,ep_0,fedavg,adversarial,model_replacement,20,0.25,0.1,-0.75
123,ep_0,fedavg,adversarial,model_replacement,21,0.25,0.1,-0.75
123,ep_0,fedavg,adversarial,model_replacement,22,0.25,0.1,-0.75
123,ep_0,fedavg,adversarial,model_replacement,23,0.25,0.1,-0.75
123,ep_0,fedavg,adversarial,model_replacement,24,0.25,0.1,-0.75
123,ep_0,fedavg,adversarial,model_replacement,25,0.25,0.1,-0.75
123,ep_0,fedavg,adversarial,model_replacement,26,0.25,0.1,-0.75
123,ep_0,fedavg,adversarial,model_replacement,27,0.25,0.1,-0.75
123,ep_0,fedavg,adversarial,model_replacement,28,0.25,0.1,-0.75
123,ep_0,fedavg,adversarial,model_replacement,29,0.25,0.1,-0.75
123,ep_0,fedavg,adversarial,model_replacement,30,0.25,0.1,-0.75
123,ep_sdp,static_dp,adversarial,model_replacement,1,0.5476666666666666,0.4926009712674239,0.7383333333333333
123,ep_sdp,static_dp,adversarial,model_replacement,2,0.6866666666666666,0.6716802250790392,1.4333333333333331
123,ep_sdp,static_dp,adversarial,model_replacement,3,0.595,0.5420135134054684,0.9749999999999996
123,ep_sdp,static_dp,adversarial,model_replacement,4,0.811,0.8164918732604967,2.0550000000000006
123,ep_sdp,static_dp,adversarial,model_replacement,5,0.8723333333333333,0.8748976256745923,2.3616666666666664
123,ep_sdp,static_dp,adversarial,model_replacement,6,0.7843333333333333,0.7686884262609046,1.9216666666666669
123,ep_sdp,static_dp,adversarial,model_replacement,7,0.941,0.9404334836715912,2.705
123,ep_sdp,static_dp,adversarial,model_replacement,8,0.802,0.7839892848213846,2.01
123,ep_sdp,static_dp,adversarial,model_replacement,9,0.9186666666666666,0.9184542536286406,2.593333333333333
123,ep_sdp,static_dp,adversarial,model_replacement,10,0.9306666666666666,0.9287308778387692,2.6533333333333333
123,ep_sdp,static_dp,adversarial,model_replacement,11,0.9356666666666666,0.9339520577321052,2.678333333333333
123,ep_sdp,static_dp,adversarial,model_replacement,12,0.946,0.9458050367581888,2.7299999999999995
123,ep_sdp,static_dp,adversarial,model_replacement,13,0.9596666666666668,0.9595945557991458,2.798333333333334
123,ep_sdp,static_dp,adversarial,model_replacement,14,0.7203333333333334,0.7261795198111762,1.601666666666667
123,ep_sdp,static_dp,adversarial,model_replacement,15,0.9516666666666668,0.951053951297406,2.7583333333333337
123,ep_sdp,static_dp,adversarial,model_replacement,16,0.937,0.9353420992185038,2.6850000000000005
123,ep_sdp,static_dp,adversarial,model_replacement,17,0.7966666666666666,0.7914292700041704,1.9833333333333334
123,ep_sdp,static_dp,adversarial,model_replacement,18,0.6956666666666667,0.6224036826111534,1.4783333333333335
123,ep_sdp,static_dp,adversarial,model_replacement,19,0.8523333333333334,0.8520306302983702,2.2616666666666667
123,ep_sdp,static_dp,adversarial,model_replacement,20,0.8903333333333333,0.8841823967970167,2.451666666666666
123,ep_sdp,static_dp,adversarial,model_replacement,21,0.746,0.7302735312185478,1.73
123,ep_sdp,static_dp,adversarial,model_replacement,22,0.567,0.5036332336937982,0.835
123,ep_sdp,static_dp,adversarial,model_replacement,23,0.4516666666666666,0.3504903189730798,0.25833333333333286
123,ep_sdp,static_dp,adversarial,model_replacement,24,0.615,0.6059256033185485,1.0750000000000002
123,ep_sdp,static_dp,adversarial,model_replacement,25,0.5296666666666666,0.4826445076000206,0.648333333333333
123,ep_sdp,static_dp,adversarial,model_replacement,26,0.6096666666666667,0.6014682861132338,1.0483333333333333
123,ep_sdp,static_dp,adversarial,model_replacement,27,0.6043333333333333,0.5987384425901843,1.0216666666666665
123,ep_sdp,static_dp,adversarial,model_replacement,28,0.5286666666666666,0.4722695609231048,0.6433333333333331
123,ep_sdp,static_dp,adversarial,model_replacement,29,0.5446666666666666,0.4773359404346018,0.7233333333333332
123,ep_sdp,static_dp,adversarial,model_replacement,30,0.609,0.5555839100038595,1.045
123,ep_twa,twa,adversarial,model_replacement,1,0.77,0.7767153440117378,1.85
123,ep_twa,twa,adversarial,model_replacement,2,0.923,0.9239835641084108,2.615
123,ep_twa,twa,adversarial,model_replacement,3,0.951,0.9512069400389352,2.755
123,ep_twa,twa,adversarial,model_replacement,4,0.963,0.96313869633326,2.8149999999999995
123,ep_twa,twa,adversarial,model_replacement,5,0.9756666666666668,0.9756755307058672,2.878333333333334
123,ep_twa,twa,adversarial,model_replacement,6,0.973,0.972565340358568,2.865
123,ep_twa,twa,adversarial,model_replacement,7,0.9723333333333334,0.97190651296981,2.8616666666666672
123,ep_twa,twa,adversarial,model_replacement,8,0.9713333333333334,0.970872709739333,2.8566666666666674
123,ep_twa,twa,adversarial,model_replacement,9,0.9666666666666668,0.9659469469396712,2.833333333333334
123,ep_twa,twa,adversarial,model_replacement,10,0.9673333333333334,0.9666517722027016,2.836666666666667
123,ep_twa,twa,adversarial,model_replacement,11,0.9673333333333334,0.9666610146907952,2.836666666666667
123,ep_twa,twa,adversarial,model_replacement,12,0.9693333333333334,0.9687617545483392,2.8466666666666667
123,ep_twa,twa,adversarial,model_replacement,13,0.9706666666666668,0.9701594905560044,2.8533333333333335
123,ep_twa,twa,adversarial,model_replacement,14,0.9716666666666668,0.9712024629931556,2.8583333333333343
123,ep_twa,twa,adversarial,model_replacement,15,0.9723333333333334,0.9719055062573076,2.8616666666666672
123,ep_twa,twa,adversarial,model_replacement,16,0.9726666666666668,0.972249790778632,2.863333333333334
123,ep_twa,twa,adversarial,model_replacement,17,0.972,0.9715697562942728,2.8599999999999994
123,ep_twa,twa,adversarial,model_replacement,18,0.9723333333333334,0.9719121925769412,2.8616666666666672
123,ep_twa,twa,adversarial,model_replacement,19,0.9726666666666668,0.972249790778632,2.863333333333334
123,ep_twa,twa,adversarial,model_replacement,20,0.9746666666666668,0.9743116240204858,2.873333333333334
123,ep_twa,twa,adversarial,model_replacement,21,0.9753333333333334,0.9750192305528598,2.876666666666667
123,ep_twa,twa,adversarial,model_replacement,22,0.9726666666666668,0.9722355348994808,2.863333333333334
123,ep_twa,twa,adversarial,model_replacement,23,0.975,0.9746635539881952,2.875
123,ep_twa,twa,adversarial,model_replacement,24,0.975,0.9746471376624116,2.875
123,ep_twa,twa,adversarial,model_replacement,25,0.977,0.9767147401582869,2.885
123,ep_twa,twa,adversarial,model_replacement,26,0.979,0.978723349175858,2.8949999999999996
123,ep_twa,twa,adversarial,model_replacement,27,0.979,0.9787201264964396,2.8949999999999996
123,ep_twa,twa,adversarial,model_replacement,28,0.9773333333333334,0.976990602808851,2.8866666666666667
123,ep_twa,twa,adversarial,model_replacement,29,0.981,0.9808019549226732,2.9050000000000002
123,ep_twa,twa,adversarial,model_replacement,30,0.981,0.9807993485780668,2.9050000000000002
123,ep_ppa,ppa,adversarial,model_replacement,1,0.0086666666666666,0.0048853814355505,-1.956666666666667
123,ep_ppa,ppa,adversarial,model_replacement,2,0.005,0.0028430629264594,-1.975
123,ep_ppa,ppa,adversarial,model_replacement,3,0.005,0.002840909090909,-1.975
123,ep_ppa,ppa,adversarial,model_replacement,4,0.005,0.0028376844494892,-1.975
123,ep_ppa,ppa,adversarial,model_replacement,5,0.005,0.0028206092515983,-1.975
123,ep_ppa,ppa,adversarial,model_replacement,6,0.005,0.0025041736227045,-1.975
123,ep_ppa,ppa,adversarial,model_replacement,7,0.0603333333333333,0.0285669191919191,-1.6983333333333335
123,ep_ppa,ppa,adversarial,model_replacement,8,0.162,0.0697674418604651,-1.19
123,ep_ppa,ppa,adversarial,model_replacement,9,0.25,0.1,-0.75
123,ep_ppa,ppa,adversarial,model_replacement,10,0.25,0.1,-0.75
123,ep_ppa,ppa,adversarial,model_replacement,11,0.25,0.1,-0.75
123,ep_ppa,ppa,adversarial,model_replacement,12,0.25,0.1,-0.75
123,ep_ppa,ppa,adversarial,model_replacement,13,0.25,0.1,-0.75
123,ep_ppa,ppa,adversarial,model_replacement,14,0.25,0.1,-0.75
123,ep_ppa,ppa,adversarial,model_replacement,15,0.25,0.1,-0.75
123,ep_ppa,ppa,adversarial,model_replacement,16,0.25,0.1,-0.75
123,ep_ppa,ppa,adversarial,model_replacement,17,0.25,0.1,-0.75
123,ep_ppa,ppa,adversarial,model_replacement,18,0.25,0.1,-0.75
123,ep_ppa,ppa,adversarial,model_replacement,19,0.25,0.1,-0.75
123,ep_ppa,ppa,adversarial,model_replacement,20,0.25,0.1,-0.75
123,ep_ppa,ppa,adversarial,model_replacement,21,0.25,0.1,-0.75
123,ep_ppa,ppa,adversarial,model_replacement,22,0.25,0.1,-0.75
123,ep_ppa,ppa,adversarial,model_replacement,23,0.25,0.1,-0.75
123,ep_ppa,ppa,adversarial,model_replacement,24,0.25,0.1,-0.75
123,ep_ppa,ppa,adversarial,model_replacement,25,0.25,0.1,-0.75
123,ep_ppa,ppa,adversarial,model_replacement,26,0.25,0.1,-0.75
123,ep_ppa,ppa,adversarial,model_replacement,27,0.25,0.1,-0.75
123,ep_ppa,ppa,adversarial,model_replacement,28,0.25,0.1,-0.75
123,ep_ppa,ppa,adversarial,model_replacement,29,0.25,0.1,-0.75
123,ep_ppa,ppa,adversarial,model_replacement,30,0.25,0.1,-0.75
123,ep_sdp-ppa,sdp_ppa,adversarial,model_replacement,1,0.5473333333333333,0.4923263344048197,0.7366666666666668
123,ep_sdp-ppa,sdp_ppa,adversarial,model_replacement,2,0.6866666666666666,0.6716802250790392,1.4333333333333331
123,ep_sdp-ppa,sdp_ppa,adversarial,model_replacement,3,0.595,0.5420135134054684,0.9749999999999996
123,ep_sdp-ppa,sdp_ppa,adversarial,model_replacement,4,0.811,0.8164918732604967,2.0550000000000006
123,ep_sdp-ppa,sdp_ppa,adversarial,model_replacement,5,0.8726666666666667,0.875232598170981,2.3633333333333333
123,ep_sdp-ppa,sdp_ppa,adversarial,model_replacement,6,0.784,0.7682358501374593,1.92
123,ep_sdp-ppa,sdp_ppa,adversarial,model_replacement,7,0.9406666666666668,0.940103857741176,2.703333333333334
123,ep_sdp-ppa,sdp_ppa,adversarial,model_replacement,8,0.802,0.7839892848213846,2.01
123,ep_sdp-ppa,sdp_ppa,adversarial,model_replacement,9,0.917,0.9167589954942286,2.585
123,ep_sdp-ppa,sdp_ppa,adversarial,model_replacement,10,0.9306666666666666,0.9287308778387692,2.6533333333333333
123,ep_sdp-ppa,sdp_ppa,adversarial,model_replacement,11,0.9356666666666666,0.9339520577321052,2.678333333333333
123,ep_sdp-ppa,sdp_ppa,adversarial,model_replacement,12,0.946,0.9458337995843288,2.7299999999999995
123,ep_sdp-ppa,sdp_ppa,adversarial,model_replacement,13,0.9583333333333334,0.9582614784361762,2.791666666666667
123,ep_sdp-ppa,sdp_ppa,adversarial,model_replacement,14,0.718,0.7242352447734752,1.5899999999999999
123,ep_sdp-ppa,sdp_ppa,adversarial,model_replacement,15,0.952,0.9514014052691632,2.76
123,ep_sdp-ppa,sdp_ppa,adversarial,model_replacement,16,0.9373333333333334,0.9353347986159471,2.6866666666666665
123,ep_sdp-ppa,sdp_ppa,adversarial,model_replacement,17,0.7956666666666666,0.790386198349872,1.978333333333333
123,ep_sdp-ppa,sdp_ppa,adversarial,model_replacement,18,0.694,0.6208361838108226,1.4699999999999998
123,ep_sdp-ppa,sdp_ppa,adversarial,model_replacement,19,0.8476666666666667,0.8470404299606427,2.2383333333333333
123,ep_sdp-ppa,sdp_ppa,adversarial,model_replacement,20,0.886,0.8794461420674801,2.4299999999999997
123,ep_sdp-ppa,sdp_ppa,adversarial,model_replacement,21,0.7566666666666667,0.7409319232167562,1.7833333333333337
123,ep_sdp-ppa,sdp_ppa,adversarial,model_replacement,22,0.5813333333333334,0.518262430991406,0.9066666666666667
123,ep_sdp-ppa,sdp_ppa,adversarial,model_replacement,23,0.4543333333333333,0.3558445554044178,0.2716666666666665
123,ep_sdp-ppa,sdp_ppa,adversarial,model_replacement,24,0.6196666666666667,0.6113991911713399,1.0983333333333336
123,ep_sdp-ppa,sdp_ppa,adversarial,model_replacement,25,0.5306666666666666,0.4830080147383434,0.6533333333333333
123,ep_sdp-ppa,sdp_ppa,adversarial,model_replacement,26,0.6356666666666667,0.6290078412164821,1.1783333333333337
123,ep_sdp-ppa,sdp_ppa,adversarial,model_replacement,27,0.5856666666666667,0.5642963732911985,0.9283333333333332
123,ep_sdp-ppa,sdp_ppa,adversarial,model_replacement,28,0.5393333333333333,0.4851489678655494,0.6966666666666668
123,ep_sdp-ppa,sdp_ppa,adversarial,model_replacement,29,0.552,0.4834604323362743,0.7600000000000002
123,ep_sdp-ppa,sdp_ppa,adversarial,model_replacement,30,0.525,0.4765917167252487,0.625
123,ep_twa-ppa,twa_ppa,adversarial,model_replacement,1,0.77,0.7767153440117378,1.85
123,ep_twa-ppa,twa_ppa,adversarial,model_replacement,2,0.923,0.9239835641084108,2.615
123,ep_twa-ppa,twa_ppa,adversarial,model_replacement,3,0.951,0.9512069400389352,2.755
123,ep_twa-ppa,twa_ppa,adversarial,model_replacement,4,0.963,0.96313869633326,2.8149999999999995
123,ep_twa-ppa,twa_ppa,adversarial,model_replacement,5,0.9756666666666668,0.9756755307058672,2.878333333333334
123,ep_twa-ppa,twa_ppa,adversarial,model_replacement,6,0.973,0.972565340358568,2.865
123,ep_twa-ppa,twa_ppa,adversarial,model_replacement,7,0.9723333333333334,0.97190651296981,2.8616666666666672
123,ep_twa-ppa,twa_ppa,adversarial,model_replacement,8,0.9713333333333334,0.970872709739333,2.8566666666666674
123,ep_twa-ppa,twa_ppa,adversarial,model_replacement,9,0.9666666666666668,0.9659469469396712,2.833333333333334
123,ep_twa-ppa,twa_ppa,adversarial,model_replacement,10,0.9673333333333334,0.9666517722027016,2.836666666666667
123,ep_twa-ppa,twa_ppa,adversarial,model_replacement,11,0.9673333333333334,0.9666610146907952,2.836666666666667
123,ep_twa-ppa,twa_ppa,adversarial,model_replacement,12,0.9693333333333334,0.9687617545483392,2.8466666666666667
123,ep_twa-ppa,twa_ppa,adversarial,model_replacement,13,0.9706666666666668,0.9701594905560044,2.8533333333333335
123,ep_twa-ppa,twa_ppa,adversarial,model_replacement,14,0.9716666666666668,0.9712024629931556,2.8583333333333343
123,ep_twa-ppa,twa_ppa,adversarial,model_replacement,15,0.9723333333333334,0.9719007269833057,2.8616666666666672
123,ep_twa-ppa,twa_ppa,adversarial,model_replacement,16,0.9726666666666668,0.972249790778632,2.863333333333334
123,ep_twa-ppa,twa_ppa,adversarial,model_replacement,17,0.9723333333333334,0.9719121925769412,2.8616666666666672
123,ep_twa-ppa,twa_ppa,adversarial,model_replacement,18,0.9723333333333334,0.9719121925769412,2.8616666666666672
123,ep_twa-ppa,twa_ppa,adversarial,model_replacement,19,0.9726666666666668,0.972249790778632,2.863333333333334
123,ep_twa-ppa,twa_ppa,adversarial,model_replacement,20,0.9733333333333334,0.9729347802113926,2.866666666666667
123,ep_twa-ppa,twa_ppa,adversarial,model_replacement,21,0.9723333333333334,0.971894663243872,2.8616666666666672
123,ep_twa-ppa,twa_ppa,adversarial,model_replacement,22,0.9723333333333334,0.9718890190807344,2.8616666666666672
123,ep_twa-ppa,twa_ppa,adversarial,model_replacement,23,0.974,0.973606927888385,2.87
123,ep_twa-ppa,twa_ppa,adversarial,model_replacement,24,0.974,0.9736033677834934,2.87
123,ep_twa-ppa,twa_ppa,adversarial,model_replacement,25,0.975,0.974566320009457,2.875
123,ep_twa-ppa,twa_ppa,adversarial,model_replacement,26,0.9766666666666668,0.9762927815960508,2.8833333333333337
123,ep_twa-ppa,twa_ppa,adversarial,model_replacement,27,0.976,0.9756016104654842,2.88
123,ep_twa-ppa,twa_ppa,adversarial,model_replacement,28,0.9743333333333334,0.9738774365496764,2.871666666666667
123,ep_twa-ppa,twa_ppa,adversarial,model_replacement,29,0.979,0.9787098353652628,2.8949999999999996
123,ep_twa-ppa,twa_ppa,adversarial,model_replacement,30,0.975,0.9746158582867036,2.875
123,ep_0,fedavg,adversarial,label_flipping,1,0.679,0.6710427857405677,1.3950000000000005
123,ep_0,fedavg,adversarial,label_flipping,2,0.9616666666666668,0.9621781763638158,2.8083333333333336
123,ep_0,fedavg,adversarial,label_flipping,3,0.9716666666666668,0.9718702617263936,2.8583333333333343
123,ep_0,fedavg,adversarial,label_flipping,4,0.98,0.9800377058287034,2.9000000000000004
123,ep_0,fedavg,adversarial,label_flipping,5,0.9756666666666668,0.9754999384508208,2.878333333333334
123,ep_0,fedavg,adversarial,label_flipping,6,0.9723333333333334,0.9719770582402364,2.8616666666666672
123,ep_0,fedavg,adversarial,label_flipping,7,0.9713333333333334,0.9709104802673396,2.8566666666666674
123,ep_0,fedavg,adversarial,label_flipping,8,0.9696666666666668,0.9691640486213072,2.8483333333333336
123,ep_0,fedavg,adversarial,label_flipping,9,0.9396666666666668,0.937196139053832,2.698333333333334
123,ep_0,fedavg,adversarial,label_flipping,10,0.954,0.952722057871404,2.7699999999999996
123,ep_0,fedavg,adversarial,label_flipping,11,0.9646666666666668,0.9639860041648528,2.823333333333334
123,ep_0,fedavg,adversarial,label_flipping,12,0.964,0.9633182673663572,2.8200000000000003
123,ep_0,fedavg,adversarial,label_flipping,13,0.9633333333333334,0.9627262373760196,2.8166666666666664
123,ep_0,fedavg,adversarial,label_flipping,14,0.962,0.9612761019564122,2.8099999999999996
123,ep_0,fedavg,adversarial,label_flipping,15,0.9703333333333334,0.9701602148466963,2.8516666666666666
123,ep_0,fedavg,adversarial,label_flipping,16,0.9603333333333334,0.9596883854401054,2.8016666666666667
123,ep_0,fedavg,adversarial,label_flipping,17,0.9633333333333334,0.9628502749235416,2.8166666666666664
123,ep_0,fedavg,adversarial,label_flipping,18,0.9693333333333334,0.9691561938043144,2.8466666666666667
123,ep_0,fedavg,adversarial,label_flipping,19,0.97,0.9699021416006816,2.8499999999999996
123,ep_0,fedavg,adversarial,label_flipping,20,0.968,0.967964553774335,2.84
123,ep_0,fedavg,adversarial,label_flipping,21,0.8813333333333333,0.8814332137057926,2.4066666666666663
123,ep_0,fedavg,adversarial,label_flipping,22,0.9703333333333334,0.970108577554026,2.8516666666666666
123,ep_0,fedavg,adversarial,label_flipping,23,0.9726666666666668,0.9724307476977064,2.863333333333334
123,ep_0,fedavg,adversarial,label_flipping,24,0.9483333333333334,0.9483443880114945,2.741666666666667
123,ep_0,fedavg,adversarial,label_flipping,25,0.7326666666666667,0.7177267286317586,1.6633333333333336
123,ep_0,fedavg,adversarial,label_flipping,26,0.511,0.4079700450065516,0.5550000000000002
123,ep_0,fedavg,adversarial,label_flipping,27,0.4893333333333333,0.38548297436003,0.4466666666666663
123,ep_0,fedavg,adversarial,label_flipping,28,0.6196666666666667,0.5888699684013161,1.0983333333333336
123,ep_0,fedavg,adversarial,label_flipping,29,0.489,0.3945940872176259,0.44499999999999984
123,ep_0,fedavg,adversarial,label_flipping,30,0.536,0.4286740657504421,0.6800000000000002
123,ep_sdp,static_dp,adversarial,label_flipping,1,0.4216666666666667,0.3047056021288271,0.10833333333333339
123,ep_sdp,static_dp,adversarial,label_flipping,2,0.8253333333333334,0.8274376693231741,2.126666666666667
123,ep_sdp,static_dp,adversarial,label_flipping,3,0.8563333333333333,0.8523138486661723,2.2816666666666663
123,ep_sdp,static_dp,adversarial,label_flipping,4,0.8543333333333333,0.8566674637640788,2.2716666666666665
123,ep_sdp,static_dp,adversarial,label_flipping,5,0.96,0.9598145992251932,2.8
123,ep_sdp,static_dp,adversarial,label_flipping,6,0.934,0.934196029732537,2.67
123,ep_sdp,static_dp,adversarial,label_flipping,7,0.9513333333333334,0.950363986265308,2.756666666666667
123,ep_sdp,static_dp,adversarial,label_flipping,8,0.9703333333333334,0.9701257157771755,2.8516666666666666
123,ep_sdp,static_dp,adversarial,label_flipping,9,0.9606666666666668,0.960356550815454,2.8033333333333337
123,ep_sdp,static_dp,adversarial,label_flipping,10,0.9346666666666666,0.9328023043003502,2.673333333333333
123,ep_sdp,static_dp,adversarial,label_flipping,11,0.912,0.9113174644251688,2.5600000000000005
123,ep_sdp,static_dp,adversarial,label_flipping,12,0.939,0.9381190346446836,2.6949999999999994
123,ep_sdp,static_dp,adversarial,label_flipping,13,0.8703333333333333,0.8661633654286504,2.3516666666666666
123,ep_sdp,static_dp,adversarial,label_flipping,14,0.7156666666666667,0.7135715141842666,1.5783333333333331
123,ep_sdp,static_dp,adversarial,label_flipping,15,0.951,0.9499660715437268,2.755
123,ep_sdp,static_dp,adversarial,label_flipping,16,0.8476666666666667,0.8387657772742072,2.2383333333333333
123,ep_sdp,static_dp,adversarial,label_flipping,17,0.7823333333333333,0.784464812350407,1.9116666666666666
123,ep_sdp,static_dp,adversarial,label_flipping,18,0.6123333333333333,0.5555082829093636,1.0616666666666665
123,ep_sdp,static_dp,adversarial,label_flipping,19,0.7403333333333333,0.7191974708845037,1.7016666666666662
123,ep_sdp,static_dp,adversarial,label_flipping,20,0.7346666666666667,0.7128757861121592,1.6733333333333333
123,ep_sdp,static_dp,adversarial,label_flipping,21,0.4576666666666666,0.3167894832013938,0.2883333333333331
123,ep_sdp,static_dp,adversarial,label_flipping,22,0.413,0.3016913575742493,0.06499999999999995
123,ep_sdp,static_dp,adversarial,label_flipping,23,0.427,0.3154732504680325,0.1349999999999998
123,ep_sdp,static_dp,adversarial,label_flipping,24,0.6186666666666667,0.5896731076545351,1.0933333333333337
123,ep_sdp,static_dp,adversarial,label_flipping,25,0.682,0.6147054227532902,1.4100000000000001
123,ep_sdp,static_dp,adversarial,label_flipping,26,0.4983333333333333,0.4481048121373665,0.49166666666666625
123,ep_sdp,static_dp,adversarial,label_flipping,27,0.5916666666666667,0.5066826742836524,0.9583333333333335
123,ep_sdp,static_dp,adversarial,label_flipping,28,0.4913333333333333,0.3935677757214577,0.45666666666666655
123,ep_sdp,static_dp,adversarial,label_flipping,29,0.4993333333333333,0.4060253068625926,0.4966666666666666
123,ep_sdp,static_dp,adversarial,label_flipping,30,0.3663333333333333,0.2818349782176502,-0.16833333333333345
123,ep_twa,twa,adversarial,label_flipping,1,0.7863333333333333,0.7919267598095014,1.9316666666666666
123,ep_twa,twa,adversarial,label_flipping,2,0.9353333333333332,0.9364474213709312,2.676666666666666
123,ep_twa,twa,adversarial,label_flipping,3,0.9556666666666668,0.9558925488647276,2.778333333333334
123,ep_twa,twa,adversarial,label_flipping,4,0.971,0.9711077741713292,2.8549999999999995
123,ep_twa,twa,adversarial,label_flipping,5,0.9783333333333334,0.9783148224357086,2.8916666666666666
123,ep_twa,twa,adversarial,label_flipping,6,0.9743333333333334,0.9739602891016664,2.871666666666667
123,ep_twa,twa,adversarial,label_flipping,7,0.972,0.9715625825229168,2.8599999999999994
123,ep_twa,twa,adversarial,label_flipping,8,0.9713333333333334,0.970872709739333,2.8566666666666674
123,ep_twa,twa,adversarial,label_flipping,9,0.966,0.965256782125478,2.83
123,ep_twa,twa,adversarial,label_flipping,10,0.9646666666666668,0.9638699916291326,2.823333333333334
123,ep_twa,twa,adversarial,label_flipping,11,0.9656666666666668,0.964922687040586,2.828333333333334
123,ep_twa,twa,adversarial,label_flipping,12,0.9673333333333334,0.9666793277426152,2.836666666666667
123,ep_twa,twa,adversarial,label_flipping,13,0.9703333333333334,0.9698275770750296,2.8516666666666666
123,ep_twa,twa,adversarial,label_flipping,14,0.9713333333333334,0.9708653509939636,2.8566666666666674
123,ep_twa,twa,adversarial,label_flipping,15,0.9723333333333334,0.9719055062573076,2.8616666666666672
123,ep_twa,twa,adversarial,label_flipping,16,0.972,0.9715697562942728,2.8599999999999994
123,ep_twa,twa,adversarial,label_flipping,17,0.9716666666666668,0.9712272602596816,2.8583333333333343
123,ep_twa,twa,adversarial,label_flipping,18,0.9716666666666668,0.9712169007371908,2.8583333333333343
123,ep_twa,twa,adversarial,label_flipping,19,0.9723333333333334,0.9719026433641536,2.8616666666666672
123,ep_twa,twa,adversarial,label_flipping,20,0.9723333333333334,0.9719026433641536,2.8616666666666672
123,ep_twa,twa,adversarial,label_flipping,21,0.9723333333333334,0.9719007269833057,2.8616666666666672
123,ep_twa,twa,adversarial,label_flipping,22,0.9716666666666668,0.9712039473132252,2.8583333333333343
123,ep_twa,twa,adversarial,label_flipping,23,0.9723333333333334,0.9718890190807344,2.8616666666666672
123,ep_twa,twa,adversarial,label_flipping,24,0.972,0.9715297236000332,2.8599999999999994
123,ep_twa,twa,adversarial,label_flipping,25,0.9733333333333334,0.9729096275727136,2.866666666666667
123,ep_twa,twa,adversarial,label_flipping,26,0.975,0.9745654732880166,2.875
123,ep_twa,twa,adversarial,label_flipping,27,0.9736666666666668,0.9731811778348284,2.868333333333334
123,ep_twa,twa,adversarial,label_flipping,28,0.973,0.9724902046284406,2.865
123,ep_twa,twa,adversarial,label_flipping,29,0.9733333333333334,0.9728431027423724,2.866666666666667
123,ep_twa,twa,adversarial,label_flipping,30,0.9733333333333334,0.9728645774025376,2.866666666666667
123,ep_ppa,ppa,adversarial,label_flipping,1,0.679,0.6710427857405677,1.3950000000000005
123,ep_ppa,ppa,adversarial,label_flipping,2,0.9616666666666668,0.9621781763638158,2.8083333333333336
123,ep_ppa,ppa,adversarial,label_flipping,3,0.9716666666666668,0.9718702617263936,2.8583333333333343
123,ep_ppa,ppa,adversarial,label_flipping,4,0.98,0.9800377058287034,2.9000000000000004
123,ep_ppa,ppa,adversarial,label_flipping,5,0.9756666666666668,0.9754999384508208,2.878333333333334
123,ep_ppa,ppa,adversarial,label_flipping,6,0.9723333333333334,0.9719770582402364,2.8616666666666672
123,ep_ppa,ppa,adversarial,label_flipping,7,0.9713333333333334,0.9709104802673396,2.8566666666666674
123,ep_ppa,ppa,adversarial,label_flipping,8,0.9696666666666668,0.9691640486213072,2.8483333333333336
123,ep_ppa,ppa,adversarial,label_flipping,9,0.9396666666666668,0.937196139053832,2.698333333333334
123,ep_ppa,ppa,adversarial,label_flipping,10,0.9536666666666668,0.952360659382179,2.7683333333333335
123,ep_ppa,ppa,adversarial,label_flipping,11,0.9646666666666668,0.9639860041648528,2.823333333333334
123,ep_ppa,ppa,adversarial,label_flipping,12,0.9633333333333334,0.9626179714536428,2.8166666666666664
123,ep_ppa,ppa,adversarial,label_flipping,13,0.9633333333333334,0.9626873469388564,2.8166666666666664
123,ep_ppa,ppa,adversarial,label_flipping,14,0.9623333333333334,0.9616205537111492,2.8116666666666665
123,ep_ppa,ppa,adversarial,label_flipping,15,0.97,0.9698223063667788,2.8499999999999996
123,ep_ppa,ppa,adversarial,label_flipping,16,0.9593333333333334,0.9586573086404072,2.796666666666667
123,ep_ppa,ppa,adversarial,label_flipping,17,0.9633333333333334,0.9628502749235416,2.8166666666666664
123,ep_ppa,ppa,adversarial,label_flipping,18,0.97,0.9698317551818876,2.8499999999999996
123,ep_ppa,ppa,adversarial,label_flipping,19,0.9706666666666668,0.9705608249607404,2.8533333333333335
123,ep_ppa,ppa,adversarial,label_flipping,20,0.9706666666666668,0.9705843763396222,2.8533333333333335
123,ep_ppa,ppa,adversarial,label_flipping,21,0.818,0.8126825128136562,2.09
123,ep_ppa,ppa,adversarial,label_flipping,22,0.972,0.971763767271888,2.8599999999999994
123,ep_ppa,ppa,adversarial,label_flipping,23,0.971,0.9707842632796247,2.8549999999999995
123,ep_ppa,ppa,adversarial,label_flipping,24,0.9483333333333334,0.9483443880114945,2.741666666666667
123,ep_ppa,ppa,adversarial,label_flipping,25,0.7436666666666667,0.7309715901744647,1.7183333333333337
123,ep_ppa,ppa,adversarial,label_flipping,26,0.5276666666666666,0.4329878504763443,0.6383333333333332
123,ep_ppa,ppa,adversarial,label_flipping,27,0.4836666666666667,0.3746532487134757,0.41833333333333345
123,ep_ppa,ppa,adversarial,label_flipping,28,0.6166666666666667,0.5842118340940631,1.0833333333333335
123,ep_ppa,ppa,adversarial,label_flipping,29,0.488,0.3928015834792939,0.43999999999999995
123,ep_ppa,ppa,adversarial,label_flipping,30,0.5593333333333333,0.46272675909943,0.7966666666666669
123,ep_sdp-ppa,sdp_ppa,adversarial,label_flipping,1,0.4216666666666667,0.3047056021288271,0.10833333333333339
123,ep_sdp-ppa,sdp_ppa,adversarial,label_flipping,2,0.8253333333333334,0.8274376693231741,2.126666666666667
123,ep_sdp-ppa,sdp_ppa,adversarial,label_flipping,3,0.8563333333333333,0.8523138486661723,2.2816666666666663
123,ep_sdp-ppa,sdp_ppa,adversarial,label_flipping,4,0.8543333333333333,0.8566674637640788,2.2716666666666665
123,ep_sdp-ppa,sdp_ppa,adversarial,label_flipping,5,0.96,0.9598145992251932,2.8
123,ep_sdp-ppa,sdp_ppa,adversarial,label_flipping,6,0.934,0.934196029732537,2.67
123,ep_sdp-ppa,sdp_ppa,adversarial,label_flipping,7,0.9516666666666668,0.9507122321370256,2.7583333333333337
123,ep_sdp-ppa,sdp_ppa,adversarial,label_flipping,8,0.9703333333333334,0.9701257157771755,2.8516666666666666
123,ep_sdp-ppa,sdp_ppa,adversarial,label_flipping,9,0.9606666666666668,0.960356550815454,2.8033333333333337
123,ep_sdp-ppa,sdp_ppa,adversarial,label_flipping,10,0.9346666666666666,0.9328023043003502,2.673333333333333
123,ep_sdp-ppa,sdp_ppa,adversarial,label_flipping,11,0.912,0.9113174644251688,2.5600000000000005
123,ep_sdp-ppa,sdp_ppa,adversarial,label_flipping,12,0.9406666666666668,0.9397423587421652,2.703333333333334
123,ep_sdp-ppa,sdp_ppa,adversarial,label_flipping,13,0.8683333333333333,0.8638657014577142,2.341666666666667
123,ep_sdp-ppa,sdp_ppa,adversarial,label_flipping,14,0.7003333333333334,0.7006769630055872,1.501666666666667
123,ep_sdp-ppa,sdp_ppa,adversarial,label_flipping,15,0.9493333333333334,0.9482813854991268,2.746666666666667
123,ep_sdp-ppa,sdp_ppa,adversarial,label_flipping,16,0.8743333333333333,0.8653478787969991,2.371666666666666
123,ep_sdp-ppa,sdp_ppa,adversarial,label_flipping,17,0.781,0.7828782617836914,1.9050000000000002
123,ep_sdp-ppa,sdp_ppa,adversarial,label_flipping,18,0.5956666666666667,0.5382606354864248,0.9783333333333335
123,ep_sdp-ppa,sdp_ppa,adversarial,label_flipping,19,0.7413333333333333,0.7202271820378886,1.7066666666666666
123,ep_sdp-ppa,sdp_ppa,adversarial,label_flipping,20,0.696,0.658207485573896,1.4799999999999995
123,ep_sdp-ppa,sdp_ppa,adversarial,label_flipping,21,0.4573333333333333,0.3160460043729702,0.2866666666666666
123,ep_sdp-ppa,sdp_ppa,adversarial,label_flipping,22,0.415,0.3007768933820086,0.07499999999999973
123,ep_sdp-ppa,sdp_ppa,adversarial,label_flipping,23,0.4246666666666667,0.3135810769806246,0.12333333333333352
123,ep_sdp-ppa,sdp_ppa,adversarial,label_flipping,24,0.607,0.5761572333816168,1.0350000000000001
123,ep_sdp-ppa,sdp_ppa,adversarial,label_flipping,25,0.677,0.611086769148625,1.3850000000000002
123,ep_sdp-ppa,sdp_ppa,adversarial,label_flipping,26,0.4963333333333333,0.4420735824124835,0.48166666666666647
123,ep_sdp-ppa,sdp_ppa,adversarial,label_flipping,27,0.582,0.493374677326084,0.9099999999999997
123,ep_sdp-ppa,sdp_ppa,adversarial,label_flipping,28,0.484,0.3820416012189728,0.41999999999999993
123,ep_sdp-ppa,sdp_ppa,adversarial,label_flipping,29,0.4883333333333333,0.396659213004654,0.44166666666666643
123,ep_sdp-ppa,sdp_ppa,adversarial,label_flipping,30,0.3606666666666667,0.2749175121237995,-0.19666666666666655
123,ep_twa-ppa,twa_ppa,adversarial,label_flipping,1,0.7863333333333333,0.7919267598095014,1.9316666666666666
123,ep_twa-ppa,twa_ppa,adversarial,label_flipping,2,0.9353333333333332,0.9364474213709312,2.676666666666666
123,ep_twa-ppa,twa_ppa,adversarial,label_flipping,3,0.9556666666666668,0.9558925488647276,2.778333333333334
123,ep_twa-ppa,twa_ppa,adversarial,label_flipping,4,0.971,0.9711077741713292,2.8549999999999995
123,ep_twa-ppa,twa_ppa,adversarial,label_flipping,5,0.9783333333333334,0.9783148224357086,2.8916666666666666
123,ep_twa-ppa,twa_ppa,adversarial,label_flipping,6,0.9743333333333334,0.9739602891016664,2.871666666666667
123,ep_twa-ppa,twa_ppa,adversarial,label_flipping,7,0.972,0.9715625825229168,2.8599999999999994
123,ep_twa-ppa,twa_ppa,adversarial,label_flipping,8,0.9713333333333334,0.970872709739333,2.8566666666666674
123,ep_twa-ppa,twa_ppa,adversarial,label_flipping,9,0.966,0.965256782125478,2.83
123,ep_twa-ppa,twa_ppa,adversarial,label_flipping,10,0.9646666666666668,0.9638699916291326,2.823333333333334
123,ep_twa-ppa,twa_ppa,adversarial,label_flipping,11,0.9656666666666668,0.964922687040586,2.828333333333334
123,ep_twa-ppa,twa_ppa,adversarial,label_flipping,12,0.9673333333333334,0.9666793277426152,2.836666666666667
123,ep_twa-ppa,twa_ppa,adversarial,label_flipping,13,0.9703333333333334,0.9698275770750296,2.8516666666666666
123,ep_twa-ppa,twa_ppa,adversarial,label_flipping,14,0.9713333333333334,0.9708653509939636,2.8566666666666674
123,ep_twa-ppa,twa_ppa,adversarial,label_flipping,15,0.9723333333333334,0.9719055062573076,2.8616666666666672
123,ep_twa-ppa,twa_ppa,adversarial,label_flipping,16,0.972,0.9715697562942728,2.8599999999999994
123,ep_twa-ppa,twa_ppa,adversarial,label_flipping,17,0.9716666666666668,0.9712272602596816,2.8583333333333343
123,ep_twa-ppa,twa_ppa,adversarial,label_flipping,18,0.9713333333333334,0.9708791147276324,2.8566666666666674
123,ep_twa-ppa,twa_ppa,adversarial,label_flipping,19,0.9723333333333334,0.9719026433641536,2.8616666666666672
123,ep_twa-ppa,twa_ppa,adversarial,label_flipping,20,0.9723333333333334,0.9719026433641536,2.8616666666666672
123,ep_twa-ppa,twa_ppa,adversarial,label_flipping,21,0.9723333333333334,0.9719007269833057,2.8616666666666672
123,ep_twa-ppa,twa_ppa,adversarial,label_flipping,22,0.972,0.9715516180486078,2.8599999999999994
123,ep_twa-ppa,twa_ppa,adversarial,label_flipping,23,0.972,0.9715403413504008,2.8599999999999994
123,ep_twa-ppa,twa_ppa,adversarial,label_flipping,24,0.9716666666666668,0.9711889268167564,2.8583333333333343
123,ep_twa-ppa,twa_ppa,adversarial,label_flipping,25,0.9733333333333334,0.9729096275727136,2.866666666666667
123,ep_twa-ppa,twa_ppa,adversarial,label_flipping,26,0.975,0.974566320009457,2.875
123,ep_twa-ppa,twa_ppa,adversarial,label_flipping,27,0.9733333333333334,0.972835085706143,2.866666666666667
123,ep_twa-ppa,twa_ppa,adversarial,label_flipping,28,0.973,0.9724902046284406,2.865
123,ep_twa-ppa,twa_ppa,adversarial,label_flipping,29,0.9733333333333334,0.9728418263530892,2.866666666666667
123,ep_twa-ppa,twa_ppa,adversarial,label_flipping,30,0.9733333333333334,0.972855308202046,2.866666666666667
123,ep_0,fedavg,adversarial,data_poisoning,1,0.77,0.776806881151356,1.85
123,ep_0,fedavg,adversarial,data_poisoning,2,0.9156666666666666,0.9170898367412792,2.578333333333333
123,ep_0,fedavg,adversarial,data_poisoning,3,0.9473333333333334,0.9478095468707428,2.7366666666666664
123,ep_0,fedavg,adversarial,data_poisoning,4,0.9646666666666668,0.9647933047974052,2.823333333333334
123,ep_0,fedavg,adversarial,data_poisoning,5,0.979,0.9789524534128452,2.8949999999999996
123,ep_0,fedavg,adversarial,data_poisoning,6,0.9746666666666668,0.9742680586762732,2.873333333333334
123,ep_0,fedavg,adversarial,data_poisoning,7,0.9723333333333334,0.9719102217485972,2.8616666666666672
123,ep_0,fedavg,adversarial,data_poisoning,8,0.972,0.9715644348176268,2.8599999999999994
123,ep_0,fedavg,adversarial,data_poisoning,9,0.9536666666666668,0.9521884097575464,2.7683333333333335
123,ep_0,fedavg,adversarial,data_poisoning,10,0.9676666666666668,0.9670360474562412,2.838333333333334
123,ep_0,fedavg,adversarial,data_poisoning,11,0.9723333333333334,0.9719042311514692,2.8616666666666672
123,ep_0,fedavg,adversarial,data_poisoning,12,0.9723333333333334,0.9719042311514692,2.8616666666666672
123,ep_0,fedavg,adversarial,data_poisoning,13,0.9746666666666668,0.974366202864798,2.873333333333334
123,ep_0,fedavg,adversarial,data_poisoning,14,0.973,0.9726018816642544,2.865
123,ep_0,fedavg,adversarial,data_poisoning,15,0.9736666666666668,0.9735368372671528,2.868333333333334
123,ep_0,fedavg,adversarial,data_poisoning,16,0.975,0.9746496450520356,2.875
123,ep_0,fedavg,adversarial,data_poisoning,17,0.9766666666666668,0.9764392268141692,2.8833333333333337
123,ep_0,fedavg,adversarial,data_poisoning,18,0.977,0.9768424032274278,2.885
123,ep_0,fedavg,adversarial,data_poisoning,19,0.9756666666666668,0.975628076828262,2.878333333333334
123,ep_0,fedavg,adversarial,data_poisoning,20,0.9783333333333334,0.978457288223193,2.8916666666666666
123,ep_0,fedavg,adversarial,data_poisoning,21,0.9653333333333334,0.965601012444731,2.826666666666667
123,ep_0,fedavg,adversarial,data_poisoning,22,0.9816666666666668,0.9814778701690016,2.908333333333334
123,ep_0,fedavg,adversarial,data_poisoning,23,0.9846666666666668,0.984646096201266,2.923333333333334
123,ep_0,fedavg,adversarial,data_poisoning,24,0.9783333333333334,0.9783953483956876,2.8916666666666666
123,ep_0,fedavg,adversarial,data_poisoning,25,0.799,0.7997884353074,1.995
123,ep_0,fedavg,adversarial,data_poisoning,26,0.732,0.7401716906516101,1.6600000000000001
123,ep_0,fedavg,adversarial,data_poisoning,27,0.6816666666666666,0.6894897656883362,1.4083333333333332
123,ep_0,fedavg,adversarial,data_poisoning,28,0.9566666666666668,0.956652015928182,2.783333333333334
123,ep_0,fedavg,adversarial,data_poisoning,29,0.8246666666666667,0.815507086111764,2.123333333333333
123,ep_0,fedavg,adversarial,data_poisoning,30,0.6543333333333333,0.648589355506837,1.2716666666666665
123,ep_sdp,static_dp,adversarial,data_poisoning,1,0.487,0.3710898794077234,0.43500000000000005
123,ep_sdp,static_dp,adversarial,data_poisoning,2,0.8826666666666667,0.8833408883198965,2.413333333333334
123,ep_sdp,static_dp,adversarial,data_poisoning,3,0.8673333333333333,0.8658924663724483,2.336666666666666
123,ep_sdp,static_dp,adversarial,data_poisoning,4,0.895,0.8944344950855803,2.4749999999999996
123,ep_sdp,static_dp,adversarial,data_poisoning,5,0.966,0.965935189662807,2.83
123,ep_sdp,static_dp,adversarial,data_poisoning,6,0.9723333333333334,0.9720582895699488,2.8616666666666672
123,ep_sdp,static_dp,adversarial,data_poisoning,7,0.9726666666666668,0.9724156244420776,2.863333333333334
123,ep_sdp,static_dp,adversarial,data_poisoning,8,0.979,0.9788901861398795,2.8949999999999996
123,ep_sdp,static_dp,adversarial,data_poisoning,9,0.9666666666666668,0.9666475369349246,2.833333333333334
123,ep_sdp,static_dp,adversarial,data_poisoning,10,0.9403333333333334,0.9384756791412424,2.701666666666667
123,ep_sdp,static_dp,adversarial,data_poisoning,11,0.9456666666666668,0.9444013814373446,2.7283333333333335
123,ep_sdp,static_dp,adversarial,data_poisoning,12,0.941,0.9400574851311536,2.705
123,ep_sdp,static_dp,adversarial,data_poisoning,13,0.9363333333333334,0.9361450983861188,2.6816666666666666
123,ep_sdp,static_dp,adversarial,data_poisoning,14,0.8263333333333334,0.8337901244402337,2.131666666666667
123,ep_sdp,static_dp,adversarial,data_poisoning,15,0.9453333333333334,0.9444937072942394,2.7266666666666666
123,ep_sdp,static_dp,adversarial,data_poisoning,16,0.9273333333333332,0.9254789066369316,2.636666666666666
123,ep_sdp,static_dp,adversarial,data_poisoning,17,0.8016666666666666,0.8009477086003902,2.008333333333333
123,ep_sdp,static_dp,adversarial,data_poisoning,18,0.692,0.6143481680147415,1.46
123,ep_sdp,static_dp,adversarial,data_poisoning,19,0.8426666666666667,0.8350828475165434,2.213333333333333
123,ep_sdp,static_dp,adversarial,data_poisoning,20,0.8616666666666667,0.8544276693324687,2.3083333333333336
123,ep_sdp,static_dp,adversarial,data_poisoning,21,0.466,0.3336081308817509,0.33000000000000007
123,ep_sdp,static_dp,adversarial,data_poisoning,22,0.4303333333333333,0.324627827043019,0.1516666666666664
123,ep_sdp,static_dp,adversarial,data_poisoning,23,0.4523333333333333,0.35057078031623,0.2616666666666667
123,ep_sdp,static_dp,adversarial,data_poisoning,24,0.659,0.644944634685274,1.295
123,ep_sdp,static_dp,adversarial,data_poisoning,25,0.7426666666666667,0.7190893350670797,1.7133333333333334
123,ep_sdp,static_dp,adversarial,data_poisoning,26,0.527,0.4720015741211021,0.6350000000000002
123,ep_sdp,static_dp,adversarial,data_poisoning,27,0.62,0.535405343621834,1.1
123,ep_sdp,static_dp,adversarial,data_poisoning,28,0.5313333333333333,0.4557040972869904,0.6566666666666667
123,ep_sdp,static_dp,adversarial,data_poisoning,29,0.6346666666666667,0.5662833652952168,1.1733333333333338
123,ep_sdp,static_dp,adversarial,data_poisoning,30,0.4406666666666666,0.3275939669359601,0.20333333333333314
123,ep_twa,twa,adversarial,data_poisoning,1,0.773,0.7795866986328159,1.8650000000000002
123,ep_twa,twa,adversarial,data_poisoning,2,0.921,0.9220924981340536,2.6050000000000004
123,ep_twa,twa,adversarial,data_poisoning,3,0.9483333333333334,0.9488095140664604,2.741666666666667
123,ep_twa,twa,adversarial,data_poisoning,4,0.9646666666666668,0.9647933047974052,2.823333333333334
123,ep_twa,twa,adversarial,data_poisoning,5,0.978,0.9779175855512472,2.8899999999999997
123,ep_twa,twa,adversarial,data_poisoning,6,0.974,0.9735814020427211,2.87
123,ep_twa,twa,adversarial,data_poisoning,7,0.972,0.9715644348176268,2.8599999999999994
123,ep_twa,twa,adversarial,data_poisoning,8,0.972,0.9715644348176268,2.8599999999999994
123,ep_twa,twa,adversarial,data_poisoning,9,0.9656666666666668,0.9649086638315716,2.828333333333334
123,ep_twa,twa,adversarial,data_poisoning,10,0.9653333333333334,0.9645604761636676,2.826666666666667
123,ep_twa,twa,adversarial,data_poisoning,11,0.9653333333333334,0.9645690336291156,2.826666666666667
123,ep_twa,twa,adversarial,data_poisoning,12,0.9663333333333334,0.965625444564916,2.831666666666667
123,ep_twa,twa,adversarial,data_poisoning,13,0.9696666666666668,0.9691220538537924,2.8483333333333336
123,ep_twa,twa,adversarial,data_poisoning,14,0.971,0.9705096315304368,2.8549999999999995
123,ep_twa,twa,adversarial,data_poisoning,15,0.9713333333333334,0.9708590967351084,2.8566666666666674
123,ep_twa,twa,adversarial,data_poisoning,16,0.971,0.97051567040093,2.8549999999999995
123,ep_twa,twa,adversarial,data_poisoning,17,0.97,0.9694920836498004,2.8499999999999996
123,ep_twa,twa,adversarial,data_poisoning,18,0.9703333333333334,0.9698301180210648,2.8516666666666666
123,ep_twa,twa,adversarial,data_poisoning,19,0.9713333333333334,0.9708670511300356,2.8566666666666674
123,ep_twa,twa,adversarial,data_poisoning,20,0.9716666666666668,0.9712102144175572,2.8583333333333343
123,ep_twa,twa,adversarial,data_poisoning,21,0.9713333333333334,0.970860581055178,2.8566666666666674
123,ep_twa,twa,adversarial,data_poisoning,22,0.9713333333333334,0.970860581055178,2.8566666666666674
123,ep_twa,twa,adversarial,data_poisoning,23,0.9716666666666668,0.9712039473132252,2.8583333333333343
123,ep_twa,twa,adversarial,data_poisoning,24,0.9713333333333334,0.970860581055178,2.8566666666666674
123,ep_twa,twa,adversarial,data_poisoning,25,0.971,0.9705109004621444,2.8549999999999995
123,ep_twa,twa,adversarial,data_poisoning,26,0.971,0.9705109004621444,2.8549999999999995
123,ep_twa,twa,adversarial,data_poisoning,27,0.971,0.9705109004621444,2.8549999999999995
123,ep_twa,twa,adversarial,data_poisoning,28,0.9703333333333334,0.9698009983176864,2.8516666666666666
123,ep_twa,twa,adversarial,data_poisoning,29,0.97,0.9694515979224888,2.8499999999999996
123,ep_twa,twa,adversarial,data_poisoning,30,0.97,0.969452221442722,2.8499999999999996
123,ep_ppa,ppa,adversarial,data_poisoning,1,0.77,0.776806881151356,1.85
123,ep_ppa,ppa,adversarial,data_poisoning,2,0.9156666666666666,0.9170898367412792,2.578333333333333
123,ep_ppa,ppa,adversarial,data_poisoning,3,0.9473333333333334,0.9478095468707428,2.7366666666666664
123,ep_ppa,ppa,adversarial,data_poisoning,4,0.9646666666666668,0.9647933047974052,2.823333333333334
123,ep_ppa,ppa,adversarial,data_poisoning,5,0.979,0.9789524534128452,2.8949999999999996
123,ep_ppa,ppa,adversarial,data_poisoning,6,0.9746666666666668,0.9742680586762732,2.873333333333334
123,ep_ppa,ppa,adversarial,data_poisoning,7,0.9723333333333334,0.9719102217485972,2.8616666666666672
123,ep_ppa,ppa,adversarial,data_poisoning,8,0.972,0.9715644348176268,2.8599999999999994
123,ep_ppa,ppa,adversarial,data_poisoning,9,0.9536666666666668,0.9521821063637624,2.7683333333333335
123,ep_ppa,ppa,adversarial,data_poisoning,10,0.9676666666666668,0.9670360474562412,2.838333333333334
123,ep_ppa,ppa,adversarial,data_poisoning,11,0.9723333333333334,0.9719042311514692,2.8616666666666672
123,ep_ppa,ppa,adversarial,data_poisoning,12,0.9723333333333334,0.9719042311514692,2.8616666666666672
123,ep_ppa,ppa,adversarial,data_poisoning,13,0.9746666666666668,0.974366202864798,2.873333333333334
123,ep_ppa,ppa,adversarial,data_poisoning,14,0.973,0.9726018816642544,2.865
123,ep_ppa,ppa,adversarial,data_poisoning,15,0.9736666666666668,0.9735368372671528,2.868333333333334
123,ep_ppa,ppa,adversarial,data_poisoning,16,0.975,0.9746496450520356,2.875
123,ep_ppa,ppa,adversarial,data_poisoning,17,0.977,0.976778133419064,2.885
123,ep_ppa,ppa,adversarial,data_poisoning,18,0.977,0.9768373517719215,2.885
123,ep_ppa,ppa,adversarial,data_poisoning,19,0.9773333333333334,0.9772790287328028,2.8866666666666667
123,ep_ppa,ppa,adversarial,data_poisoning,20,0.9803333333333332,0.9804318788656388,2.9016666666666655
123,ep_ppa,ppa,adversarial,data_poisoning,21,0.969,0.9692346757301292,2.8449999999999998
123,ep_ppa,ppa,adversarial,data_poisoning,22,0.9816666666666668,0.9814778701690016,2.908333333333334
123,ep_ppa,ppa,adversarial,data_poisoning,23,0.9843333333333332,0.984316345516568,2.921666666666666
123,ep_ppa,ppa,adversarial,data_poisoning,24,0.9783333333333334,0.9783953483956876,2.8916666666666666
123,ep_ppa,ppa,adversarial,data_poisoning,25,0.9096666666666666,0.9134023490966116,2.548333333333333
123,ep_ppa,ppa,adversarial,data_poisoning,26,0.7466666666666667,0.7533479482329276,1.7333333333333334
123,ep_ppa,ppa,adversarial,data_poisoning,27,0.682,0.6898125739200007,1.4100000000000001
123,ep_ppa,ppa,adversarial,data_poisoning,28,0.9536666666666668,0.9537237903137924,2.7683333333333335
123,ep_ppa,ppa,adversarial,data_poisoning,29,0.736,0.7081065465703045,1.6799999999999997
123,ep_ppa,ppa,adversarial,data_poisoning,30,0.7556666666666667,0.7443812517174024,1.7783333333333333
123,ep_sdp-ppa,sdp_ppa,adversarial,data_poisoning,1,0.487,0.3710898794077234,0.43500000000000005
123,ep_sdp-ppa,sdp_ppa,adversarial,data_poisoning,2,0.8826666666666667,0.8833408883198965,2.413333333333334
123,ep_sdp-ppa,sdp_ppa,adversarial,data_poisoning,3,0.8673333333333333,0.8658924663724483,2.336666666666666
123,ep_sdp-ppa,sdp_ppa,adversarial,data_poisoning,4,0.895,0.8944344950855803,2.4749999999999996
123,ep_sdp-ppa,sdp_ppa,adversarial,data_poisoning,5,0.966,0.965935189662807,2.83
123,ep_sdp-ppa,sdp_ppa,adversarial,data_poisoning,6,0.9723333333333334,0.9720582895699488,2.8616666666666672
123,ep_sdp-ppa,sdp_ppa,adversarial,data_poisoning,7,0.9726666666666668,0.9724156244420776,2.863333333333334
123,ep_sdp-ppa,sdp_ppa,adversarial,data_poisoning,8,0.979,0.9788901861398795,2.8949999999999996
123,ep_sdp-ppa,sdp_ppa,adversarial,data_poisoning,9,0.9666666666666668,0.9666475369349246,2.833333333333334
123,ep_sdp-ppa,sdp_ppa,adversarial,data_poisoning,10,0.9403333333333334,0.9384756791412424,2.701666666666667
123,ep_sdp-ppa,sdp_ppa,adversarial,data_poisoning,11,0.9456666666666668,0.9444013814373446,2.7283333333333335
123,ep_sdp-ppa,sdp_ppa,adversarial,data_poisoning,12,0.9406666666666668,0.9397030422698466,2.703333333333334
123,ep_sdp-ppa,sdp_ppa,adversarial,data_poisoning,13,0.94,0.9398802187602496,2.6999999999999993
123,ep_sdp-ppa,sdp_ppa,adversarial,data_poisoning,14,0.801,0.8093796521460142,2.005
123,ep_sdp-ppa,sdp_ppa,adversarial,data_poisoning,15,0.945,0.9441425014247934,2.7249999999999996
123,ep_sdp-ppa,sdp_ppa,adversarial,data_poisoning,16,0.9273333333333332,0.9255023758217256,2.636666666666666
123,ep_sdp-ppa,sdp_ppa,adversarial,data_poisoning,17,0.8026666666666666,0.8017423956847901,2.0133333333333336
123,ep_sdp-ppa,sdp_ppa,adversarial,data_poisoning,18,0.6933333333333334,0.615655290089651,1.4666666666666668
123,ep_sdp-ppa,sdp_ppa,adversarial,data_poisoning,19,0.8426666666666667,0.8353703754567394,2.213333333333333
123,ep_sdp-ppa,sdp_ppa,adversarial,data_poisoning,20,0.8606666666666667,0.8529273578289127,2.3033333333333337
123,ep_sdp-ppa,sdp_ppa,adversarial,data_poisoning,21,0.4663333333333333,0.3352899241214745,0.33166666666666655
123,ep_sdp-ppa,sdp_ppa,adversarial,data_poisoning,22,0.4306666666666666,0.3273696454417932,0.15333333333333288
123,ep_sdp-ppa,sdp_ppa,adversarial,data_poisoning,23,0.4523333333333333,0.3501889336308917,0.2616666666666667
123,ep_sdp-ppa,sdp_ppa,adversarial,data_poisoning,24,0.654,0.6397237940317009,1.27
123,ep_sdp-ppa,sdp_ppa,adversarial,data_poisoning,25,0.697,0.6438854691352027,1.4849999999999999
123,ep_sdp-ppa,sdp_ppa,adversarial,data_poisoning,26,0.5246666666666666,0.469367300775741,0.6233333333333331
123,ep_sdp-ppa,sdp_ppa,adversarial,data_poisoning,27,0.618,0.5328741866235072,1.0899999999999999
123,ep_sdp-ppa,sdp_ppa,adversarial,data_poisoning,28,0.5356666666666666,0.4649072041223378,0.6783333333333332
123,ep_sdp-ppa,sdp_ppa,adversarial,data_poisoning,29,0.623,0.5527765027367928,1.1150000000000002
123,ep_sdp-ppa,sdp_ppa,adversarial,data_poisoning,30,0.431,0.3075932739616306,0.1549999999999998
123,ep_twa-ppa,twa_ppa,adversarial,data_poisoning,1,0.773,0.7795866986328159,1.8650000000000002
123,ep_twa-ppa,twa_ppa,adversarial,data_poisoning,2,0.921,0.9220924981340536,2.6050000000000004
123,ep_twa-ppa,twa_ppa,adversarial,data_poisoning,3,0.9483333333333334,0.9488095140664604,2.741666666666667
123,ep_twa-ppa,twa_ppa,adversarial,data_poisoning,4,0.9646666666666668,0.9647933047974052,2.823333333333334
123,ep_twa-ppa,twa_ppa,adversarial,data_poisoning,5,0.9783333333333334,0.978253844904866,2.8916666666666666
123,ep_twa-ppa,twa_ppa,adversarial,data_poisoning,6,0.974,0.9735814020427211,2.87
123,ep_twa-ppa,twa_ppa,adversarial,data_poisoning,7,0.972,0.9715644348176268,2.8599999999999994
123,ep_twa-ppa,twa_ppa,adversarial,data_poisoning,8,0.972,0.9715644348176268,2.8599999999999994
123,ep_twa-ppa,twa_ppa,adversarial,data_poisoning,9,0.9656666666666668,0.9649086638315716,2.828333333333334
123,ep_twa-ppa,twa_ppa,adversarial,data_poisoning,10,0.9653333333333334,0.9645604761636676,2.826666666666667
123,ep_twa-ppa,twa_ppa,adversarial,data_poisoning,11,0.9653333333333334,0.9645690336291156,2.826666666666667
123,ep_twa-ppa,twa_ppa,adversarial,data_poisoning,12,0.9663333333333334,0.965625444564916,2.831666666666667
123,ep_twa-ppa,twa_ppa,adversarial,data_poisoning,13,0.9696666666666668,0.9691220538537924,2.8483333333333336
123,ep_twa-ppa,twa_ppa,adversarial,data_poisoning,14,0.9706666666666668,0.9701659415922989,2.8533333333333335
123,ep_twa-ppa,twa_ppa,adversarial,data_poisoning,15,0.9713333333333334,0.9708590967351084,2.8566666666666674
123,ep_twa-ppa,twa_ppa,adversarial,data_poisoning,16,0.971,0.97051567040093,2.8549999999999995
123,ep_twa-ppa,twa_ppa,adversarial,data_poisoning,17,0.97,0.9694865057523084,2.8499999999999996
123,ep_twa-ppa,twa_ppa,adversarial,data_poisoning,18,0.9703333333333334,0.9698301180210648,2.8516666666666666
123,ep_twa-ppa,twa_ppa,adversarial,data_poisoning,19,0.9713333333333334,0.9708670511300356,2.8566666666666674
123,ep_twa-ppa,twa_ppa,adversarial,data_poisoning,20,0.9716666666666668,0.9712102144175572,2.8583333333333343
123,ep_twa-ppa,twa_ppa,adversarial,data_poisoning,21,0.9713333333333334,0.970860581055178,2.8566666666666674
123,ep_twa-ppa,twa_ppa,adversarial,data_poisoning,22,0.9713333333333334,0.970860581055178,2.8566666666666674
123,ep_twa-ppa,twa_ppa,adversarial,data_poisoning,23,0.9716666666666668,0.9712039473132252,2.8583333333333343
123,ep_twa-ppa,twa_ppa,adversarial,data_poisoning,24,0.9716666666666668,0.9712039473132252,2.8583333333333343
123,ep_twa-ppa,twa_ppa,adversarial,data_poisoning,25,0.971,0.9705109004621444,2.8549999999999995
123,ep_twa-ppa,twa_ppa,adversarial,data_poisoning,26,0.971,0.9705109004621444,2.8549999999999995
123,ep_twa-ppa,twa_ppa,adversarial,data_poisoning,27,0.9713333333333334,0.9708488972317796,2.8566666666666674
123,ep_twa-ppa,twa_ppa,adversarial,data_poisoning,28,0.9703333333333334,0.9698009983176864,2.8516666666666666
123,ep_twa-ppa,twa_ppa,adversarial,data_poisoning,29,0.97,0.9694515979224888,2.8499999999999996
123,ep_twa-ppa,twa_ppa,adversarial,data_poisoning,30,0.97,0.969445163688626,2.8499999999999996
123,ep_0,fedavg,adversarial,reward_poisoning,1,0.771,0.7778992133850575,1.855
123,ep_0,fedavg,adversarial,reward_poisoning,2,0.917,0.9185475551675076,2.585
123,ep_0,fedavg,adversarial,reward_poisoning,3,0.9503333333333334,0.9508066266714622,2.751666666666667
123,ep_0,fedavg,adversarial,reward_poisoning,4,0.97,0.9701197800965669,2.8499999999999996
123,ep_0,fedavg,adversarial,reward_poisoning,5,0.98,0.9800030966868554,2.9000000000000004
123,ep_0,fedavg,adversarial,reward_poisoning,6,0.9763333333333334,0.9760556927779436,2.881666666666667
123,ep_0,fedavg,adversarial,reward_poisoning,7,0.9753333333333334,0.9750191491138436,2.876666666666667
123,ep_0,fedavg,adversarial,reward_poisoning,8,0.9723333333333334,0.9719102217485972,2.8616666666666672
123,ep_0,fedavg,adversarial,reward_poisoning,9,0.9553333333333334,0.95395456008698,2.7766666666666673
123,ep_0,fedavg,adversarial,reward_poisoning,10,0.97,0.9694609674649648,2.8499999999999996
123,ep_0,fedavg,adversarial,reward_poisoning,11,0.972,0.9715553380327736,2.8599999999999994
123,ep_0,fedavg,adversarial,reward_poisoning,12,0.975,0.9746663781429058,2.875
123,ep_0,fedavg,adversarial,reward_poisoning,13,0.9763333333333334,0.9760668331295624,2.881666666666667
123,ep_0,fedavg,adversarial,reward_poisoning,14,0.9763333333333334,0.9760410553094214,2.881666666666667
123,ep_0,fedavg,adversarial,reward_poisoning,15,0.9723333333333334,0.9722143730657324,2.8616666666666672
123,ep_0,fedavg,adversarial,reward_poisoning,16,0.976,0.9756952521161292,2.88
123,ep_0,fedavg,adversarial,reward_poisoning,17,0.9756666666666668,0.9754907703932678,2.878333333333334
123,ep_0,fedavg,adversarial,reward_poisoning,18,0.974,0.97384455375341,2.87
123,ep_0,fedavg,adversarial,reward_poisoning,19,0.9633333333333334,0.9633416101513034,2.8166666666666664
123,ep_0,fedavg,adversarial,reward_poisoning,20,0.9626666666666668,0.963002376912694,2.8133333333333344
123,ep_0,fedavg,adversarial,reward_poisoning,21,0.7483333333333333,0.6873523394588495,1.7416666666666663
123,ep_0,fedavg,adversarial,reward_poisoning,22,0.9726666666666668,0.9725989145417312,2.863333333333334
123,ep_0,fedavg,adversarial,reward_poisoning,23,0.974,0.9741012138900996,2.87
123,ep_0,fedavg,adversarial,reward_poisoning,24,0.9666666666666668,0.966994838184851,2.833333333333334
123,ep_0,fedavg,adversarial,reward_poisoning,25,0.6506666666666666,0.5903942675051094,1.253333333333333
123,ep_0,fedavg,adversarial,reward_poisoning,26,0.528,0.4670922808767094,0.6400000000000001
123,ep_0,fedavg,adversarial,reward_poisoning,27,0.455,0.345072711025813,0.2749999999999999
123,ep_0,fedavg,adversarial,reward_poisoning,28,0.677,0.6637924606595025,1.3850000000000002
123,ep_0,fedavg,adversarial,reward_poisoning,29,0.5333333333333333,0.4571339925766034,0.6666666666666665
123,ep_0,fedavg,adversarial,reward_poisoning,30,0.6093333333333333,0.5463595775926415,1.0466666666666664
123,ep_sdp,static_dp,adversarial,reward_poisoning,1,0.486,0.3693036023021749,0.4299999999999997
123,ep_sdp,static_dp,adversarial,reward_poisoning,2,0.8803333333333333,0.8815613441988132,2.4016666666666664
123,ep_sdp,static_dp,adversarial,reward_poisoning,3,0.8753333333333333,0.8742757269284943,2.376666666666667
123,ep_sdp,static_dp,adversarial,reward_poisoning,4,0.9086666666666666,0.9084739491596966,2.543333333333333
123,ep_sdp,static_dp,adversarial,reward_poisoning,5,0.9696666666666668,0.9694802635766844,2.8483333333333336
123,ep_sdp,static_dp,adversarial,reward_poisoning,6,0.9713333333333334,0.9710520677446705,2.8566666666666674
123,ep_sdp,static_dp,adversarial,reward_poisoning,7,0.9753333333333334,0.9751720446979611,2.876666666666667
123,ep_sdp,static_dp,adversarial,reward_poisoning,8,0.9806666666666668,0.980584571193253,2.903333333333334
123,ep_sdp,static_dp,adversarial,reward_poisoning,9,0.9696666666666668,0.969686152432664,2.8483333333333336
123,ep_sdp,static_dp,adversarial,reward_poisoning,10,0.9426666666666668,0.9409927420425253,2.713333333333334
123,ep_sdp,static_dp,adversarial,reward_poisoning,11,0.947,0.9458033116425364,2.7349999999999994
123,ep_sdp,static_dp,adversarial,reward_poisoning,12,0.9416666666666668,0.9408145447761552,2.708333333333334
123,ep_sdp,static_dp,adversarial,reward_poisoning,13,0.9576666666666668,0.957631410316237,2.788333333333334
123,ep_sdp,static_dp,adversarial,reward_poisoning,14,0.8,0.8021324498800855,2.0
123,ep_sdp,static_dp,adversarial,reward_poisoning,15,0.947,0.9462489531434376,2.7349999999999994
123,ep_sdp,static_dp,adversarial,reward_poisoning,16,0.891,0.8855405331832646,2.455
123,ep_sdp,static_dp,adversarial,reward_poisoning,17,0.6983333333333334,0.6716694839784267,1.4916666666666667
123,ep_sdp,static_dp,adversarial,reward_poisoning,18,0.657,0.5830005125426978,1.2850000000000001
123,ep_sdp,static_dp,adversarial,reward_poisoning,19,0.8053333333333333,0.792408368868163,2.0266666666666664
123,ep_sdp,static_dp,adversarial,reward_poisoning,20,0.835,0.8294320987394391,2.175
123,ep_sdp,static_dp,adversarial,reward_poisoning,21,0.4663333333333333,0.3310365896448419,0.33166666666666655
123,ep_sdp,static_dp,adversarial,reward_poisoning,22,0.435,0.3330162972380446,0.17499999999999982
123,ep_sdp,static_dp,adversarial,reward_poisoning,23,0.4193333333333333,0.3115369844904714,0.09666666666666623
123,ep_sdp,static_dp,adversarial,reward_poisoning,24,0.6373333333333333,0.6128138028669756,1.1866666666666665
123,ep_sdp,static_dp,adversarial,reward_poisoning,25,0.7576666666666667,0.7309605055486139,1.7883333333333336
123,ep_sdp,static_dp,adversarial,reward_poisoning,26,0.5103333333333333,0.4640587254885565,0.5516666666666667
123,ep_sdp,static_dp,adversarial,reward_poisoning,27,0.6256666666666667,0.5407176604710334,1.1283333333333334
123,ep_sdp,static_dp,adversarial,reward_poisoning,28,0.5016666666666667,0.4048498515000159,0.5083333333333337
123,ep_sdp,static_dp,adversarial,reward_poisoning,29,0.5446666666666666,0.4768699044257164,0.7233333333333332
123,ep_sdp,static_dp,adversarial,reward_poisoning,30,0.3643333333333333,0.2628959610047698,-0.17833333333333368
123,ep_twa,twa,adversarial,reward_poisoning,1,0.7513333333333333,0.7539942285047243,1.7566666666666664
123,ep_twa,twa,adversarial,reward_poisoning,2,0.9176666666666666,0.9192873492978773,2.588333333333333
123,ep_twa,twa,adversarial,reward_poisoning,3,0.9506666666666668,0.9511394992752432,2.753333333333334
123,ep_twa,twa,adversarial,reward_poisoning,4,0.9726666666666668,0.9727784301823416,2.863333333333334
123,ep_twa,twa,adversarial,reward_poisoning,5,0.9816666666666668,0.981655339058104,2.908333333333334
123,ep_twa,twa,adversarial,reward_poisoning,6,0.9743333333333334,0.9740840491729984,2.871666666666667
123,ep_twa,twa,adversarial,reward_poisoning,7,0.9756666666666668,0.9753634195996974,2.878333333333334
123,ep_twa,twa,adversarial,reward_poisoning,8,0.9723333333333334,0.9719102217485972,2.8616666666666672
123,ep_twa,twa,adversarial,reward_poisoning,9,0.969,0.9684164215552172,2.8449999999999998
123,ep_twa,twa,adversarial,reward_poisoning,10,0.9666666666666668,0.965956481680181,2.833333333333334
123,ep_twa,twa,adversarial,reward_poisoning,11,0.9663333333333334,0.9656115627485756,2.831666666666667
123,ep_twa,twa,adversarial,reward_poisoning,12,0.9683333333333334,0.9677116371250878,2.841666666666667
123,ep_twa,twa,adversarial,reward_poisoning,13,0.9703333333333334,0.969810554210502,2.8516666666666666
123,ep_twa,twa,adversarial,reward_poisoning,14,0.9713333333333334,0.9708590967351084,2.8566666666666674
123,ep_twa,twa,adversarial,reward_poisoning,15,0.9713333333333334,0.9708590967351084,2.8566666666666674
123,ep_twa,twa,adversarial,reward_poisoning,16,0.971,0.97051567040093,2.8549999999999995
123,ep_twa,twa,adversarial,reward_poisoning,17,0.9713333333333334,0.9708705358156632,2.8566666666666674
123,ep_twa,twa,adversarial,reward_poisoning,18,0.9706666666666668,0.970190433788592,2.8533333333333335
123,ep_twa,twa,adversarial,reward_poisoning,19,0.972,0.9715628673974672,2.8599999999999994
123,ep_twa,twa,adversarial,reward_poisoning,20,0.9716666666666668,0.9712134965260129,2.8583333333333343
123,ep_twa,twa,adversarial,reward_poisoning,21,0.9716666666666668,0.9712072422671578,2.8583333333333343
123,ep_twa,twa,adversarial,reward_poisoning,22,0.9716666666666668,0.9712072422671578,2.8583333333333343
123,ep_twa,twa,adversarial,reward_poisoning,23,0.9726666666666668,0.9722225905955612,2.863333333333334
123,ep_twa,twa,adversarial,reward_poisoning,24,0.971,0.9705087898663214,2.8549999999999995
123,ep_twa,twa,adversarial,reward_poisoning,25,0.9706666666666668,0.9701650999281834,2.8533333333333335
123,ep_twa,twa,adversarial,reward_poisoning,26,0.9703333333333334,0.9698006006261656,2.8516666666666666
123,ep_twa,twa,adversarial,reward_poisoning,27,0.971,0.970494022391302,2.8549999999999995
123,ep_twa,twa,adversarial,reward_poisoning,28,0.9696666666666668,0.9690947102826216,2.8483333333333336
123,ep_twa,twa,adversarial,reward_poisoning,29,0.9666666666666668,0.9659507970699832,2.833333333333334
123,ep_twa,twa,adversarial,reward_poisoning,30,0.97,0.9693643392683402,2.8499999999999996
123,ep_ppa,ppa,adversarial,reward_poisoning,1,0.771,0.7778992133850575,1.855
123,ep_ppa,ppa,adversarial,reward_poisoning,2,0.917,0.9185475551675076,2.585
123,ep_ppa,ppa,adversarial,reward_poisoning,3,0.9503333333333334,0.9508066266714622,2.751666666666667
123,ep_ppa,ppa,adversarial,reward_poisoning,4,0.97,0.9701197800965669,2.8499999999999996
123,ep_ppa,ppa,adversarial,reward_poisoning,5,0.98,0.9800030966868554,2.9000000000000004
123,ep_ppa,ppa,adversarial,reward_poisoning,6,0.9763333333333334,0.9760556927779436,2.881666666666667
123,ep_ppa,ppa,adversarial,reward_poisoning,7,0.9753333333333334,0.9750191491138436,2.876666666666667
123,ep_ppa,ppa,adversarial,reward_poisoning,8,0.9723333333333334,0.9719102217485972,2.8616666666666672
123,ep_ppa,ppa,adversarial,reward_poisoning,9,0.9553333333333334,0.95395456008698,2.7766666666666673
123,ep_ppa,ppa,adversarial,reward_poisoning,10,0.97,0.9694609674649648,2.8499999999999996
123,ep_ppa,ppa,adversarial,reward_poisoning,11,0.972,0.9715553380327736,2.8599999999999994
123,ep_ppa,ppa,adversarial,reward_poisoning,12,0.9753333333333334,0.975002252401708,2.876666666666667
123,ep_ppa,ppa,adversarial,reward_poisoning,13,0.9763333333333334,0.9760668331295624,2.881666666666667
123,ep_ppa,ppa,adversarial,reward_poisoning,14,0.976,0.9756952521161292,2.88
123,ep_ppa,ppa,adversarial,reward_poisoning,15,0.973,0.9728756194752116,2.865
123,ep_ppa,ppa,adversarial,reward_poisoning,16,0.976,0.9756952521161292,2.88
123,ep_ppa,ppa,adversarial,reward_poisoning,17,0.9756666666666668,0.9754907703932678,2.878333333333334
123,ep_ppa,ppa,adversarial,reward_poisoning,18,0.9736666666666668,0.973511458150399,2.868333333333334
123,ep_ppa,ppa,adversarial,reward_poisoning,19,0.9616666666666668,0.9616495109868648,2.8083333333333336
123,ep_ppa,ppa,adversarial,reward_poisoning,20,0.9606666666666668,0.9610483701596886,2.8033333333333337
123,ep_ppa,ppa,adversarial,reward_poisoning,21,0.7476666666666667,0.6851931574686204,1.7383333333333333
123,ep_ppa,ppa,adversarial,reward_poisoning,22,0.977,0.976939115883216,2.885
123,ep_ppa,ppa,adversarial,reward_poisoning,23,0.9786666666666668,0.9786790777834918,2.8933333333333344
123,ep_ppa,ppa,adversarial,reward_poisoning,24,0.9686666666666668,0.9689337347934648,2.8433333333333337
123,ep_ppa,ppa,adversarial,reward_poisoning,25,0.6493333333333333,0.589164987722114,1.2466666666666666
123,ep_ppa,ppa,adversarial,reward_poisoning,26,0.511,0.4435176866343421,0.5550000000000002
123,ep_ppa,ppa,adversarial,reward_poisoning,27,0.455,0.3459041282935745,0.2749999999999999
123,ep_ppa,ppa,adversarial,reward_poisoning,28,0.6903333333333334,0.6795365746242219,1.4516666666666667
123,ep_ppa,ppa,adversarial,reward_poisoning,29,0.534,0.4570537507948234,0.6699999999999999
123,ep_ppa,ppa,adversarial,reward_poisoning,30,0.6173333333333333,0.5547711945322937,1.0866666666666664
123,ep_sdp-ppa,sdp_ppa,adversarial,reward_poisoning,1,0.486,0.3693036023021749,0.4299999999999997
123,ep_sdp-ppa,sdp_ppa,adversarial,reward_poisoning,2,0.8803333333333333,0.8815613441988132,2.4016666666666664
123,ep_sdp-ppa,sdp_ppa,adversarial,reward_poisoning,3,0.8753333333333333,0.8742757269284943,2.376666666666667
123,ep_sdp-ppa,sdp_ppa,adversarial,reward_poisoning,4,0.9086666666666666,0.9084739491596966,2.543333333333333
123,ep_sdp-ppa,sdp_ppa,adversarial,reward_poisoning,5,0.97,0.9698093641342884,2.8499999999999996
123,ep_sdp-ppa,sdp_ppa,adversarial,reward_poisoning,6,0.9713333333333334,0.9710520677446705,2.8566666666666674
123,ep_sdp-ppa,sdp_ppa,adversarial,reward_poisoning,7,0.9753333333333334,0.9751720446979611,2.876666666666667
123,ep_sdp-ppa,sdp_ppa,adversarial,reward_poisoning,8,0.9806666666666668,0.980584571193253,2.903333333333334
123,ep_sdp-ppa,sdp_ppa,adversarial,reward_poisoning,9,0.97,0.9700221528013068,2.8499999999999996
123,ep_sdp-ppa,sdp_ppa,adversarial,reward_poisoning,10,0.9426666666666668,0.9409927420425253,2.713333333333334
123,ep_sdp-ppa,sdp_ppa,adversarial,reward_poisoning,11,0.947,0.9458033116425364,2.7349999999999994
123,ep_sdp-ppa,sdp_ppa,adversarial,reward_poisoning,12,0.9413333333333334,0.9404611607044048,2.706666666666667
123,ep_sdp-ppa,sdp_ppa,adversarial,reward_poisoning,13,0.9573333333333334,0.9572984130995742,2.786666666666667
123,ep_sdp-ppa,sdp_ppa,adversarial,reward_poisoning,14,0.7973333333333333,0.7995501144690418,1.9866666666666668
123,ep_sdp-ppa,sdp_ppa,adversarial,reward_poisoning,15,0.9466666666666668,0.9459506646521968,2.7333333333333343
123,ep_sdp-ppa,sdp_ppa,adversarial,reward_poisoning,16,0.89,0.8843645831251972,2.45
123,ep_sdp-ppa,sdp_ppa,adversarial,reward_poisoning,17,0.686,0.6545893523073523,1.4300000000000002
123,ep_sdp-ppa,sdp_ppa,adversarial,reward_poisoning,18,0.6553333333333333,0.5812651124299062,1.2766666666666664
123,ep_sdp-ppa,sdp_ppa,adversarial,reward_poisoning,19,0.806,0.7923571356191907,2.0300000000000002
123,ep_sdp-ppa,sdp_ppa,adversarial,reward_poisoning,20,0.8226666666666667,0.815963508191734,2.1133333333333333
123,ep_sdp-ppa,sdp_ppa,adversarial,reward_poisoning,21,0.4666666666666667,0.3316049473986541,0.3333333333333335
123,ep_sdp-ppa,sdp_ppa,adversarial,reward_poisoning,22,0.4343333333333333,0.3312892840934195,0.1716666666666664
123,ep_sdp-ppa,sdp_ppa,adversarial,reward_poisoning,23,0.4206666666666667,0.312722784505851,0.1033333333333335
123,ep_sdp-ppa,sdp_ppa,adversarial,reward_poisoning,24,0.6446666666666667,0.6223554033373768,1.2233333333333336
123,ep_sdp-ppa,sdp_ppa,adversarial,reward_poisoning,25,0.7506666666666667,0.7179424337252629,1.7533333333333334
123,ep_sdp-ppa,sdp_ppa,adversarial,reward_poisoning,26,0.5076666666666667,0.461501243808409,0.5383333333333336
123,ep_sdp-ppa,sdp_ppa,adversarial,reward_poisoning,27,0.6223333333333333,0.5386748803637278,1.1116666666666664
123,ep_sdp-ppa,sdp_ppa,adversarial,reward_poisoning,28,0.5046666666666667,0.4097862616903664,0.5233333333333334
123,ep_sdp-ppa,sdp_ppa,adversarial,reward_poisoning,29,0.5513333333333333,0.4859709147874259,0.7566666666666668
123,ep_sdp-ppa,sdp_ppa,adversarial,reward_poisoning,30,0.365,0.2631446770778966,-0.17500000000000004
123,ep_twa-ppa,twa_ppa,adversarial,reward_poisoning,1,0.7513333333333333,0.7539942285047243,1.7566666666666664
123,ep_twa-ppa,twa_ppa,adversarial,reward_poisoning,2,0.9176666666666666,0.9192873492978773,2.588333333333333
123,ep_twa-ppa,twa_ppa,adversarial,reward_poisoning,3,0.9506666666666668,0.9511394992752432,2.753333333333334
123,ep_twa-ppa,twa_ppa,adversarial,reward_poisoning,4,0.9726666666666668,0.9727784301823416,2.863333333333334
123,ep_twa-ppa,twa_ppa,adversarial,reward_poisoning,5,0.9816666666666668,0.981655339058104,2.908333333333334
123,ep_twa-ppa,twa_ppa,adversarial,reward_poisoning,6,0.9743333333333334,0.9740840491729984,2.871666666666667
123,ep_twa-ppa,twa_ppa,adversarial,reward_poisoning,7,0.9756666666666668,0.9753634195996974,2.878333333333334
123,ep_twa-ppa,twa_ppa,adversarial,reward_poisoning,8,0.9723333333333334,0.9719102217485972,2.8616666666666672
123,ep_twa-ppa,twa_ppa,adversarial,reward_poisoning,9,0.969,0.9684164215552172,2.8449999999999998
123,ep_twa-ppa,twa_ppa,adversarial,reward_poisoning,10,0.9666666666666668,0.965956481680181,2.833333333333334
123,ep_twa-ppa,twa_ppa,adversarial,reward_poisoning,11,0.9663333333333334,0.9656115627485756,2.831666666666667
123,ep_twa-ppa,twa_ppa,adversarial,reward_poisoning,12,0.9683333333333334,0.9677116371250878,2.841666666666667
123,ep_twa-ppa,twa_ppa,adversarial,reward_poisoning,13,0.9703333333333334,0.969810554210502,2.8516666666666666
123,ep_twa-ppa,twa_ppa,adversarial,reward_poisoning,14,0.9713333333333334,0.9708590967351084,2.8566666666666674
123,ep_twa-ppa,twa_ppa,adversarial,reward_poisoning,15,0.9713333333333334,0.9708590967351084,2.8566666666666674
123,ep_twa-ppa,twa_ppa,adversarial,reward_poisoning,16,0.971,0.97051567040093,2.8549999999999995
123,ep_twa-ppa,twa_ppa,adversarial,reward_poisoning,17,0.9713333333333334,0.9708705358156632,2.8566666666666674
123,ep_twa-ppa,twa_ppa,adversarial,reward_poisoning,18,0.971,0.9705333157680236,2.8549999999999995
123,ep_twa-ppa,twa_ppa,adversarial,reward_poisoning,19,0.972,0.9715628673974672,2.8599999999999994
123,ep_twa-ppa,twa_ppa,adversarial,reward_poisoning,20,0.972,0.9715563973226098,2.8599999999999994
123,ep_twa-ppa,twa_ppa,adversarial,reward_poisoning,21,0.9716666666666668,0.9712072422671578,2.8583333333333343
123,ep_twa-ppa,twa_ppa,adversarial,reward_poisoning,22,0.9716666666666668,0.9712072422671578,2.8583333333333343
123,ep_twa-ppa,twa_ppa,adversarial,reward_poisoning,23,0.9726666666666668,0.9722225905955612,2.863333333333334
123,ep_twa-ppa,twa_ppa,adversarial,reward_poisoning,24,0.971,0.9705096315304368,2.8549999999999995
123,ep_twa-ppa,twa_ppa,adversarial,reward_poisoning,25,0.9706666666666668,0.9701650999281834,2.8533333333333335
123,ep_twa-ppa,twa_ppa,adversarial,reward_poisoning,26,0.9703333333333334,0.9698006006261656,2.8516666666666666
123,ep_twa-ppa,twa_ppa,adversarial,reward_poisoning,27,0.9713333333333334,0.9708382629779124,2.8566666666666674
123,ep_twa-ppa,twa_ppa,adversarial,reward_poisoning,28,0.9696666666666668,0.9690947102826216,2.8483333333333336
123,ep_twa-ppa,twa_ppa,adversarial,reward_poisoning,29,0.9676666666666668,0.9669326179697664,2.838333333333334
123,ep_twa-ppa,twa_ppa,adversarial,reward_poisoning,30,0.97,0.9693649686516164,2.8499999999999996
2025,ep_0,fedavg,clean,none,1,0.8096666666666666,0.8106616307533289,2.048333333333333
2025,ep_0,fedavg,clean,none,2,0.8053333333333333,0.8068736783004662,2.0266666666666664
2025,ep_0,fedavg,clean,none,3,0.9396666666666668,0.9399754322112436,2.698333333333334
2025,ep_0,fedavg,clean,none,4,0.955,0.9551150241398813,2.7749999999999995
2025,ep_0,fedavg,clean,none,5,0.9676666666666668,0.9677146728944096,2.838333333333334
2025,ep_0,fedavg,clean,none,6,0.9766666666666668,0.9764619065333842,2.8833333333333337
2025,ep_0,fedavg,clean,none,7,0.9736666666666668,0.9733835552544958,2.868333333333334
2025,ep_0,fedavg,clean,none,8,0.9693333333333334,0.9688397146012572,2.8466666666666667
2025,ep_0,fedavg,clean,none,9,0.9533333333333334,0.9519530273308195,2.7666666666666666
2025,ep_0,fedavg,clean,none,10,0.9613333333333334,0.9607873312158708,2.8066666666666666
2025,ep_0,fedavg,clean,none,11,0.9656666666666668,0.9652939861920332,2.828333333333334
2025,ep_0,fedavg,clean,none,12,0.9623333333333334,0.961682560446988,2.8116666666666665
2025,ep_0,fedavg,clean,none,13,0.967,0.9667103956860772,2.835
2025,ep_0,fedavg,clean,none,14,0.968,0.9677616138921664,2.84
2025,ep_0,fedavg,clean,none,15,0.967,0.9668031177994796,2.835
2025,ep_0,fedavg,clean,none,16,0.9623333333333334,0.9622340760424324,2.8116666666666665
2025,ep_0,fedavg,clean,none,17,0.968,0.9677991666468232,2.84
2025,ep_0,fedavg,clean,none,18,0.9233333333333332,0.9240889786726588,2.6166666666666663
2025,ep_0,fedavg,clean,none,19,0.9296666666666666,0.9305592622717094,2.6483333333333334
2025,ep_0,fedavg,clean,none,20,0.8746666666666667,0.8775228687517161,2.373333333333333
2025,ep_0,fedavg,clean,none,21,0.685,0.6745511974221714,1.4250000000000003
2025,ep_0,fedavg,clean,none,22,0.594,0.5413711665628694,0.9699999999999998
2025,ep_0,fedavg,clean,none,23,0.49,0.3687935379184542,0.4500000000000002
2025,ep_0,fedavg,clean,none,24,0.452,0.3432322203887699,0.26000000000000023
2025,ep_0,fedavg,clean,none,25,0.3336666666666666,0.2341621203017101,-0.331666666666667
2025,ep_0,fedavg,clean,none,26,0.4536666666666666,0.349989653595924,0.2683333333333331
2025,ep_0,fedavg,clean,none,27,0.4513333333333333,0.3455446320804716,0.2566666666666664
2025,ep_0,fedavg,clean,none,28,0.3936666666666666,0.3297340788713203,-0.031666666666666954
2025,ep_0,fedavg,clean,none,29,0.377,0.3121889150251922,-0.11499999999999999
2025,ep_0,fedavg,clean,none,30,0.54,0.4830025015362664,0.7000000000000002
2025,ep_sdp,static_dp,clean,none,1,0.7003333333333334,0.6882252263664657,1.501666666666667
2025,ep_sdp,static_dp,clean,none,2,0.827,0.8332075138115841,2.135
2025,ep_sdp,static_dp,clean,none,3,0.8896666666666667,0.8909549841094297,2.4483333333333333
2025,ep_sdp,static_dp,clean,none,4,0.875,0.8743666192998472,2.375
2025,ep_sdp,static_dp,clean,none,5,0.9606666666666668,0.960366031745274,2.8033333333333337
2025,ep_sdp,static_dp,clean,none,6,0.9473333333333334,0.9476181659038287,2.7366666666666664
2025,ep_sdp,static_dp,clean,none,7,0.9516666666666668,0.950585709696447,2.7583333333333337
2025,ep_sdp,static_dp,clean,none,8,0.9663333333333334,0.9659237069610408,2.831666666666667
2025,ep_sdp,static_dp,clean,none,9,0.969,0.9686777253250832,2.8449999999999998
2025,ep_sdp,static_dp,clean,none,10,0.955,0.9550694059604894,2.7749999999999995
2025,ep_sdp,static_dp,clean,none,11,0.8446666666666667,0.8383437221281831,2.2233333333333336
2025,ep_sdp,static_dp,clean,none,12,0.7826666666666666,0.764486531457984,1.913333333333333
2025,ep_sdp,static_dp,clean,none,13,0.796,0.7932594238834882,1.9800000000000004
2025,ep_sdp,static_dp,clean,none,14,0.871,0.870979795302592,2.3550000000000004
2025,ep_sdp,static_dp,clean,none,15,0.9473333333333334,0.9460903333499712,2.7366666666666664
2025,ep_sdp,static_dp,clean,none,16,0.904,0.9029782395265118,2.5200000000000005
2025,ep_sdp,static_dp,clean,none,17,0.7906666666666666,0.7861485068792182,1.9533333333333331
2025,ep_sdp,static_dp,clean,none,18,0.9386666666666666,0.9366564217999211,2.6933333333333334
2025,ep_sdp,static_dp,clean,none,19,0.8506666666666667,0.8496743357056891,2.253333333333334
2025,ep_sdp,static_dp,clean,none,20,0.7703333333333333,0.7317175113781385,1.8516666666666666
2025,ep_sdp,static_dp,clean,none,21,0.8913333333333333,0.8908856800569476,2.456666666666667
2025,ep_sdp,static_dp,clean,none,22,0.4213333333333333,0.3794278991704265,0.10666666666666647
2025,ep_sdp,static_dp,clean,none,23,0.7093333333333334,0.6644377309566074,1.5466666666666669
2025,ep_sdp,static_dp,clean,none,24,0.6786666666666666,0.6754764599656309,1.393333333333333
2025,ep_sdp,static_dp,clean,none,25,0.7496666666666667,0.7469829596672377,1.7483333333333335
2025,ep_sdp,static_dp,clean,none,26,0.715,0.6924438917361735,1.5749999999999997
2025,ep_sdp,static_dp,clean,none,27,0.6796666666666666,0.5903055502113383,1.3983333333333334
2025,ep_sdp,static_dp,clean,none,28,0.6003333333333334,0.5188675246389167,1.001666666666667
2025,ep_sdp,static_dp,clean,none,29,0.7126666666666667,0.6678016044682443,1.5633333333333335
2025,ep_sdp,static_dp,clean,none,30,0.5496666666666666,0.4800833662729449,0.7483333333333331
2025,ep_twa,twa,clean,none,1,0.784,0.7807160442637298,1.92
2025,ep_twa,twa,clean,none,2,0.8053333333333333,0.8068736783004662,2.0266666666666664
2025,ep_twa,twa,clean,none,3,0.9403333333333334,0.9406505345991112,2.701666666666667
2025,ep_twa,twa,clean,none,4,0.9516666666666668,0.9520133281330744,2.7583333333333337
2025,ep_twa,twa,clean,none,5,0.9676666666666668,0.9677146728944096,2.838333333333334
2025,ep_twa,twa,clean,none,6,0.9763333333333334,0.9761203430276624,2.881666666666667
2025,ep_twa,twa,clean,none,7,0.9736666666666668,0.9733841663202596,2.868333333333334
2025,ep_twa,twa,clean,none,8,0.9673333333333334,0.9668437282573248,2.836666666666667
2025,ep_twa,twa,clean,none,9,0.9666666666666668,0.9660232321441032,2.833333333333334
2025,ep_twa,twa,clean,none,10,0.9616666666666668,0.9607122102728236,2.8083333333333336
2025,ep_twa,twa,clean,none,11,0.96,0.958954374225442,2.8
2025,ep_twa,twa,clean,none,12,0.9623333333333334,0.9614181442279888,2.8116666666666665
2025,ep_twa,twa,clean,none,13,0.9656666666666668,0.9649316777643884,2.828333333333334
2025,ep_twa,twa,clean,none,14,0.9666666666666668,0.9659844596440084,2.833333333333334
2025,ep_twa,twa,clean,none,15,0.9636666666666668,0.9630244653265926,2.8183333333333342
2025,ep_twa,twa,clean,none,16,0.9656666666666668,0.965134224733474,2.828333333333334
2025,ep_twa,twa,clean,none,17,0.968,0.96739927247189,2.84
2025,ep_twa,twa,clean,none,18,0.97,0.9694964088838096,2.8499999999999996
2025,ep_twa,twa,clean,none,19,0.969,0.9684589422113736,2.8449999999999998
2025,ep_twa,twa,clean,none,20,0.9693333333333334,0.9688025487477476,2.8466666666666667
2025,ep_twa,twa,clean,none,21,0.969,0.9684527912100626,2.8449999999999998
2025,ep_twa,twa,clean,none,22,0.9666666666666668,0.9660004467696776,2.833333333333334
2025,ep_twa,twa,clean,none,23,0.967,0.966358904837244,2.835
2025,ep_twa,twa,clean,none,24,0.968,0.9674067437964328,2.84
2025,ep_twa,twa,clean,none,25,0.9666666666666668,0.9660104714581624,2.833333333333334
2025,ep_twa,twa,clean,none,26,0.9666666666666668,0.9660277556932968,2.833333333333334
2025,ep_twa,twa,clean,none,27,0.9693333333333334,0.9688097701863388,2.8466666666666667
2025,ep_twa,twa,clean,none,28,0.9666666666666668,0.9659908632122928,2.833333333333334
2025,ep_twa,twa,clean,none,29,0.9626666666666668,0.9617967600581216,2.8133333333333344
2025,ep_twa,twa,clean,none,30,0.9633333333333334,0.9625131846187912,2.8166666666666664
2025,ep_ppa,ppa,clean,none,1,0.8096666666666666,0.8106616307533289,2.048333333333333
2025,ep_ppa,ppa,clean,none,2,0.8053333333333333,0.8068736783004662,2.0266666666666664
2025,ep_ppa,ppa,clean,none,3,0.9396666666666668,0.9399754322112436,2.698333333333334
2025,ep_ppa,ppa,clean,none,4,0.9553333333333334,0.9554493963445938,2.7766666666666673
2025,ep_ppa,ppa,clean,none,5,0.9676666666666668,0.9677146728944096,2.838333333333334
2025,ep_ppa,ppa,clean,none,6,0.9766666666666668,0.9764619065333842,2.8833333333333337
2025,ep_ppa,ppa,clean,none,7,0.9736666666666668,0.9733835552544958,2.868333333333334
2025,ep_ppa,ppa,clean,none,8,0.9693333333333334,0.9688397146012572,2.8466666666666667
2025,ep_ppa,ppa,clean,none,9,0.9533333333333334,0.9519530273308195,2.7666666666666666
2025,ep_ppa,ppa,clean,none,10,0.9613333333333334,0.9607873312158708,2.8066666666666666
2025,ep_ppa,ppa,clean,none,11,0.966,0.9656404921973936,2.83
2025,ep_ppa,ppa,clean,none,12,0.9623333333333334,0.961682560446988,2.8116666666666665
2025,ep_ppa,ppa,clean,none,13,0.967,0.9667103956860772,2.835
2025,ep_ppa,ppa,clean,none,14,0.968,0.9677616138921664,2.84
2025,ep_ppa,ppa,clean,none,15,0.967,0.9668031177994796,2.835
2025,ep_ppa,ppa,clean,none,16,0.9623333333333334,0.9622340760424324,2.8116666666666665
2025,ep_ppa,ppa,clean,none,17,0.967,0.9667666044587426,2.835
2025,ep_ppa,ppa,clean,none,18,0.923,0.9237515835539452,2.615
2025,ep_ppa,ppa,clean,none,19,0.9296666666666666,0.9305365677290756,2.6483333333333334
2025,ep_ppa,ppa,clean,none,20,0.901,0.9034068787223845,2.505
2025,ep_ppa,ppa,clean,none,21,0.675,0.6621874598606077,1.375
2025,ep_ppa,ppa,clean,none,22,0.5963333333333334,0.5458301458693982,0.9816666666666669
2025,ep_ppa,ppa,clean,none,23,0.4903333333333333,0.3690056943050683,0.4516666666666662
2025,ep_ppa,ppa,clean,none,24,0.4533333333333333,0.3441889391596296,0.2666666666666666
2025,ep_ppa,ppa,clean,none,25,0.3483333333333333,0.2511061458251657,-0.25833333333333375
2025,ep_ppa,ppa,clean,none,26,0.456,0.3556761901892566,0.28000000000000025
2025,ep_ppa,ppa,clean,none,27,0.4513333333333333,0.3455446320804716,0.2566666666666664
2025,ep_ppa,ppa,clean,none,28,0.3853333333333333,0.318222983139182,-0.07333333333333347
2025,ep_ppa,ppa,clean,none,29,0.3673333333333333,0.2979159358480044,-0.16333333333333355
2025,ep_ppa,ppa,clean,none,30,0.5243333333333333,0.4711406061937591,0.6216666666666666
2025,ep_sdp-ppa,sdp_ppa,clean,none,1,0.7003333333333334,0.6882252263664657,1.501666666666667
2025,ep_sdp-ppa,sdp_ppa,clean,none,2,0.827,0.8332075138115841,2.135
2025,ep_sdp-ppa,sdp_ppa,clean,none,3,0.8896666666666667,0.8909549841094297,2.4483333333333333
2025,ep_sdp-ppa,sdp_ppa,clean,none,4,0.875,0.8743666192998472,2.375
2025,ep_sdp-ppa,sdp_ppa,clean,none,5,0.9606666666666668,0.960366031745274,2.8033333333333337
2025,ep_sdp-ppa,sdp_ppa,clean,none,6,0.9473333333333334,0.9476181659038287,2.7366666666666664
2025,ep_sdp-ppa,sdp_ppa,clean,none,7,0.9516666666666668,0.950585709696447,2.7583333333333337
2025,ep_sdp-ppa,sdp_ppa,clean,none,8,0.9663333333333334,0.9659237069610408,2.831666666666667
2025,ep_sdp-ppa,sdp_ppa,clean,none,9,0.969,0.9686777253250832,2.8449999999999998
2025,ep_sdp-ppa,sdp_ppa,clean,none,10,0.955,0.9550694059604894,2.7749999999999995
2025,ep_sdp-ppa,sdp_ppa,clean,none,11,0.8446666666666667,0.8383077379420846,2.2233333333333336
2025,ep_sdp-ppa,sdp_ppa,clean,none,12,0.785,0.7681404615753167,1.9250000000000003
2025,ep_sdp-ppa,sdp_ppa,clean,none,13,0.7966666666666666,0.7939904570985485,1.9833333333333334
2025,ep_sdp-ppa,sdp_ppa,clean,none,14,0.873,0.8729813897578227,2.365
2025,ep_sdp-ppa,sdp_ppa,clean,none,15,0.9466666666666668,0.945388605423205,2.7333333333333343
2025,ep_sdp-ppa,sdp_ppa,clean,none,16,0.9106666666666666,0.9096458235339844,2.553333333333333
2025,ep_sdp-ppa,sdp_ppa,clean,none,17,0.788,0.7830465317022808,1.9400000000000004
2025,ep_sdp-ppa,sdp_ppa,clean,none,18,0.938,0.935887358373848,2.6899999999999995
2025,ep_sdp-ppa,sdp_ppa,clean,none,19,0.8476666666666667,0.8467060914684155,2.2383333333333333
2025,ep_sdp-ppa,sdp_ppa,clean,none,20,0.7683333333333333,0.728931259778927,1.8416666666666668
2025,ep_sdp-ppa,sdp_ppa,clean,none,21,0.8756666666666667,0.8737176251678019,2.378333333333334
2025,ep_sdp-ppa,sdp_ppa,clean,none,22,0.485,0.4686636702572275,0.4249999999999998
2025,ep_sdp-ppa,sdp_ppa,clean,none,23,0.7086666666666667,0.6627861336383487,1.5433333333333334
2025,ep_sdp-ppa,sdp_ppa,clean,none,24,0.687,0.6850713641127006,1.4350000000000005
2025,ep_sdp-ppa,sdp_ppa,clean,none,25,0.7493333333333333,0.7465605591956231,1.7466666666666666
2025,ep_sdp-ppa,sdp_ppa,clean,none,26,0.6986666666666667,0.6708334144488195,1.4933333333333332
2025,ep_sdp-ppa,sdp_ppa,clean,none,27,0.6806666666666666,0.5911751349089965,1.4033333333333333
2025,ep_sdp-ppa,sdp_ppa,clean,none,28,0.609,0.529029468968839,1.045
2025,ep_sdp-ppa,sdp_ppa,clean,none,29,0.706,0.6556130063216727,1.5299999999999998
2025,ep_sdp-ppa,sdp_ppa,clean,none,30,0.5573333333333333,0.4878768884871836,0.7866666666666666
2025,ep_twa-ppa,twa_ppa,clean,none,1,0.784,0.7807160442637298,1.92
2025,ep_twa-ppa,twa_ppa,clean,none,2,0.8053333333333333,0.8068736783004662,2.0266666666666664
2025,ep_twa-ppa,twa_ppa,clean,none,3,0.9403333333333334,0.9406505345991112,2.701666666666667
2025,ep_twa-ppa,twa_ppa,clean,none,4,0.9516666666666668,0.9520133281330744,2.7583333333333337
2025,ep_twa-ppa,twa_ppa,clean,none,5,0.9676666666666668,0.9677146728944096,2.838333333333334
2025,ep_twa-ppa,twa_ppa,clean,none,6,0.9763333333333334,0.9761203430276624,2.881666666666667
2025,ep_twa-ppa,twa_ppa,clean,none,7,0.9736666666666668,0.9733841663202596,2.868333333333334
2025,ep_twa-ppa,twa_ppa,clean,none,8,0.9673333333333334,0.9668437282573248,2.836666666666667
2025,ep_twa-ppa,twa_ppa,clean,none,9,0.9666666666666668,0.9660232321441032,2.833333333333334
2025,ep_twa-ppa,twa_ppa,clean,none,10,0.9613333333333334,0.960360729472438,2.8066666666666666
2025,ep_twa-ppa,twa_ppa,clean,none,11,0.96,0.958954374225442,2.8
2025,ep_twa-ppa,twa_ppa,clean,none,12,0.9623333333333334,0.9614181442279888,2.8116666666666665
2025,ep_twa-ppa,twa_ppa,clean,none,13,0.9656666666666668,0.9649316777643884,2.828333333333334
2025,ep_twa-ppa,twa_ppa,clean,none,14,0.9666666666666668,0.9659844596440084,2.833333333333334
2025,ep_twa-ppa,twa_ppa,clean,none,15,0.9636666666666668,0.9630244653265926,2.8183333333333342
2025,ep_twa-ppa,twa_ppa,clean,none,16,0.9656666666666668,0.965134224733474,2.828333333333334
2025,ep_twa-ppa,twa_ppa,clean,none,17,0.9676666666666668,0.9670482164538188,2.838333333333334
2025,ep_twa-ppa,twa_ppa,clean,none,18,0.9696666666666668,0.9691465295142188,2.8483333333333336
2025,ep_twa-ppa,twa_ppa,clean,none,19,0.9693333333333334,0.9688095679563554,2.8466666666666667
2025,ep_twa-ppa,twa_ppa,clean,none,20,0.9696666666666668,0.9691460891081743,2.8483333333333336
2025,ep_twa-ppa,twa_ppa,clean,none,21,0.969,0.9684527912100626,2.8449999999999998
2025,ep_twa-ppa,twa_ppa,clean,none,22,0.967,0.9663518870354996,2.835
2025,ep_twa-ppa,twa_ppa,clean,none,23,0.9676666666666668,0.9670622657706516,2.838333333333334
2025,ep_twa-ppa,twa_ppa,clean,none,24,0.9676666666666668,0.9670559006244605,2.838333333333334
2025,ep_twa-ppa,twa_ppa,clean,none,25,0.965,0.9642593477545032,2.825
2025,ep_twa-ppa,twa_ppa,clean,none,26,0.9663333333333334,0.9656680041111376,2.831666666666667
2025,ep_twa-ppa,twa_ppa,clean,none,27,0.969,0.968473794335598,2.8449999999999998
2025,ep_twa-ppa,twa_ppa,clean,none,28,0.9666666666666668,0.9659908632122928,2.833333333333334
2025,ep_twa-ppa,twa_ppa,clean,none,29,0.9636666666666668,0.962849158791692,2.8183333333333342
2025,ep_twa-ppa,twa_ppa,clean,none,30,0.964,0.9632172668119692,2.8200000000000003
2025,ep_0,fedavg,adversarial,sign_flipping,1,0.8196666666666667,0.8190254521815148,2.0983333333333336
2025,ep_0,fedavg,adversarial,sign_flipping,2,0.8166666666666667,0.8173494752028119,2.083333333333333
2025,ep_0,fedavg,adversarial,sign_flipping,3,0.936,0.9362765187327228,2.6800000000000006
2025,ep_0,fedavg,adversarial,sign_flipping,4,0.9416666666666668,0.9416920472958848,2.708333333333334
2025,ep_0,fedavg,adversarial,sign_flipping,5,0.95,0.950095665704494,2.75
2025,ep_0,fedavg,adversarial,sign_flipping,6,0.952,0.9521065201309484,2.76
2025,ep_0,fedavg,adversarial,sign_flipping,7,0.9533333333333334,0.9534115208556178,2.7666666666666666
2025,ep_0,fedavg,adversarial,sign_flipping,8,0.9713333333333334,0.9708731154781244,2.8566666666666674
2025,ep_0,fedavg,adversarial,sign_flipping,9,0.9493333333333334,0.9475454278009248,2.746666666666667
2025,ep_0,fedavg,adversarial,sign_flipping,10,0.9473333333333334,0.945414301299021,2.7366666666666664
2025,ep_0,fedavg,adversarial,sign_flipping,11,0.9573333333333334,0.9563821903626444,2.786666666666667
2025,ep_0,fedavg,adversarial,sign_flipping,12,0.9596666666666668,0.958914959964622,2.798333333333334
2025,ep_0,fedavg,adversarial,sign_flipping,13,0.9626666666666668,0.9622853771125268,2.8133333333333344
2025,ep_0,fedavg,adversarial,sign_flipping,14,0.964,0.96368322343887,2.8200000000000003
2025,ep_0,fedavg,adversarial,sign_flipping,15,0.9606666666666668,0.9602623133728236,2.8033333333333337
2025,ep_0,fedavg,adversarial,sign_flipping,16,0.9556666666666668,0.9551274725270482,2.778333333333334
2025,ep_0,fedavg,adversarial,sign_flipping,17,0.962,0.9614751972643608,2.8099999999999996
2025,ep_0,fedavg,adversarial,sign_flipping,18,0.941,0.9407633482039705,2.705
2025,ep_0,fedavg,adversarial,sign_flipping,19,0.942,0.9417716972877082,2.71
2025,ep_0,fedavg,adversarial,sign_flipping,20,0.9563333333333334,0.9554805565471902,2.781666666666667
2025,ep_0,fedavg,adversarial,sign_flipping,21,0.9496666666666668,0.9483170706815264,2.748333333333334
2025,ep_0,fedavg,adversarial,sign_flipping,22,0.9436666666666668,0.9420069323675804,2.7183333333333337
2025,ep_0,fedavg,adversarial,sign_flipping,23,0.9046666666666666,0.9042458851627752,2.5233333333333334
2025,ep_0,fedavg,adversarial,sign_flipping,24,0.8623333333333333,0.8650088347525744,2.3116666666666665
2025,ep_0,fedavg,adversarial,sign_flipping,25,0.8943333333333333,0.8949116348025334,2.4716666666666667
2025,ep_0,fedavg,adversarial,sign_flipping,26,0.778,0.780821408737576,1.8900000000000001
2025,ep_0,fedavg,adversarial,sign_flipping,27,0.769,0.7696804603915998,1.8450000000000002
2025,ep_0,fedavg,adversarial,sign_flipping,28,0.727,0.7265514692494478,1.6349999999999998
2025,ep_0,fedavg,adversarial,sign_flipping,29,0.731,0.7117652068646732,1.6549999999999998
2025,ep_0,fedavg,adversarial,sign_flipping,30,0.616,0.5515928161218787,1.08
2025,ep_sdp,static_dp,adversarial,sign_flipping,1,0.6396666666666667,0.5858791363760038,1.1983333333333337
2025,ep_sdp,static_dp,adversarial,sign_flipping,2,0.6703333333333333,0.6529760638532307,1.3516666666666666
2025,ep_sdp,static_dp,adversarial,sign_flipping,3,0.832,0.8349859160731173,2.16
2025,ep_sdp,static_dp,adversarial,sign_flipping,4,0.7703333333333333,0.7721881256508345,1.8516666666666666
2025,ep_sdp,static_dp,adversarial,sign_flipping,5,0.871,0.8726077029473587,2.3550000000000004
2025,ep_sdp,static_dp,adversarial,sign_flipping,6,0.882,0.8834849380137706,2.41
2025,ep_sdp,static_dp,adversarial,sign_flipping,7,0.888,0.8806782388842711,2.4400000000000004
2025,ep_sdp,static_dp,adversarial,sign_flipping,8,0.7766666666666666,0.769133359021853,1.8833333333333329
2025,ep_sdp,static_dp,adversarial,sign_flipping,9,0.949,0.948052466885914,2.745
2025,ep_sdp,static_dp,adversarial,sign_flipping,10,0.9443333333333334,0.944370733519618,2.7216666666666667
2025,ep_sdp,static_dp,adversarial,sign_flipping,11,0.8223333333333334,0.816470401192887,2.1116666666666664
2025,ep_sdp,static_dp,adversarial,sign_flipping,12,0.7496666666666667,0.7313744591885868,1.7483333333333335
2025,ep_sdp,static_dp,adversarial,sign_flipping,13,0.747,0.7382857110002693,1.7349999999999999
2025,ep_sdp,static_dp,adversarial,sign_flipping,14,0.8536666666666667,0.852049707938108,2.2683333333333335
2025,ep_sdp,static_dp,adversarial,sign_flipping,15,0.9033333333333332,0.9027277719731998,2.5166666666666657
2025,ep_sdp,static_dp,adversarial,sign_flipping,16,0.876,0.8749082590703312,2.38
2025,ep_sdp,static_dp,adversarial,sign_flipping,17,0.858,0.8562844653116082,2.29
2025,ep_sdp,static_dp,adversarial,sign_flipping,18,0.921,0.9169094181874696,2.6050000000000004
2025,ep_sdp,static_dp,adversarial,sign_flipping,19,0.876,0.874044233196296,2.38
2025,ep_sdp,static_dp,adversarial,sign_flipping,20,0.83,0.8207213839854767,2.1499999999999995
2025,ep_sdp,static_dp,adversarial,sign_flipping,21,0.8906666666666667,0.8875465624860643,2.453333333333333
2025,ep_sdp,static_dp,adversarial,sign_flipping,22,0.7036666666666667,0.7088557001953928,1.5183333333333335
2025,ep_sdp,static_dp,adversarial,sign_flipping,23,0.764,0.7207985815293355,1.8200000000000003
2025,ep_sdp,static_dp,adversarial,sign_flipping,24,0.7346666666666667,0.7358096102327103,1.6733333333333333
2025,ep_sdp,static_dp,adversarial,sign_flipping,25,0.7573333333333333,0.7553144674458131,1.7866666666666666
2025,ep_sdp,static_dp,adversarial,sign_flipping,26,0.5823333333333334,0.555576816156237,0.9116666666666671
2025,ep_sdp,static_dp,adversarial,sign_flipping,27,0.7076666666666667,0.6326789705402913,1.538333333333333
2025,ep_sdp,static_dp,adversarial,sign_flipping,28,0.6543333333333333,0.6260008042266496,1.2716666666666665
2025,ep_sdp,static_dp,adversarial,sign_flipping,29,0.7943333333333333,0.7774041746011582,1.9716666666666667
2025,ep_sdp,static_dp,adversarial,sign_flipping,30,0.637,0.5738020560808208,1.185
2025,ep_twa,twa,adversarial,sign_flipping,1,0.8073333333333333,0.8084561931866515,2.036666666666667
2025,ep_twa,twa,adversarial,sign_flipping,2,0.9023333333333332,0.904838630271034,2.511666666666666
2025,ep_twa,twa,adversarial,sign_flipping,3,0.9373333333333334,0.9376188497847509,2.6866666666666665
2025,ep_twa,twa,adversarial,sign_flipping,4,0.9533333333333334,0.953448255340132,2.7666666666666666
2025,ep_twa,twa,adversarial,sign_flipping,5,0.9576666666666668,0.9577560252622536,2.788333333333334
2025,ep_twa,twa,adversarial,sign_flipping,6,0.975,0.9749736589661302,2.875
2025,ep_twa,twa,adversarial,sign_flipping,7,0.9743333333333334,0.9739815794880616,2.871666666666667
2025,ep_twa,twa,adversarial,sign_flipping,8,0.969,0.9684554616835,2.8449999999999998
2025,ep_twa,twa,adversarial,sign_flipping,9,0.9673333333333334,0.9666858827337884,2.836666666666667
2025,ep_twa,twa,adversarial,sign_flipping,10,0.9606666666666668,0.9596526916969308,2.8033333333333337
2025,ep_twa,twa,adversarial,sign_flipping,11,0.9586666666666668,0.9575387025163632,2.793333333333334
2025,ep_twa,twa,adversarial,sign_flipping,12,0.9553333333333334,0.9539949340053634,2.7766666666666673
2025,ep_twa,twa,adversarial,sign_flipping,13,0.9573333333333334,0.95612632995095,2.786666666666667
2025,ep_twa,twa,adversarial,sign_flipping,14,0.9633333333333334,0.9624775493769387,2.8166666666666664
2025,ep_twa,twa,adversarial,sign_flipping,15,0.963,0.9623400534975473,2.8149999999999995
2025,ep_twa,twa,adversarial,sign_flipping,16,0.9613333333333334,0.9606135502232732,2.8066666666666666
2025,ep_twa,twa,adversarial,sign_flipping,17,0.964,0.9633751181451736,2.8200000000000003
2025,ep_twa,twa,adversarial,sign_flipping,18,0.9646666666666668,0.9640899149979651,2.823333333333334
2025,ep_twa,twa,adversarial,sign_flipping,19,0.9633333333333334,0.9627672791535296,2.8166666666666664
2025,ep_twa,twa,adversarial,sign_flipping,20,0.9646666666666668,0.9640762030151566,2.823333333333334
2025,ep_twa,twa,adversarial,sign_flipping,21,0.9666666666666668,0.9661996103454832,2.833333333333334
2025,ep_twa,twa,adversarial,sign_flipping,22,0.963,0.9624228187658298,2.8149999999999995
2025,ep_twa,twa,adversarial,sign_flipping,23,0.9633333333333334,0.962728915356184,2.8166666666666664
2025,ep_twa,twa,adversarial,sign_flipping,24,0.9643333333333334,0.9637937575049588,2.821666666666667
2025,ep_twa,twa,adversarial,sign_flipping,25,0.964,0.9634801504651124,2.8200000000000003
2025,ep_twa,twa,adversarial,sign_flipping,26,0.9686666666666668,0.9682672521250684,2.8433333333333337
2025,ep_twa,twa,adversarial,sign_flipping,27,0.9693333333333334,0.9689958679721936,2.8466666666666667
2025,ep_twa,twa,adversarial,sign_flipping,28,0.9686666666666668,0.968311227269668,2.8433333333333337
2025,ep_twa,twa,adversarial,sign_flipping,29,0.969,0.9686465625727804,2.8449999999999998
2025,ep_twa,twa,adversarial,sign_flipping,30,0.9693333333333334,0.9689781100327628,2.8466666666666667
2025,ep_ppa,ppa,adversarial,sign_flipping,1,0.8193333333333334,0.8187345914579974,2.0966666666666667
2025,ep_ppa,ppa,adversarial,sign_flipping,2,0.8166666666666667,0.8173494752028119,2.083333333333333
2025,ep_ppa,ppa,adversarial,sign_flipping,3,0.936,0.9362765187327228,2.6800000000000006
2025,ep_ppa,ppa,adversarial,sign_flipping,4,0.9416666666666668,0.9416920472958848,2.708333333333334
2025,ep_ppa,ppa,adversarial,sign_flipping,5,0.95,0.950095665704494,2.75
2025,ep_ppa,ppa,adversarial,sign_flipping,6,0.952,0.9521065201309484,2.76
2025,ep_ppa,ppa,adversarial,sign_flipping,7,0.9533333333333334,0.9534115208556178,2.7666666666666666
2025,ep_ppa,ppa,adversarial,sign_flipping,8,0.9713333333333334,0.9708731154781244,2.8566666666666674
2025,ep_ppa,ppa,adversarial,sign_flipping,9,0.9493333333333334,0.9475454278009248,2.746666666666667
2025,ep_ppa,ppa,adversarial,sign_flipping,10,0.9473333333333334,0.9454055701913676,2.7366666666666664
2025,ep_ppa,ppa,adversarial,sign_flipping,11,0.9576666666666668,0.9567334232530748,2.788333333333334
2025,ep_ppa,ppa,adversarial,sign_flipping,12,0.959,0.958164220622112,2.795
2025,ep_ppa,ppa,adversarial,sign_flipping,13,0.9626666666666668,0.9622853771125268,2.8133333333333344
2025,ep_ppa,ppa,adversarial,sign_flipping,14,0.9636666666666668,0.9633423996078854,2.8183333333333342
2025,ep_ppa,ppa,adversarial,sign_flipping,15,0.96,0.9595689164841096,2.8
2025,ep_ppa,ppa,adversarial,sign_flipping,16,0.955,0.9544555379843792,2.7749999999999995
2025,ep_ppa,ppa,adversarial,sign_flipping,17,0.9616666666666668,0.9611228729097436,2.8083333333333336
2025,ep_ppa,ppa,adversarial,sign_flipping,18,0.941,0.9407541644796106,2.705
2025,ep_ppa,ppa,adversarial,sign_flipping,19,0.9396666666666668,0.9393766211296252,2.698333333333334
2025,ep_ppa,ppa,adversarial,sign_flipping,20,0.9576666666666668,0.9568360559906952,2.788333333333334
2025,ep_ppa,ppa,adversarial,sign_flipping,21,0.9493333333333334,0.94795152178473,2.746666666666667
2025,ep_ppa,ppa,adversarial,sign_flipping,22,0.9453333333333334,0.9438037318774396,2.7266666666666666
2025,ep_ppa,ppa,adversarial,sign_flipping,23,0.9063333333333332,0.9061373664405918,2.5316666666666663
2025,ep_ppa,ppa,adversarial,sign_flipping,24,0.819,0.8203732116958444,2.0949999999999998
2025,ep_ppa,ppa,adversarial,sign_flipping,25,0.8923333333333333,0.8933683008490301,2.461666666666667
2025,ep_ppa,ppa,adversarial,sign_flipping,26,0.755,0.7589759606886843,1.775
2025,ep_ppa,ppa,adversarial,sign_flipping,27,0.7646666666666667,0.7671631911372954,1.8233333333333337
2025,ep_ppa,ppa,adversarial,sign_flipping,28,0.7356666666666667,0.7353054883560187,1.6783333333333337
2025,ep_ppa,ppa,adversarial,sign_flipping,29,0.7573333333333333,0.7560760017305757,1.7866666666666666
2025,ep_ppa,ppa,adversarial,sign_flipping,30,0.6186666666666667,0.5538959714778495,1.0933333333333337
2025,ep_sdp-ppa,sdp_ppa,adversarial,sign_flipping,1,0.6396666666666667,0.5858791363760038,1.1983333333333337
2025,ep_sdp-ppa,sdp_ppa,adversarial,sign_flipping,2,0.6706666666666666,0.6533358872052366,1.353333333333333
2025,ep_sdp-ppa,sdp_ppa,adversarial,sign_flipping,3,0.8316666666666667,0.8346622082606222,2.158333333333333
2025,ep_sdp-ppa,sdp_ppa,adversarial,sign_flipping,4,0.7703333333333333,0.7721881256508345,1.8516666666666666
2025,ep_sdp-ppa,sdp_ppa,adversarial,sign_flipping,5,0.8706666666666667,0.8722826984978994,2.3533333333333335
2025,ep_sdp-ppa,sdp_ppa,adversarial,sign_flipping,6,0.882,0.8834849380137706,2.41
2025,ep_sdp-ppa,sdp_ppa,adversarial,sign_flipping,7,0.888,0.8806870027673128,2.4400000000000004
2025,ep_sdp-ppa,sdp_ppa,adversarial,sign_flipping,8,0.7763333333333333,0.7687785883313867,1.8816666666666668
2025,ep_sdp-ppa,sdp_ppa,adversarial,sign_flipping,9,0.949,0.948052466885914,2.745
2025,ep_sdp-ppa,sdp_ppa,adversarial,sign_flipping,10,0.9446666666666668,0.944701758411659,2.7233333333333336
2025,ep_sdp-ppa,sdp_ppa,adversarial,sign_flipping,11,0.8226666666666667,0.8168226198633036,2.1133333333333333
2025,ep_sdp-ppa,sdp_ppa,adversarial,sign_flipping,12,0.7503333333333333,0.7324281038485408,1.7516666666666665
2025,ep_sdp-ppa,sdp_ppa,adversarial,sign_flipping,13,0.749,0.740219251151356,1.745
2025,ep_sdp-ppa,sdp_ppa,adversarial,sign_flipping,14,0.8563333333333333,0.8547997227220073,2.2816666666666663
2025,ep_sdp-ppa,sdp_ppa,adversarial,sign_flipping,15,0.9026666666666666,0.9020431546840292,2.5133333333333328
2025,ep_sdp-ppa,sdp_ppa,adversarial,sign_flipping,16,0.882,0.8809887701752351,2.41
2025,ep_sdp-ppa,sdp_ppa,adversarial,sign_flipping,17,0.861,0.8591967087285335,2.3049999999999997
2025,ep_sdp-ppa,sdp_ppa,adversarial,sign_flipping,18,0.9206666666666666,0.9165517966307845,2.6033333333333335
2025,ep_sdp-ppa,sdp_ppa,adversarial,sign_flipping,19,0.8763333333333333,0.8744153935440055,2.381666666666667
2025,ep_sdp-ppa,sdp_ppa,adversarial,sign_flipping,20,0.833,0.8242435471078089,2.165
2025,ep_sdp-ppa,sdp_ppa,adversarial,sign_flipping,21,0.8936666666666667,0.8908621095278357,2.4683333333333337
2025,ep_sdp-ppa,sdp_ppa,adversarial,sign_flipping,22,0.698,0.7023786036572786,1.4899999999999998
2025,ep_sdp-ppa,sdp_ppa,adversarial,sign_flipping,23,0.7656666666666667,0.722052514743565,1.8283333333333336
2025,ep_sdp-ppa,sdp_ppa,adversarial,sign_flipping,24,0.736,0.737078780811047,1.6799999999999997
2025,ep_sdp-ppa,sdp_ppa,adversarial,sign_flipping,25,0.7586666666666667,0.756369970381412,1.7933333333333334
2025,ep_sdp-ppa,sdp_ppa,adversarial,sign_flipping,26,0.583,0.5574005797160355,0.915
2025,ep_sdp-ppa,sdp_ppa,adversarial,sign_flipping,27,0.7066666666666667,0.6314454926556843,1.5333333333333332
2025,ep_sdp-ppa,sdp_ppa,adversarial,sign_flipping,28,0.6583333333333333,0.6320286177166355,1.2916666666666665
2025,ep_sdp-ppa,sdp_ppa,adversarial,sign_flipping,29,0.8056666666666666,0.7915627056360638,2.0283333333333333
2025,ep_sdp-ppa,sdp_ppa,adversarial,sign_flipping,30,0.6326666666666667,0.5648104405806977,1.1633333333333336
2025,ep_twa-ppa,twa_ppa,adversarial,sign_flipping,1,0.8073333333333333,0.8084561931866515,2.036666666666667
2025,ep_twa-ppa,twa_ppa,adversarial,sign_flipping,2,0.9023333333333332,0.904838630271034,2.511666666666666
2025,ep_twa-ppa,twa_ppa,adversarial,sign_flipping,3,0.9373333333333334,0.9376188497847509,2.6866666666666665
2025,ep_twa-ppa,twa_ppa,adversarial,sign_flipping,4,0.9533333333333334,0.953448255340132,2.7666666666666666
2025,ep_twa-ppa,twa_ppa,adversarial,sign_flipping,5,0.9576666666666668,0.9577560252622536,2.788333333333334
2025,ep_twa-ppa,twa_ppa,adversarial,sign_flipping,6,0.975,0.9749736589661302,2.875
2025,ep_twa-ppa,twa_ppa,adversarial,sign_flipping,7,0.9743333333333334,0.9739815794880616,2.871666666666667
2025,ep_twa-ppa,twa_ppa,adversarial,sign_flipping,8,0.969,0.9684554616835,2.8449999999999998
2025,ep_twa-ppa,twa_ppa,adversarial,sign_flipping,9,0.9673333333333334,0.9666858827337884,2.836666666666667
2025,ep_twa-ppa,twa_ppa,adversarial,sign_flipping,10,0.9606666666666668,0.9596526916969308,2.8033333333333337
2025,ep_twa-ppa,twa_ppa,adversarial,sign_flipping,11,0.9586666666666668,0.9575327112992472,2.793333333333334
2025,ep_twa-ppa,twa_ppa,adversarial,sign_flipping,12,0.955,0.9536336377409992,2.7749999999999995
2025,ep_twa-ppa,twa_ppa,adversarial,sign_flipping,13,0.9573333333333334,0.95612632995095,2.786666666666667
2025,ep_twa-ppa,twa_ppa,adversarial,sign_flipping,14,0.9636666666666668,0.9628300414514428,2.8183333333333342
2025,ep_twa-ppa,twa_ppa,adversarial,sign_flipping,15,0.964,0.9633810308686712,2.8200000000000003
2025,ep_twa-ppa,twa_ppa,adversarial,sign_flipping,16,0.961,0.960260741675168,2.8049999999999997
2025,ep_twa-ppa,twa_ppa,adversarial,sign_flipping,17,0.964,0.9633751181451736,2.8200000000000003
2025,ep_twa-ppa,twa_ppa,adversarial,sign_flipping,18,0.9646666666666668,0.9641052195839592,2.823333333333334
2025,ep_twa-ppa,twa_ppa,adversarial,sign_flipping,19,0.9636666666666668,0.9631103190866148,2.8183333333333342
2025,ep_twa-ppa,twa_ppa,adversarial,sign_flipping,20,0.9646666666666668,0.9640762030151566,2.823333333333334
2025,ep_twa-ppa,twa_ppa,adversarial,sign_flipping,21,0.967,0.9665659541345424,2.835
2025,ep_twa-ppa,twa_ppa,adversarial,sign_flipping,22,0.9623333333333334,0.9617363751505954,2.8116666666666665
2025,ep_twa-ppa,twa_ppa,adversarial,sign_flipping,23,0.967,0.9663958475717036,2.835
2025,ep_twa-ppa,twa_ppa,adversarial,sign_flipping,24,0.9636666666666668,0.9631267539029442,2.8183333333333342
2025,ep_twa-ppa,twa_ppa,adversarial,sign_flipping,25,0.964,0.9634801504651124,2.8200000000000003
2025,ep_twa-ppa,twa_ppa,adversarial,sign_flipping,26,0.9673333333333334,0.9669248085427058,2.836666666666667
2025,ep_twa-ppa,twa_ppa,adversarial,sign_flipping,27,0.9693333333333334,0.9689958679721936,2.8466666666666667
2025,ep_twa-ppa,twa_ppa,adversarial,sign_flipping,28,0.969,0.9686506139228872,2.8449999999999998
2025,ep_twa-ppa,twa_ppa,adversarial,sign_flipping,29,0.9693333333333334,0.9689951700466626,2.8466666666666667
2025,ep_twa-ppa,twa_ppa,adversarial,sign_flipping,30,0.969,0.9686375599591446,2.8449999999999998
2025,ep_0,fedavg,adversarial,random_noise_byzantine,1,0.8153333333333334,0.8155985707348707,2.076666666666667
2025,ep_0,fedavg,adversarial,random_noise_byzantine,2,0.815,0.8159374162929165,2.0749999999999993
2025,ep_0,fedavg,adversarial,random_noise_byzantine,3,0.9376666666666666,0.9379401788192658,2.6883333333333335
2025,ep_0,fedavg,adversarial,random_noise_byzantine,4,0.9526666666666668,0.9527918021959982,2.7633333333333336
2025,ep_0,fedavg,adversarial,random_noise_byzantine,5,0.952,0.9520905503664971,2.76
2025,ep_0,fedavg,adversarial,random_noise_byzantine,6,0.966,0.9660523959588871,2.83
2025,ep_0,fedavg,adversarial,random_noise_byzantine,7,0.9783333333333334,0.9781024962357778,2.8916666666666666
2025,ep_0,fedavg,adversarial,random_noise_byzantine,8,0.9686666666666668,0.9681095193024056,2.8433333333333337
2025,ep_0,fedavg,adversarial,random_noise_byzantine,9,0.952,0.9504645737564495,2.76
2025,ep_0,fedavg,adversarial,random_noise_byzantine,10,0.962,0.9611144333047384,2.8099999999999996
2025,ep_0,fedavg,adversarial,random_noise_byzantine,11,0.9646666666666668,0.964066041130298,2.823333333333334
2025,ep_0,fedavg,adversarial,random_noise_byzantine,12,0.9626666666666668,0.9622012517644604,2.8133333333333344
2025,ep_0,fedavg,adversarial,random_noise_byzantine,13,0.9646666666666668,0.964297280764734,2.823333333333334
2025,ep_0,fedavg,adversarial,random_noise_byzantine,14,0.9626666666666668,0.9622195354995932,2.8133333333333344
2025,ep_0,fedavg,adversarial,random_noise_byzantine,15,0.9623333333333334,0.9619647020097764,2.8116666666666665
2025,ep_0,fedavg,adversarial,random_noise_byzantine,16,0.9596666666666668,0.9594031756979088,2.798333333333334
2025,ep_0,fedavg,adversarial,random_noise_byzantine,17,0.9406666666666668,0.9404055870526536,2.703333333333334
2025,ep_0,fedavg,adversarial,random_noise_byzantine,18,0.9256666666666666,0.9255369629265532,2.628333333333333
2025,ep_0,fedavg,adversarial,random_noise_byzantine,19,0.915,0.9156924526602142,2.575
2025,ep_0,fedavg,adversarial,random_noise_byzantine,20,0.7666666666666667,0.7543681416334023,1.8333333333333335
2025,ep_0,fedavg,adversarial,random_noise_byzantine,21,0.9143333333333332,0.9152697044072496,2.5716666666666663
2025,ep_0,fedavg,adversarial,random_noise_byzantine,22,0.8,0.7974307022756516,2.0
2025,ep_0,fedavg,adversarial,random_noise_byzantine,23,0.5723333333333334,0.5016865694575212,0.8616666666666668
2025,ep_0,fedavg,adversarial,random_noise_byzantine,24,0.926,0.9255661334714204,2.63
2025,ep_0,fedavg,adversarial,random_noise_byzantine,25,0.9286666666666666,0.9283342787168796,2.6433333333333335
2025,ep_0,fedavg,adversarial,random_noise_byzantine,26,0.7386666666666667,0.6707008064855828,1.6933333333333334
2025,ep_0,fedavg,adversarial,random_noise_byzantine,27,0.7283333333333334,0.6489971187195542,1.641666666666667
2025,ep_0,fedavg,adversarial,random_noise_byzantine,28,0.4513333333333333,0.3535274004537517,0.2566666666666664
2025,ep_0,fedavg,adversarial,random_noise_byzantine,29,0.5483333333333333,0.4692244704736907,0.7416666666666667
2025,ep_0,fedavg,adversarial,random_noise_byzantine,30,0.4793333333333333,0.3227434080528716,0.3966666666666665
2025,ep_sdp,static_dp,adversarial,random_noise_byzantine,1,0.3633333333333333,0.2996430667672921,-0.18333333333333357
2025,ep_sdp,static_dp,adversarial,random_noise_byzantine,2,0.47,0.4384116227831114,0.34999999999999964
2025,ep_sdp,static_dp,adversarial,random_noise_byzantine,3,0.674,0.6760067749054687,1.37
2025,ep_sdp,static_dp,adversarial,random_noise_byzantine,4,0.6536666666666666,0.6651385091459093,1.268333333333333
2025,ep_sdp,static_dp,adversarial,random_noise_byzantine,5,0.682,0.6849528925398488,1.4100000000000001
2025,ep_sdp,static_dp,adversarial,random_noise_byzantine,6,0.8136666666666666,0.8066550489352629,2.0683333333333334
2025,ep_sdp,static_dp,adversarial,random_noise_byzantine,7,0.9466666666666668,0.9455611756324924,2.7333333333333343
2025,ep_sdp,static_dp,adversarial,random_noise_byzantine,8,0.9446666666666668,0.9437574304286848,2.7233333333333336
2025,ep_sdp,static_dp,adversarial,random_noise_byzantine,9,0.9436666666666668,0.9421528742540368,2.7183333333333337
2025,ep_sdp,static_dp,adversarial,random_noise_byzantine,10,0.9126666666666666,0.9126817347432672,2.5633333333333335
2025,ep_sdp,static_dp,adversarial,random_noise_byzantine,11,0.8796666666666667,0.8823969576300312,2.3983333333333334
2025,ep_sdp,static_dp,adversarial,random_noise_byzantine,12,0.888,0.888472111516275,2.4400000000000004
2025,ep_sdp,static_dp,adversarial,random_noise_byzantine,13,0.9273333333333332,0.9269942343225996,2.636666666666666
2025,ep_sdp,static_dp,adversarial,random_noise_byzantine,14,0.931,0.9302788879106708,2.6550000000000002
2025,ep_sdp,static_dp,adversarial,random_noise_byzantine,15,0.815,0.8057503920042657,2.0749999999999993
2025,ep_sdp,static_dp,adversarial,random_noise_byzantine,16,0.8786666666666667,0.8782969053660641,2.3933333333333335
2025,ep_sdp,static_dp,adversarial,random_noise_byzantine,17,0.6403333333333333,0.6124692064525434,1.2016666666666667
2025,ep_sdp,static_dp,adversarial,random_noise_byzantine,18,0.6253333333333333,0.573647262055879,1.1266666666666665
2025,ep_sdp,static_dp,adversarial,random_noise_byzantine,19,0.6036666666666667,0.5534510634430106,1.0183333333333335
2025,ep_sdp,static_dp,adversarial,random_noise_byzantine,20,0.7393333333333333,0.7376356327133947,1.6966666666666663
2025,ep_sdp,static_dp,adversarial,random_noise_byzantine,21,0.7393333333333333,0.7348883115293885,1.6966666666666663
2025,ep_sdp,static_dp,adversarial,random_noise_byzantine,22,0.6876666666666666,0.6755661375748288,1.4383333333333335
2025,ep_sdp,static_dp,adversarial,random_noise_byzantine,23,0.8056666666666666,0.7998049545148386,2.0283333333333333
2025,ep_sdp,static_dp,adversarial,random_noise_byzantine,24,0.703,0.7014153740593803,1.5149999999999997
2025,ep_sdp,static_dp,adversarial,random_noise_byzantine,25,0.672,0.652701659588039,1.3600000000000003
2025,ep_sdp,static_dp,adversarial,random_noise_byzantine,26,0.7486666666666667,0.7141860581767482,1.7433333333333336
2025,ep_sdp,static_dp,adversarial,random_noise_byzantine,27,0.395,0.3127693264936102,-0.02499999999999991
2025,ep_sdp,static_dp,adversarial,random_noise_byzantine,28,0.501,0.4357258895218238,0.5049999999999999
2025,ep_sdp,static_dp,adversarial,random_noise_byzantine,29,0.6723333333333333,0.6219153343117214,1.3616666666666668
2025,ep_sdp,static_dp,adversarial,random_noise_byzantine,30,0.323,0.2527887255794132,-0.385
2025,ep_twa,twa,adversarial,random_noise_byzantine,1,0.8066666666666666,0.8078495485491038,2.033333333333333
2025,ep_twa,twa,adversarial,random_noise_byzantine,2,0.8133333333333334,0.8149259717769433,2.0666666666666664
2025,ep_twa,twa,adversarial,random_noise_byzantine,3,0.9376666666666666,0.9379509618140108,2.6883333333333335
2025,ep_twa,twa,adversarial,random_noise_byzantine,4,0.9533333333333334,0.953444899425676,2.7666666666666666
2025,ep_twa,twa,adversarial,random_noise_byzantine,5,0.9553333333333334,0.95542483971541,2.7766666666666673
2025,ep_twa,twa,adversarial,random_noise_byzantine,6,0.977,0.976927534750058,2.885
2025,ep_twa,twa,adversarial,random_noise_byzantine,7,0.9743333333333334,0.9739687158322774,2.871666666666667
2025,ep_twa,twa,adversarial,random_noise_byzantine,8,0.9683333333333334,0.9677572381321422,2.841666666666667
2025,ep_twa,twa,adversarial,random_noise_byzantine,9,0.9653333333333334,0.964590938397587,2.826666666666667
2025,ep_twa,twa,adversarial,random_noise_byzantine,10,0.9623333333333334,0.9614149448463648,2.8116666666666665
2025,ep_twa,twa,adversarial,random_noise_byzantine,11,0.9593333333333334,0.9582392688084777,2.796666666666667
2025,ep_twa,twa,adversarial,random_noise_byzantine,12,0.96,0.9589425332976248,2.8
2025,ep_twa,twa,adversarial,random_noise_byzantine,13,0.9626666666666668,0.9617602316136374,2.8133333333333344
2025,ep_twa,twa,adversarial,random_noise_byzantine,14,0.9673333333333334,0.9666765691823048,2.836666666666667
2025,ep_twa,twa,adversarial,random_noise_byzantine,15,0.97,0.969477119938956,2.8499999999999996
2025,ep_twa,twa,adversarial,random_noise_byzantine,16,0.97,0.9694895519387166,2.8499999999999996
2025,ep_twa,twa,adversarial,random_noise_byzantine,17,0.9693333333333334,0.9687893132383576,2.8466666666666667
2025,ep_twa,twa,adversarial,random_noise_byzantine,18,0.969,0.9684390890431548,2.8449999999999998
2025,ep_twa,twa,adversarial,random_noise_byzantine,19,0.9706666666666668,0.970196218294346,2.8533333333333335
2025,ep_twa,twa,adversarial,random_noise_byzantine,20,0.97,0.9694899677339986,2.8499999999999996
2025,ep_twa,twa,adversarial,random_noise_byzantine,21,0.9703333333333334,0.969846225322878,2.8516666666666666
2025,ep_twa,twa,adversarial,random_noise_byzantine,22,0.9703333333333334,0.9698607192939864,2.8516666666666666
2025,ep_twa,twa,adversarial,random_noise_byzantine,23,0.9706666666666668,0.9702109276538164,2.8533333333333335
2025,ep_twa,twa,adversarial,random_noise_byzantine,24,0.97,0.9695044794340976,2.8499999999999996
2025,ep_twa,twa,adversarial,random_noise_byzantine,25,0.97,0.969534683839585,2.8499999999999996
2025,ep_twa,twa,adversarial,random_noise_byzantine,26,0.9703333333333334,0.9698474886602054,2.8516666666666666
2025,ep_twa,twa,adversarial,random_noise_byzantine,27,0.9703333333333334,0.9698541063717288,2.8516666666666666
2025,ep_twa,twa,adversarial,random_noise_byzantine,28,0.97,0.9694850214322388,2.8499999999999996
2025,ep_twa,twa,adversarial,random_noise_byzantine,29,0.9703333333333334,0.9698342225010368,2.8516666666666666
2025,ep_twa,twa,adversarial,random_noise_byzantine,30,0.9703333333333334,0.9698342225010368,2.8516666666666666
2025,ep_ppa,ppa,adversarial,random_noise_byzantine,1,0.8153333333333334,0.8155985707348707,2.076666666666667
2025,ep_ppa,ppa,adversarial,random_noise_byzantine,2,0.815,0.8159374162929165,2.0749999999999993
2025,ep_ppa,ppa,adversarial,random_noise_byzantine,3,0.9376666666666666,0.9379401788192658,2.6883333333333335
2025,ep_ppa,ppa,adversarial,random_noise_byzantine,4,0.9526666666666668,0.9527918021959982,2.7633333333333336
2025,ep_ppa,ppa,adversarial,random_noise_byzantine,5,0.952,0.9520905503664971,2.76
2025,ep_ppa,ppa,adversarial,random_noise_byzantine,6,0.966,0.9660523959588871,2.83
2025,ep_ppa,ppa,adversarial,random_noise_byzantine,7,0.9783333333333334,0.9781024962357778,2.8916666666666666
2025,ep_ppa,ppa,adversarial,random_noise_byzantine,8,0.9686666666666668,0.9681095193024056,2.8433333333333337
2025,ep_ppa,ppa,adversarial,random_noise_byzantine,9,0.952,0.9504645737564495,2.76
2025,ep_ppa,ppa,adversarial,random_noise_byzantine,10,0.9616666666666668,0.9607654177450448,2.8083333333333336
2025,ep_ppa,ppa,adversarial,random_noise_byzantine,11,0.9646666666666668,0.964066041130298,2.823333333333334
2025,ep_ppa,ppa,adversarial,random_noise_byzantine,12,0.9623333333333334,0.9618532208331992,2.8116666666666665
2025,ep_ppa,ppa,adversarial,random_noise_byzantine,13,0.9646666666666668,0.964297280764734,2.823333333333334
2025,ep_ppa,ppa,adversarial,random_noise_byzantine,14,0.9636666666666668,0.9632666319125496,2.8183333333333342
2025,ep_ppa,ppa,adversarial,random_noise_byzantine,15,0.9613333333333334,0.9609243924561354,2.8066666666666666
2025,ep_ppa,ppa,adversarial,random_noise_byzantine,16,0.9583333333333334,0.9580347840927768,2.791666666666667
2025,ep_ppa,ppa,adversarial,random_noise_byzantine,17,0.9403333333333334,0.9400613448806672,2.701666666666667
2025,ep_ppa,ppa,adversarial,random_noise_byzantine,18,0.9243333333333332,0.9241706844989432,2.621666666666666
2025,ep_ppa,ppa,adversarial,random_noise_byzantine,19,0.914,0.9146450675032316,2.5700000000000003
2025,ep_ppa,ppa,adversarial,random_noise_byzantine,20,0.7603333333333333,0.7455545944283947,1.8016666666666667
2025,ep_ppa,ppa,adversarial,random_noise_byzantine,21,0.914,0.9149393534144518,2.5700000000000003
2025,ep_ppa,ppa,adversarial,random_noise_byzantine,22,0.8043333333333333,0.8025688792174062,2.0216666666666665
2025,ep_ppa,ppa,adversarial,random_noise_byzantine,23,0.5886666666666667,0.5252781354033964,0.9433333333333334
2025,ep_ppa,ppa,adversarial,random_noise_byzantine,24,0.925,0.9245438977659306,2.625
2025,ep_ppa,ppa,adversarial,random_noise_byzantine,25,0.929,0.9286637639519,2.6450000000000005
2025,ep_ppa,ppa,adversarial,random_noise_byzantine,26,0.749,0.695989474863539,1.745
2025,ep_ppa,ppa,adversarial,random_noise_byzantine,27,0.7296666666666667,0.6509101983450747,1.6483333333333334
2025,ep_ppa,ppa,adversarial,random_noise_byzantine,28,0.454,0.3511890545920237,0.27
2025,ep_ppa,ppa,adversarial,random_noise_byzantine,29,0.552,0.4733885702424236,0.7600000000000002
2025,ep_ppa,ppa,adversarial,random_noise_byzantine,30,0.4806666666666667,0.3252535524590741,0.4033333333333333
2025,ep_sdp-ppa,sdp_ppa,adversarial,random_noise_byzantine,1,0.3633333333333333,0.2996430667672921,-0.18333333333333357
2025,ep_sdp-ppa,sdp_ppa,adversarial,random_noise_byzantine,2,0.47,0.4384116227831114,0.34999999999999964
2025,ep_sdp-ppa,sdp_ppa,adversarial,random_noise_byzantine,3,0.674,0.6760067749054687,1.37
2025,ep_sdp-ppa,sdp_ppa,adversarial,random_noise_byzantine,4,0.6536666666666666,0.6651385091459093,1.268333333333333
2025,ep_sdp-ppa,sdp_ppa,adversarial,random_noise_byzantine,5,0.682,0.6849528925398488,1.4100000000000001
2025,ep_sdp-ppa,sdp_ppa,adversarial,random_noise_byzantine,6,0.8136666666666666,0.8066550489352629,2.0683333333333334
2025,ep_sdp-ppa,sdp_ppa,adversarial,random_noise_byzantine,7,0.9466666666666668,0.9455611756324924,2.7333333333333343
2025,ep_sdp-ppa,sdp_ppa,adversarial,random_noise_byzantine,8,0.9446666666666668,0.9437574304286848,2.7233333333333336
2025,ep_sdp-ppa,sdp_ppa,adversarial,random_noise_byzantine,9,0.9436666666666668,0.9421528742540368,2.7183333333333337
2025,ep_sdp-ppa,sdp_ppa,adversarial,random_noise_byzantine,10,0.9126666666666666,0.9126817347432672,2.5633333333333335
2025,ep_sdp-ppa,sdp_ppa,adversarial,random_noise_byzantine,11,0.8796666666666667,0.8823969576300312,2.3983333333333334
2025,ep_sdp-ppa,sdp_ppa,adversarial,random_noise_byzantine,12,0.8883333333333333,0.8888285314229709,2.4416666666666664
2025,ep_sdp-ppa,sdp_ppa,adversarial,random_noise_byzantine,13,0.927,0.9266656039887872,2.635
2025,ep_sdp-ppa,sdp_ppa,adversarial,random_noise_byzantine,14,0.9313333333333332,0.9306309629611476,2.6566666666666663
2025,ep_sdp-ppa,sdp_ppa,adversarial,random_noise_byzantine,15,0.8176666666666667,0.8083724991921184,2.088333333333333
2025,ep_sdp-ppa,sdp_ppa,adversarial,random_noise_byzantine,16,0.8786666666666667,0.8782606103417664,2.3933333333333335
2025,ep_sdp-ppa,sdp_ppa,adversarial,random_noise_byzantine,17,0.6403333333333333,0.6122371778533097,1.2016666666666667
2025,ep_sdp-ppa,sdp_ppa,adversarial,random_noise_byzantine,18,0.632,0.5792074716815758,1.1600000000000001
2025,ep_sdp-ppa,sdp_ppa,adversarial,random_noise_byzantine,19,0.6033333333333334,0.5532265752319803,1.016666666666667
2025,ep_sdp-ppa,sdp_ppa,adversarial,random_noise_byzantine,20,0.7416666666666667,0.7398444372125836,1.7083333333333335
2025,ep_sdp-ppa,sdp_ppa,adversarial,random_noise_byzantine,21,0.7156666666666667,0.704593535993219,1.5783333333333331
2025,ep_sdp-ppa,sdp_ppa,adversarial,random_noise_byzantine,22,0.6886666666666666,0.676704784358751,1.4433333333333334
2025,ep_sdp-ppa,sdp_ppa,adversarial,random_noise_byzantine,23,0.8,0.7936667033859204,2.0
2025,ep_sdp-ppa,sdp_ppa,adversarial,random_noise_byzantine,24,0.732,0.7304839636910648,1.6600000000000001
2025,ep_sdp-ppa,sdp_ppa,adversarial,random_noise_byzantine,25,0.658,0.6364036631767318,1.29
2025,ep_sdp-ppa,sdp_ppa,adversarial,random_noise_byzantine,26,0.736,0.6928699618672055,1.6799999999999997
2025,ep_sdp-ppa,sdp_ppa,adversarial,random_noise_byzantine,27,0.4156666666666667,0.3444030328263229,0.07833333333333359
2025,ep_sdp-ppa,sdp_ppa,adversarial,random_noise_byzantine,28,0.495,0.4293979838431201,0.4750000000000001
2025,ep_sdp-ppa,sdp_ppa,adversarial,random_noise_byzantine,29,0.6296666666666667,0.5408910485634881,1.1483333333333334
2025,ep_sdp-ppa,sdp_ppa,adversarial,random_noise_byzantine,30,0.321,0.2474475381667365,-0.395
2025,ep_twa-ppa,twa_ppa,adversarial,random_noise_byzantine,1,0.8066666666666666,0.8078495485491038,2.033333333333333
2025,ep_twa-ppa,twa_ppa,adversarial,random_noise_byzantine,2,0.8133333333333334,0.8149259717769433,2.0666666666666664
2025,ep_twa-ppa,twa_ppa,adversarial,random_noise_byzantine,3,0.9376666666666666,0.9379509618140108,2.6883333333333335
2025,ep_twa-ppa,twa_ppa,adversarial,random_noise_byzantine,4,0.9533333333333334,0.953444899425676,2.7666666666666666
2025,ep_twa-ppa,twa_ppa,adversarial,random_noise_byzantine,5,0.9553333333333334,0.95542483971541,2.7766666666666673
2025,ep_twa-ppa,twa_ppa,adversarial,random_noise_byzantine,6,0.977,0.976927534750058,2.885
2025,ep_twa-ppa,twa_ppa,adversarial,random_noise_byzantine,7,0.9743333333333334,0.9739687158322774,2.871666666666667
2025,ep_twa-ppa,twa_ppa,adversarial,random_noise_byzantine,8,0.968,0.9674107632003706,2.84
2025,ep_twa-ppa,twa_ppa,adversarial,random_noise_byzantine,9,0.9653333333333334,0.964590938397587,2.826666666666667
2025,ep_twa-ppa,twa_ppa,adversarial,random_noise_byzantine,10,0.9623333333333334,0.9614149448463648,2.8116666666666665
2025,ep_twa-ppa,twa_ppa,adversarial,random_noise_byzantine,11,0.9593333333333334,0.9582392688084777,2.796666666666667
2025,ep_twa-ppa,twa_ppa,adversarial,random_noise_byzantine,12,0.96,0.9589425332976248,2.8
2025,ep_twa-ppa,twa_ppa,adversarial,random_noise_byzantine,13,0.9626666666666668,0.96176380758485,2.8133333333333344
2025,ep_twa-ppa,twa_ppa,adversarial,random_noise_byzantine,14,0.9673333333333334,0.9666765691823048,2.836666666666667
2025,ep_twa-ppa,twa_ppa,adversarial,random_noise_byzantine,15,0.9696666666666668,0.9691272405693652,2.8483333333333336
2025,ep_twa-ppa,twa_ppa,adversarial,random_noise_byzantine,16,0.97,0.9694895519387166,2.8499999999999996
2025,ep_twa-ppa,twa_ppa,adversarial,random_noise_byzantine,17,0.969,0.9684391152946278,2.8449999999999998
2025,ep_twa-ppa,twa_ppa,adversarial,random_noise_byzantine,18,0.9686666666666668,0.96808841042932,2.8433333333333337
2025,ep_twa-ppa,twa_ppa,adversarial,random_noise_byzantine,19,0.9663333333333334,0.9658345597255404,2.831666666666667
2025,ep_twa-ppa,twa_ppa,adversarial,random_noise_byzantine,20,0.97,0.9694895519387166,2.8499999999999996
2025,ep_twa-ppa,twa_ppa,adversarial,random_noise_byzantine,21,0.9663333333333334,0.9658208838101056,2.831666666666667
2025,ep_twa-ppa,twa_ppa,adversarial,random_noise_byzantine,22,0.9706666666666668,0.970196218294346,2.8533333333333335
2025,ep_twa-ppa,twa_ppa,adversarial,random_noise_byzantine,23,0.9706666666666668,0.9702109276538164,2.8533333333333335
2025,ep_twa-ppa,twa_ppa,adversarial,random_noise_byzantine,24,0.97,0.9694980748669162,2.8499999999999996
2025,ep_twa-ppa,twa_ppa,adversarial,random_noise_byzantine,25,0.9703333333333334,0.9698683790589372,2.8516666666666666
2025,ep_twa-ppa,twa_ppa,adversarial,random_noise_byzantine,26,0.9703333333333334,0.9698474886602054,2.8516666666666666
2025,ep_twa-ppa,twa_ppa,adversarial,random_noise_byzantine,27,0.9703333333333334,0.9698474886602054,2.8516666666666666
2025,ep_twa-ppa,twa_ppa,adversarial,random_noise_byzantine,28,0.97,0.9694850214322388,2.8499999999999996
2025,ep_twa-ppa,twa_ppa,adversarial,random_noise_byzantine,29,0.9703333333333334,0.969840225428762,2.8516666666666666
2025,ep_twa-ppa,twa_ppa,adversarial,random_noise_byzantine,30,0.9703333333333334,0.9698342225010368,2.8516666666666666
2025,ep_0,fedavg,adversarial,model_replacement,1,0.039,0.0187740693196405,-1.805
2025,ep_0,fedavg,adversarial,model_replacement,2,0.006,0.0029860650298606,-1.97
2025,ep_0,fedavg,adversarial,model_replacement,3,0.006,0.0029860650298606,-1.97
2025,ep_0,fedavg,adversarial,model_replacement,4,0.0063333333333333,0.0031509121061359,-1.9683333333333335
2025,ep_0,fedavg,adversarial,model_replacement,5,0.006,0.0029860650298606,-1.97
2025,ep_0,fedavg,adversarial,model_replacement,6,0.006,0.0029860650298606,-1.97
2025,ep_0,fedavg,adversarial,model_replacement,7,0.006,0.0029860650298606,-1.97
2025,ep_0,fedavg,adversarial,model_replacement,8,0.006,0.0029850746268656,-1.97
2025,ep_0,fedavg,adversarial,model_replacement,9,0.25,0.1,-0.75
2025,ep_0,fedavg,adversarial,model_replacement,10,0.25,0.1,-0.75
2025,ep_0,fedavg,adversarial,model_replacement,11,0.25,0.1,-0.75
2025,ep_0,fedavg,adversarial,model_replacement,12,0.25,0.1,-0.75
2025,ep_0,fedavg,adversarial,model_replacement,13,0.25,0.1,-0.75
2025,ep_0,fedavg,adversarial,model_replacement,14,0.25,0.1,-0.75
2025,ep_0,fedavg,adversarial,model_replacement,15,0.25,0.1,-0.75
2025,ep_0,fedavg,adversarial,model_replacement,16,0.25,0.1,-0.75
2025,ep_0,fedavg,adversarial,model_replacement,17,0.25,0.1,-0.75
2025,ep_0,fedavg,adversarial,model_replacement,18,0.25,0.1,-0.75
2025,ep_0,fedavg,adversarial,model_replacement,19,0.25,0.1,-0.75
2025,ep_0,fedavg,adversarial,model_replacement,20,0.25,0.1,-0.75
2025,ep_0,fedavg,adversarial,model_replacement,21,0.25,0.1,-0.75
2025,ep_0,fedavg,adversarial,model_replacement,22,0.25,0.1,-0.75
2025,ep_0,fedavg,adversarial,model_replacement,23,0.25,0.1,-0.75
2025,ep_0,fedavg,adversarial,model_replacement,24,0.25,0.1,-0.75
2025,ep_0,fedavg,adversarial,model_replacement,25,0.25,0.1,-0.75
2025,ep_0,fedavg,adversarial,model_replacement,26,0.25,0.1,-0.75
2025,ep_0,fedavg,adversarial,model_replacement,27,0.25,0.1,-0.75
2025,ep_0,fedavg,adversarial,model_replacement,28,0.25,0.1,-0.75
2025,ep_0,fedavg,adversarial,model_replacement,29,0.25,0.1,-0.75
2025,ep_0,fedavg,adversarial,model_replacement,30,0.25,0.1,-0.75
2025,ep_sdp,static_dp,adversarial,model_replacement,1,0.575,0.4975551295090622,0.875
2025,ep_sdp,static_dp,adversarial,model_replacement,2,0.5703333333333334,0.5087549629719372,0.8516666666666666
2025,ep_sdp,static_dp,adversarial,model_replacement,3,0.749,0.7467884034184447,1.745
2025,ep_sdp,static_dp,adversarial,model_replacement,4,0.6086666666666667,0.5779658796459637,1.0433333333333334
2025,ep_sdp,static_dp,adversarial,model_replacement,5,0.7556666666666667,0.7549493907192297,1.7783333333333333
2025,ep_sdp,static_dp,adversarial,model_replacement,6,0.8263333333333334,0.8259986085378356,2.131666666666667
2025,ep_sdp,static_dp,adversarial,model_replacement,7,0.6776666666666666,0.6740516191831424,1.3883333333333332
2025,ep_sdp,static_dp,adversarial,model_replacement,8,0.716,0.7031091957520078,1.58
2025,ep_sdp,static_dp,adversarial,model_replacement,9,0.8986666666666666,0.8935420624257034,2.493333333333333
2025,ep_sdp,static_dp,adversarial,model_replacement,10,0.944,0.944068183061124,2.7199999999999998
2025,ep_sdp,static_dp,adversarial,model_replacement,11,0.8103333333333333,0.8054881679537838,2.0516666666666667
2025,ep_sdp,static_dp,adversarial,model_replacement,12,0.7443333333333333,0.7265244546811047,1.7216666666666667
2025,ep_sdp,static_dp,adversarial,model_replacement,13,0.7403333333333333,0.7282332777851444,1.7016666666666662
2025,ep_sdp,static_dp,adversarial,model_replacement,14,0.849,0.8468739811730284,2.245
2025,ep_sdp,static_dp,adversarial,model_replacement,15,0.9063333333333332,0.905457372720064,2.5316666666666663
2025,ep_sdp,static_dp,adversarial,model_replacement,16,0.8783333333333333,0.877170424695157,2.3916666666666666
2025,ep_sdp,static_dp,adversarial,model_replacement,17,0.9126666666666666,0.908594133522797,2.5633333333333335
2025,ep_sdp,static_dp,adversarial,model_replacement,18,0.924,0.9203505865194236,2.62
2025,ep_sdp,static_dp,adversarial,model_replacement,19,0.877,0.8751778861463276,2.385
2025,ep_sdp,static_dp,adversarial,model_replacement,20,0.817,0.8049938756314259,2.085
2025,ep_sdp,static_dp,adversarial,model_replacement,21,0.9013333333333332,0.8993137054999083,2.506666666666666
2025,ep_sdp,static_dp,adversarial,model_replacement,22,0.761,0.7589916312077223,1.8050000000000002
2025,ep_sdp,static_dp,adversarial,model_replacement,23,0.764,0.7195733808047137,1.8200000000000003
2025,ep_sdp,static_dp,adversarial,model_replacement,24,0.7296666666666667,0.7300216698597177,1.6483333333333334
2025,ep_sdp,static_dp,adversarial,model_replacement,25,0.7643333333333333,0.7627185872289781,1.8216666666666663
2025,ep_sdp,static_dp,adversarial,model_replacement,26,0.5653333333333334,0.5317555802679019,0.8266666666666667
2025,ep_sdp,static_dp,adversarial,model_replacement,27,0.7073333333333334,0.6316943815095997,1.536666666666667
2025,ep_sdp,static_dp,adversarial,model_replacement,28,0.668,0.6508775362139229,1.3400000000000003
2025,ep_sdp,static_dp,adversarial,model_replacement,29,0.817,0.8057188859924787,2.085
2025,ep_sdp,static_dp,adversarial,model_replacement,30,0.625,0.5470297804711886,1.125
2025,ep_twa,twa,adversarial,model_replacement,1,0.8063333333333333,0.8075458594379276,2.0316666666666663
2025,ep_twa,twa,adversarial,model_replacement,2,0.9023333333333332,0.904838630271034,2.511666666666666
2025,ep_twa,twa,adversarial,model_replacement,3,0.9373333333333334,0.9376188497847509,2.6866666666666665
2025,ep_twa,twa,adversarial,model_replacement,4,0.9536666666666668,0.9537773289592452,2.7683333333333335
2025,ep_twa,twa,adversarial,model_replacement,5,0.9663333333333334,0.9663884423963852,2.831666666666667
2025,ep_twa,twa,adversarial,model_replacement,6,0.978,0.9778424080460209,2.8899999999999997
2025,ep_twa,twa,adversarial,model_replacement,7,0.9746666666666668,0.9743099157979168,2.873333333333334
2025,ep_twa,twa,adversarial,model_replacement,8,0.9686666666666668,0.9681038352795358,2.8433333333333337
2025,ep_twa,twa,adversarial,model_replacement,9,0.966,0.965289653859536,2.83
2025,ep_twa,twa,adversarial,model_replacement,10,0.962,0.9610636150638038,2.8099999999999996
2025,ep_twa,twa,adversarial,model_replacement,11,0.9623333333333334,0.9614163413081654,2.8116666666666665
2025,ep_twa,twa,adversarial,model_replacement,12,0.9626666666666668,0.961775047889414,2.8133333333333344
2025,ep_twa,twa,adversarial,model_replacement,13,0.9676666666666668,0.967026834421572,2.838333333333334
2025,ep_twa,twa,adversarial,model_replacement,14,0.965,0.9644095862773366,2.825
2025,ep_twa,twa,adversarial,model_replacement,15,0.9663333333333334,0.9658084981698608,2.831666666666667
2025,ep_twa,twa,adversarial,model_replacement,16,0.9656666666666668,0.9651670996026092,2.828333333333334
2025,ep_twa,twa,adversarial,model_replacement,17,0.9656666666666668,0.9651215852177678,2.828333333333334
2025,ep_twa,twa,adversarial,model_replacement,18,0.966,0.9655096619615112,2.83
2025,ep_twa,twa,adversarial,model_replacement,19,0.966,0.9655096619615112,2.83
2025,ep_twa,twa,adversarial,model_replacement,20,0.9666666666666668,0.966164119911922,2.833333333333334
2025,ep_twa,twa,adversarial,model_replacement,21,0.967,0.9665418892908104,2.835
2025,ep_twa,twa,adversarial,model_replacement,22,0.965,0.964467115880932,2.825
2025,ep_twa,twa,adversarial,model_replacement,23,0.9666666666666668,0.966207540228199,2.833333333333334
2025,ep_twa,twa,adversarial,model_replacement,24,0.9686666666666668,0.9682479189599098,2.8433333333333337
2025,ep_twa,twa,adversarial,model_replacement,25,0.968,0.9675677060549142,2.84
2025,ep_twa,twa,adversarial,model_replacement,26,0.9713333333333334,0.9710202284178412,2.8566666666666674
2025,ep_twa,twa,adversarial,model_replacement,27,0.974,0.9737882394232584,2.87
2025,ep_twa,twa,adversarial,model_replacement,28,0.9726666666666668,0.972513024583902,2.863333333333334
2025,ep_twa,twa,adversarial,model_replacement,29,0.972,0.971821266054357,2.8599999999999994
2025,ep_twa,twa,adversarial,model_replacement,30,0.9723333333333334,0.9721597222211666,2.8616666666666672
2025,ep_ppa,ppa,adversarial,model_replacement,1,0.0393333333333333,0.0189284568495348,-1.8033333333333335
2025,ep_ppa,ppa,adversarial,model_replacement,2,0.006,0.0029860650298606,-1.97
2025,ep_ppa,ppa,adversarial,model_replacement,3,0.006,0.0029860650298606,-1.97
2025,ep_ppa,ppa,adversarial,model_replacement,4,0.0063333333333333,0.0031509121061359,-1.9683333333333335
2025,ep_ppa,ppa,adversarial,model_replacement,5,0.006,0.0029860650298606,-1.97
2025,ep_ppa,ppa,adversarial,model_replacement,6,0.006,0.0029860650298606,-1.97
2025,ep_ppa,ppa,adversarial,model_replacement,7,0.006,0.0029860650298606,-1.97
2025,ep_ppa,ppa,adversarial,model_replacement,8,0.006,0.0029850746268656,-1.97
2025,ep_ppa,ppa,adversarial,model_replacement,9,0.25,0.1,-0.75
2025,ep_ppa,ppa,adversarial,model_replacement,10,0.25,0.1,-0.75
2025,ep_ppa,ppa,adversarial,model_replacement,11,0.25,0.1,-0.75
2025,ep_ppa,ppa,adversarial,model_replacement,12,0.25,0.1,-0.75
2025,ep_ppa,ppa,adversarial,model_replacement,13,0.25,0.1,-0.75
2025,ep_ppa,ppa,adversarial,model_replacement,14,0.25,0.1,-0.75
2025,ep_ppa,ppa,adversarial,model_replacement,15,0.25,0.1,-0.75
2025,ep_ppa,ppa,adversarial,model_replacement,16,0.25,0.1,-0.75
2025,ep_ppa,ppa,adversarial,model_replacement,17,0.25,0.1,-0.75
2025,ep_ppa,ppa,adversarial,model_replacement,18,0.25,0.1,-0.75
2025,ep_ppa,ppa,adversarial,model_replacement,19,0.25,0.1,-0.75
2025,ep_ppa,ppa,adversarial,model_replacement,20,0.25,0.1,-0.75
2025,ep_ppa,ppa,adversarial,model_replacement,21,0.25,0.1,-0.75
2025,ep_ppa,ppa,adversarial,model_replacement,22,0.25,0.1,-0.75
2025,ep_ppa,ppa,adversarial,model_replacement,23,0.25,0.1,-0.75
2025,ep_ppa,ppa,adversarial,model_replacement,24,0.25,0.1,-0.75
2025,ep_ppa,ppa,adversarial,model_replacement,25,0.25,0.1,-0.75
2025,ep_ppa,ppa,adversarial,model_replacement,26,0.25,0.1,-0.75
2025,ep_ppa,ppa,adversarial,model_replacement,27,0.25,0.1,-0.75
2025,ep_ppa,ppa,adversarial,model_replacement,28,0.25,0.1,-0.75
2025,ep_ppa,ppa,adversarial,model_replacement,29,0.25,0.1,-0.75
2025,ep_ppa,ppa,adversarial,model_replacement,30,0.25,0.1,-0.75
2025,ep_sdp-ppa,sdp_ppa,adversarial,model_replacement,1,0.575,0.4975551295090622,0.875
2025,ep_sdp-ppa,sdp_ppa,adversarial,model_replacement,2,0.5703333333333334,0.5087549629719372,0.8516666666666666
2025,ep_sdp-ppa,sdp_ppa,adversarial,model_replacement,3,0.749,0.7467884034184447,1.745
2025,ep_sdp-ppa,sdp_ppa,adversarial,model_replacement,4,0.6086666666666667,0.5779127514696593,1.0433333333333334
2025,ep_sdp-ppa,sdp_ppa,adversarial,model_replacement,5,0.7556666666666667,0.7549493907192297,1.7783333333333333
2025,ep_sdp-ppa,sdp_ppa,adversarial,model_replacement,6,0.8263333333333334,0.8259668964676417,2.131666666666667
2025,ep_sdp-ppa,sdp_ppa,adversarial,model_replacement,7,0.6776666666666666,0.6740516191831424,1.3883333333333332
2025,ep_sdp-ppa,sdp_ppa,adversarial,model_replacement,8,0.716,0.7031091957520078,1.58
2025,ep_sdp-ppa,sdp_ppa,adversarial,model_replacement,9,0.8986666666666666,0.8934869449972811,2.493333333333333
2025,ep_sdp-ppa,sdp_ppa,adversarial,model_replacement,10,0.944,0.9440813587421054,2.7199999999999998
2025,ep_sdp-ppa,sdp_ppa,adversarial,model_replacement,11,0.8096666666666666,0.8046932033336611,2.048333333333333
2025,ep_sdp-ppa,sdp_ppa,adversarial,model_replacement,12,0.7423333333333333,0.7241151032658204,1.7116666666666664
2025,ep_sdp-ppa,sdp_ppa,adversarial,model_replacement,13,0.741,0.7290472128759488,1.705
2025,ep_sdp-ppa,sdp_ppa,adversarial,model_replacement,14,0.8473333333333334,0.845172692638311,2.2366666666666672
2025,ep_sdp-ppa,sdp_ppa,adversarial,model_replacement,15,0.9053333333333332,0.904419236821458,2.5266666666666664
2025,ep_sdp-ppa,sdp_ppa,adversarial,model_replacement,16,0.875,0.8737773560527953,2.375
2025,ep_sdp-ppa,sdp_ppa,adversarial,model_replacement,17,0.9076666666666666,0.9038060541338008,2.538333333333333
2025,ep_sdp-ppa,sdp_ppa,adversarial,model_replacement,18,0.922,0.9180492948591344,2.6100000000000003
2025,ep_sdp-ppa,sdp_ppa,adversarial,model_replacement,19,0.876,0.8741016963933754,2.38
2025,ep_sdp-ppa,sdp_ppa,adversarial,model_replacement,20,0.8156666666666667,0.8037430622845213,2.078333333333333
2025,ep_sdp-ppa,sdp_ppa,adversarial,model_replacement,21,0.902,0.900027082476695,2.51
2025,ep_sdp-ppa,sdp_ppa,adversarial,model_replacement,22,0.7623333333333333,0.7602470265186043,1.8116666666666665
2025,ep_sdp-ppa,sdp_ppa,adversarial,model_replacement,23,0.7626666666666667,0.718846567820534,1.8133333333333335
2025,ep_sdp-ppa,sdp_ppa,adversarial,model_replacement,24,0.7306666666666667,0.7309507820754685,1.6533333333333333
2025,ep_sdp-ppa,sdp_ppa,adversarial,model_replacement,25,0.7663333333333333,0.7646000138589613,1.8316666666666666
2025,ep_sdp-ppa,sdp_ppa,adversarial,model_replacement,26,0.5673333333333334,0.5342229333643895,0.8366666666666669
2025,ep_sdp-ppa,sdp_ppa,adversarial,model_replacement,27,0.7066666666666667,0.6306718932984179,1.5333333333333332
2025,ep_sdp-ppa,sdp_ppa,adversarial,model_replacement,28,0.6786666666666666,0.6652578892437977,1.393333333333333
2025,ep_sdp-ppa,sdp_ppa,adversarial,model_replacement,29,0.816,0.8045256606742011,2.08
2025,ep_sdp-ppa,sdp_ppa,adversarial,model_replacement,30,0.6363333333333333,0.5549569941549282,1.1816666666666666
2025,ep_twa-ppa,twa_ppa,adversarial,model_replacement,1,0.8063333333333333,0.8075458594379276,2.0316666666666663
2025,ep_twa-ppa,twa_ppa,adversarial,model_replacement,2,0.9023333333333332,0.904838630271034,2.511666666666666
2025,ep_twa-ppa,twa_ppa,adversarial,model_replacement,3,0.9373333333333334,0.9376188497847509,2.6866666666666665
2025,ep_twa-ppa,twa_ppa,adversarial,model_replacement,4,0.9536666666666668,0.9537773289592452,2.7683333333333335
2025,ep_twa-ppa,twa_ppa,adversarial,model_replacement,5,0.9663333333333334,0.9663884423963852,2.831666666666667
2025,ep_twa-ppa,twa_ppa,adversarial,model_replacement,6,0.978,0.9778424080460209,2.8899999999999997
2025,ep_twa-ppa,twa_ppa,adversarial,model_replacement,7,0.9746666666666668,0.9743099157979168,2.873333333333334
2025,ep_twa-ppa,twa_ppa,adversarial,model_replacement,8,0.9686666666666668,0.9681038352795358,2.8433333333333337
2025,ep_twa-ppa,twa_ppa,adversarial,model_replacement,9,0.966,0.965289653859536,2.83
2025,ep_twa-ppa,twa_ppa,adversarial,model_replacement,10,0.962,0.9610636150638038,2.8099999999999996
2025,ep_twa-ppa,twa_ppa,adversarial,model_replacement,11,0.9626666666666668,0.9617678021374236,2.8133333333333344
2025,ep_twa-ppa,twa_ppa,adversarial,model_replacement,12,0.9626666666666668,0.961775047889414,2.8133333333333344
2025,ep_twa-ppa,twa_ppa,adversarial,model_replacement,13,0.9673333333333334,0.9666765691823048,2.836666666666667
2025,ep_twa-ppa,twa_ppa,adversarial,model_replacement,14,0.9653333333333334,0.9647593887586196,2.826666666666667
2025,ep_twa-ppa,twa_ppa,adversarial,model_replacement,15,0.9663333333333334,0.9658084981698608,2.831666666666667
2025,ep_twa-ppa,twa_ppa,adversarial,model_replacement,16,0.9656666666666668,0.9651670996026092,2.828333333333334
2025,ep_twa-ppa,twa_ppa,adversarial,model_replacement,17,0.9656666666666668,0.9651215852177678,2.828333333333334
2025,ep_twa-ppa,twa_ppa,adversarial,model_replacement,18,0.9663333333333334,0.9658593164107954,2.831666666666667
2025,ep_twa-ppa,twa_ppa,adversarial,model_replacement,19,0.9663333333333334,0.9658593164107954,2.831666666666667
2025,ep_twa-ppa,twa_ppa,adversarial,model_replacement,20,0.9663333333333334,0.965814512838736,2.831666666666667
2025,ep_twa-ppa,twa_ppa,adversarial,model_replacement,21,0.967,0.9665418892908104,2.835
2025,ep_twa-ppa,twa_ppa,adversarial,model_replacement,22,0.9653333333333334,0.9648171326924826,2.826666666666667
2025,ep_twa-ppa,twa_ppa,adversarial,model_replacement,23,0.9666666666666668,0.966207540228199,2.833333333333334
2025,ep_twa-ppa,twa_ppa,adversarial,model_replacement,24,0.968,0.9675637152342508,2.84
2025,ep_twa-ppa,twa_ppa,adversarial,model_replacement,25,0.9673333333333334,0.9668832669750154,2.836666666666667
2025,ep_twa-ppa,twa_ppa,adversarial,model_replacement,26,0.971,0.9706731130117432,2.8549999999999995
2025,ep_twa-ppa,twa_ppa,adversarial,model_replacement,27,0.9746666666666668,0.9744492569920816,2.873333333333334
2025,ep_twa-ppa,twa_ppa,adversarial,model_replacement,28,0.972,0.9718295730993024,2.8599999999999994
2025,ep_twa-ppa,twa_ppa,adversarial,model_replacement,29,0.9716666666666668,0.9714827685151062,2.8583333333333343
2025,ep_twa-ppa,twa_ppa,adversarial,model_replacement,30,0.9723333333333334,0.9721662722244024,2.8616666666666672
2025,ep_0,fedavg,adversarial,label_flipping,1,0.8406666666666667,0.837681240337403,2.203333333333333
2025,ep_0,fedavg,adversarial,label_flipping,2,0.9493333333333334,0.9498992283895408,2.746666666666667
2025,ep_0,fedavg,adversarial,label_flipping,3,0.9493333333333334,0.9498075215501712,2.746666666666667
2025,ep_0,fedavg,adversarial,label_flipping,4,0.966,0.9660655614731128,2.83
2025,ep_0,fedavg,adversarial,label_flipping,5,0.9756666666666668,0.9756138209842128,2.878333333333334
2025,ep_0,fedavg,adversarial,label_flipping,6,0.975,0.974773153074711,2.875
2025,ep_0,fedavg,adversarial,label_flipping,7,0.9713333333333334,0.9709843215993256,2.8566666666666674
2025,ep_0,fedavg,adversarial,label_flipping,8,0.9686666666666668,0.9681291021665144,2.8433333333333337
2025,ep_0,fedavg,adversarial,label_flipping,9,0.94,0.9376270295186906,2.6999999999999993
2025,ep_0,fedavg,adversarial,label_flipping,10,0.9473333333333334,0.9458525412971625,2.7366666666666664
2025,ep_0,fedavg,adversarial,label_flipping,11,0.9526666666666668,0.9518186488420164,2.7633333333333336
2025,ep_0,fedavg,adversarial,label_flipping,12,0.9486666666666668,0.9476176768365988,2.743333333333334
2025,ep_0,fedavg,adversarial,label_flipping,13,0.952,0.9511863784786518,2.76
2025,ep_0,fedavg,adversarial,label_flipping,14,0.949,0.9482452367325054,2.745
2025,ep_0,fedavg,adversarial,label_flipping,15,0.9553333333333334,0.9548556394912568,2.7766666666666673
2025,ep_0,fedavg,adversarial,label_flipping,16,0.946,0.9455763689517585,2.7299999999999995
2025,ep_0,fedavg,adversarial,label_flipping,17,0.9533333333333334,0.9526655064115092,2.7666666666666666
2025,ep_0,fedavg,adversarial,label_flipping,18,0.9333333333333332,0.9335963402875324,2.666666666666666
2025,ep_0,fedavg,adversarial,label_flipping,19,0.9336666666666666,0.9339819055101618,2.668333333333333
2025,ep_0,fedavg,adversarial,label_flipping,20,0.9076666666666666,0.9090970015607808,2.538333333333333
2025,ep_0,fedavg,adversarial,label_flipping,21,0.6833333333333333,0.6632951557641782,1.416666666666667
2025,ep_0,fedavg,adversarial,label_flipping,22,0.6546666666666666,0.602172144702507,1.273333333333333
2025,ep_0,fedavg,adversarial,label_flipping,23,0.573,0.5035051944526134,0.8649999999999998
2025,ep_0,fedavg,adversarial,label_flipping,24,0.58,0.5101027802566787,0.8999999999999999
2025,ep_0,fedavg,adversarial,label_flipping,25,0.5246666666666666,0.4702488161614777,0.6233333333333331
2025,ep_0,fedavg,adversarial,label_flipping,26,0.5293333333333333,0.4761479882501765,0.6466666666666665
2025,ep_0,fedavg,adversarial,label_flipping,27,0.5033333333333333,0.4532178459371334,0.5166666666666666
2025,ep_0,fedavg,adversarial,label_flipping,28,0.44,0.3870322481680146,0.20000000000000018
2025,ep_0,fedavg,adversarial,label_flipping,29,0.4216666666666667,0.3726011755446062,0.10833333333333339
2025,ep_0,fedavg,adversarial,label_flipping,30,0.5296666666666666,0.4694744937577539,0.648333333333333
2025,ep_sdp,static_dp,adversarial,label_flipping,1,0.746,0.6922456813129652,1.73
2025,ep_sdp,static_dp,adversarial,label_flipping,2,0.707,0.701389337699714,1.5349999999999997
2025,ep_sdp,static_dp,adversarial,label_flipping,3,0.8793333333333333,0.8807980592825052,2.3966666666666665
2025,ep_sdp,static_dp,adversarial,label_flipping,4,0.8466666666666667,0.8496784162690596,2.2333333333333334
2025,ep_sdp,static_dp,adversarial,label_flipping,5,0.9163333333333332,0.9152181144822328,2.581666666666666
2025,ep_sdp,static_dp,adversarial,label_flipping,6,0.794,0.7948555994991289,1.9700000000000002
2025,ep_sdp,static_dp,adversarial,label_flipping,7,0.8363333333333334,0.8320247103378817,2.1816666666666666
2025,ep_sdp,static_dp,adversarial,label_flipping,8,0.933,0.9311860057580796,2.665
2025,ep_sdp,static_dp,adversarial,label_flipping,9,0.9526666666666668,0.9520815231681824,2.7633333333333336
2025,ep_sdp,static_dp,adversarial,label_flipping,10,0.9483333333333334,0.9485047682675752,2.741666666666667
2025,ep_sdp,static_dp,adversarial,label_flipping,11,0.8336666666666667,0.8258817811599211,2.168333333333333
2025,ep_sdp,static_dp,adversarial,label_flipping,12,0.7646666666666667,0.7433533693608076,1.8233333333333337
2025,ep_sdp,static_dp,adversarial,label_flipping,13,0.7606666666666667,0.7568420148296814,1.8033333333333337
2025,ep_sdp,static_dp,adversarial,label_flipping,14,0.86,0.8583080529742988,2.3
2025,ep_sdp,static_dp,adversarial,label_flipping,15,0.9013333333333332,0.900036381368968,2.506666666666666
2025,ep_sdp,static_dp,adversarial,label_flipping,16,0.8373333333333334,0.8318602884143023,2.1866666666666665
2025,ep_sdp,static_dp,adversarial,label_flipping,17,0.7036666666666667,0.6737745144890528,1.5183333333333335
2025,ep_sdp,static_dp,adversarial,label_flipping,18,0.902,0.896627649155691,2.51
2025,ep_sdp,static_dp,adversarial,label_flipping,19,0.8366666666666667,0.8360608632944277,2.1833333333333336
2025,ep_sdp,static_dp,adversarial,label_flipping,20,0.762,0.7188057752454848,1.81
2025,ep_sdp,static_dp,adversarial,label_flipping,21,0.8706666666666667,0.865906164166365,2.3533333333333335
2025,ep_sdp,static_dp,adversarial,label_flipping,22,0.4683333333333333,0.453416688867845,0.3416666666666668
2025,ep_sdp,static_dp,adversarial,label_flipping,23,0.6873333333333334,0.6410417304625518,1.4366666666666665
2025,ep_sdp,static_dp,adversarial,label_flipping,24,0.6436666666666667,0.6348286446403288,1.2183333333333337
2025,ep_sdp,static_dp,adversarial,label_flipping,25,0.6076666666666667,0.5438927017359518,1.0383333333333336
2025,ep_sdp,static_dp,adversarial,label_flipping,26,0.4966666666666666,0.4776800055182796,0.48333333333333295
2025,ep_sdp,static_dp,adversarial,label_flipping,27,0.667,0.581120610580373,1.335
2025,ep_sdp,static_dp,adversarial,label_flipping,28,0.5983333333333334,0.5187871205262697,0.9916666666666671
2025,ep_sdp,static_dp,adversarial,label_flipping,29,0.692,0.6364494803632746,1.46
2025,ep_sdp,static_dp,adversarial,label_flipping,30,0.5593333333333333,0.4943407764242366,0.7966666666666669
2025,ep_twa,twa,adversarial,label_flipping,1,0.8266666666666667,0.8263237332985603,2.133333333333333
2025,ep_twa,twa,adversarial,label_flipping,2,0.937,0.9375289107093328,2.6850000000000005
2025,ep_twa,twa,adversarial,label_flipping,3,0.95,0.950380007302568,2.75
2025,ep_twa,twa,adversarial,label_flipping,4,0.9543333333333334,0.9544330564593604,2.7716666666666665
2025,ep_twa,twa,adversarial,label_flipping,5,0.971,0.9709880277821484,2.8549999999999995
2025,ep_twa,twa,adversarial,label_flipping,6,0.9756666666666668,0.9754403263330332,2.878333333333334
2025,ep_twa,twa,adversarial,label_flipping,7,0.9743333333333334,0.9740136591529044,2.871666666666667
2025,ep_twa,twa,adversarial,label_flipping,8,0.9696666666666668,0.9691591651069612,2.8483333333333336
2025,ep_twa,twa,adversarial,label_flipping,9,0.9663333333333334,0.9656486571596534,2.831666666666667
2025,ep_twa,twa,adversarial,label_flipping,10,0.9586666666666668,0.957544762486685,2.793333333333334
2025,ep_twa,twa,adversarial,label_flipping,11,0.9586666666666668,0.957545882569424,2.793333333333334
2025,ep_twa,twa,adversarial,label_flipping,12,0.959,0.9579099419803968,2.795
2025,ep_twa,twa,adversarial,label_flipping,13,0.9633333333333334,0.9624866863730926,2.8166666666666664
2025,ep_twa,twa,adversarial,label_flipping,14,0.964,0.963364536251851,2.8200000000000003
2025,ep_twa,twa,adversarial,label_flipping,15,0.965,0.964414895958186,2.825
2025,ep_twa,twa,adversarial,label_flipping,16,0.9633333333333334,0.9627228008440956,2.8166666666666664
2025,ep_twa,twa,adversarial,label_flipping,17,0.9686666666666668,0.9680826475647988,2.8433333333333337
2025,ep_twa,twa,adversarial,label_flipping,18,0.9653333333333334,0.9647786777034736,2.826666666666667
2025,ep_twa,twa,adversarial,label_flipping,19,0.9693333333333334,0.9688444359982415,2.8466666666666667
2025,ep_twa,twa,adversarial,label_flipping,20,0.9696666666666668,0.9691272405693652,2.8483333333333336
2025,ep_twa,twa,adversarial,label_flipping,21,0.9696666666666668,0.9691332552382402,2.8483333333333336
2025,ep_twa,twa,adversarial,label_flipping,22,0.969,0.9684527912100626,2.8449999999999998
2025,ep_twa,twa,adversarial,label_flipping,23,0.9696666666666668,0.9691563843971812,2.8483333333333336
2025,ep_twa,twa,adversarial,label_flipping,24,0.9696666666666668,0.969127467111799,2.8483333333333336
2025,ep_twa,twa,adversarial,label_flipping,25,0.9693333333333334,0.968830070949791,2.8466666666666667
2025,ep_twa,twa,adversarial,label_flipping,26,0.9706666666666668,0.9701646855250232,2.8533333333333335
2025,ep_twa,twa,adversarial,label_flipping,27,0.9723333333333334,0.9719176685346232,2.8616666666666672
2025,ep_twa,twa,adversarial,label_flipping,28,0.9743333333333334,0.9739676438410638,2.871666666666667
2025,ep_twa,twa,adversarial,label_flipping,29,0.9736666666666668,0.9732759291276056,2.868333333333334
2025,ep_twa,twa,adversarial,label_flipping,30,0.9726666666666668,0.9723512654600536,2.863333333333334
2025,ep_ppa,ppa,adversarial,label_flipping,1,0.8406666666666667,0.837681240337403,2.203333333333333
2025,ep_ppa,ppa,adversarial,label_flipping,2,0.9493333333333334,0.9498992283895408,2.746666666666667
2025,ep_ppa,ppa,adversarial,label_flipping,3,0.9493333333333334,0.9498075215501712,2.746666666666667
2025,ep_ppa,ppa,adversarial,label_flipping,4,0.966,0.9660655614731128,2.83
2025,ep_ppa,ppa,adversarial,label_flipping,5,0.9756666666666668,0.9756138209842128,2.878333333333334
2025,ep_ppa,ppa,adversarial,label_flipping,6,0.975,0.974773153074711,2.875
2025,ep_ppa,ppa,adversarial,label_flipping,7,0.9713333333333334,0.9709843215993256,2.8566666666666674
2025,ep_ppa,ppa,adversarial,label_flipping,8,0.9686666666666668,0.9681291021665144,2.8433333333333337
2025,ep_ppa,ppa,adversarial,label_flipping,9,0.94,0.9376270295186906,2.6999999999999993
2025,ep_ppa,ppa,adversarial,label_flipping,10,0.9473333333333334,0.9458525412971625,2.7366666666666664
2025,ep_ppa,ppa,adversarial,label_flipping,11,0.9526666666666668,0.9518186488420164,2.7633333333333336
2025,ep_ppa,ppa,adversarial,label_flipping,12,0.9483333333333334,0.9472697132546825,2.741666666666667
2025,ep_ppa,ppa,adversarial,label_flipping,13,0.952,0.9511863784786518,2.76
2025,ep_ppa,ppa,adversarial,label_flipping,14,0.949,0.9482452367325054,2.745
2025,ep_ppa,ppa,adversarial,label_flipping,15,0.9543333333333334,0.9537942186188716,2.7716666666666665
2025,ep_ppa,ppa,adversarial,label_flipping,16,0.9456666666666668,0.9452347933905988,2.7283333333333335
2025,ep_ppa,ppa,adversarial,label_flipping,17,0.951,0.9502481650897996,2.755
2025,ep_ppa,ppa,adversarial,label_flipping,18,0.931,0.931225841170784,2.6550000000000002
2025,ep_ppa,ppa,adversarial,label_flipping,19,0.9333333333333332,0.9336398018845512,2.666666666666666
2025,ep_ppa,ppa,adversarial,label_flipping,20,0.905,0.9066339915117384,2.5250000000000004
2025,ep_ppa,ppa,adversarial,label_flipping,21,0.65,0.6265591599225347,1.25
2025,ep_ppa,ppa,adversarial,label_flipping,22,0.7083333333333334,0.6589151504074925,1.541666666666667
2025,ep_ppa,ppa,adversarial,label_flipping,23,0.5736666666666667,0.5043308976175803,0.8683333333333332
2025,ep_ppa,ppa,adversarial,label_flipping,24,0.5796666666666667,0.5097679309680033,0.8983333333333334
2025,ep_ppa,ppa,adversarial,label_flipping,25,0.5506666666666666,0.4893964621960608,0.753333333333333
2025,ep_ppa,ppa,adversarial,label_flipping,26,0.5633333333333334,0.5031042131500103,0.8166666666666669
2025,ep_ppa,ppa,adversarial,label_flipping,27,0.5366666666666666,0.4796516957296173,0.6833333333333331
2025,ep_ppa,ppa,adversarial,label_flipping,28,0.446,0.3940492266391351,0.22999999999999998
2025,ep_ppa,ppa,adversarial,label_flipping,29,0.422,0.3728981262841295,0.10999999999999988
2025,ep_ppa,ppa,adversarial,label_flipping,30,0.4763333333333333,0.4236747365020368,0.3816666666666664
2025,ep_sdp-ppa,sdp_ppa,adversarial,label_flipping,1,0.746,0.6922456813129652,1.73
2025,ep_sdp-ppa,sdp_ppa,adversarial,label_flipping,2,0.707,0.701389337699714,1.5349999999999997
2025,ep_sdp-ppa,sdp_ppa,adversarial,label_flipping,3,0.8793333333333333,0.8807980592825052,2.3966666666666665
2025,ep_sdp-ppa,sdp_ppa,adversarial,label_flipping,4,0.8466666666666667,0.8496784162690596,2.2333333333333334
2025,ep_sdp-ppa,sdp_ppa,adversarial,label_flipping,5,0.9163333333333332,0.9152181144822328,2.581666666666666
2025,ep_sdp-ppa,sdp_ppa,adversarial,label_flipping,6,0.794,0.7948555994991289,1.9700000000000002
2025,ep_sdp-ppa,sdp_ppa,adversarial,label_flipping,7,0.836,0.8316523788981667,2.1799999999999997
2025,ep_sdp-ppa,sdp_ppa,adversarial,label_flipping,8,0.933,0.9311860057580796,2.665
2025,ep_sdp-ppa,sdp_ppa,adversarial,label_flipping,9,0.9526666666666668,0.9520815231681824,2.7633333333333336
2025,ep_sdp-ppa,sdp_ppa,adversarial,label_flipping,10,0.9483333333333334,0.9485047682675752,2.741666666666667
2025,ep_sdp-ppa,sdp_ppa,adversarial,label_flipping,11,0.8336666666666667,0.8258817811599211,2.168333333333333
2025,ep_sdp-ppa,sdp_ppa,adversarial,label_flipping,12,0.7646666666666667,0.7432243823124747,1.8233333333333337
2025,ep_sdp-ppa,sdp_ppa,adversarial,label_flipping,13,0.758,0.7544002461164955,1.79
2025,ep_sdp-ppa,sdp_ppa,adversarial,label_flipping,14,0.8593333333333333,0.8575932121206897,2.296666666666667
2025,ep_sdp-ppa,sdp_ppa,adversarial,label_flipping,15,0.9043333333333332,0.903024109327926,2.5216666666666665
2025,ep_sdp-ppa,sdp_ppa,adversarial,label_flipping,16,0.8556666666666667,0.8518376578289292,2.2783333333333333
2025,ep_sdp-ppa,sdp_ppa,adversarial,label_flipping,17,0.7016666666666667,0.6709803309434437,1.5083333333333333
2025,ep_sdp-ppa,sdp_ppa,adversarial,label_flipping,18,0.9033333333333332,0.897931951025698,2.5166666666666657
2025,ep_sdp-ppa,sdp_ppa,adversarial,label_flipping,19,0.8363333333333334,0.8357537299993512,2.1816666666666666
2025,ep_sdp-ppa,sdp_ppa,adversarial,label_flipping,20,0.7676666666666667,0.7279084930285429,1.8383333333333338
2025,ep_sdp-ppa,sdp_ppa,adversarial,label_flipping,21,0.8683333333333333,0.8643402199889485,2.341666666666667
2025,ep_sdp-ppa,sdp_ppa,adversarial,label_flipping,22,0.4646666666666667,0.448831273909384,0.32333333333333325
2025,ep_sdp-ppa,sdp_ppa,adversarial,label_flipping,23,0.688,0.6419370418149049,1.4399999999999995
2025,ep_sdp-ppa,sdp_ppa,adversarial,label_flipping,24,0.65,0.6411103946646468,1.25
2025,ep_sdp-ppa,sdp_ppa,adversarial,label_flipping,25,0.6333333333333333,0.5644587490057149,1.1666666666666665
2025,ep_sdp-ppa,sdp_ppa,adversarial,label_flipping,26,0.4976666666666666,0.4818451694312072,0.48833333333333284
2025,ep_sdp-ppa,sdp_ppa,adversarial,label_flipping,27,0.669,0.5831706762940895,1.3450000000000002
2025,ep_sdp-ppa,sdp_ppa,adversarial,label_flipping,28,0.6006666666666667,0.521628243136409,1.0033333333333334
2025,ep_sdp-ppa,sdp_ppa,adversarial,label_flipping,29,0.693,0.6393217793937618,1.4649999999999999
2025,ep_sdp-ppa,sdp_ppa,adversarial,label_flipping,30,0.572,0.4990215485976789,0.8599999999999999
2025,ep_twa-ppa,twa_ppa,adversarial,label_flipping,1,0.8266666666666667,0.8263237332985603,2.133333333333333
2025,ep_twa-ppa,twa_ppa,adversarial,label_flipping,2,0.937,0.9375289107093328,2.6850000000000005
2025,ep_twa-ppa,twa_ppa,adversarial,label_flipping,3,0.95,0.950380007302568,2.75
2025,ep_twa-ppa,twa_ppa,adversarial,label_flipping,4,0.9543333333333334,0.9544330564593604,2.7716666666666665
2025,ep_twa-ppa,twa_ppa,adversarial,label_flipping,5,0.971,0.9709880277821484,2.8549999999999995
2025,ep_twa-ppa,twa_ppa,adversarial,label_flipping,6,0.9756666666666668,0.9754403263330332,2.878333333333334
2025,ep_twa-ppa,twa_ppa,adversarial,label_flipping,7,0.974,0.9736711623299004,2.87
2025,ep_twa-ppa,twa_ppa,adversarial,label_flipping,8,0.9696666666666668,0.9691591651069612,2.8483333333333336
2025,ep_twa-ppa,twa_ppa,adversarial,label_flipping,9,0.9663333333333334,0.9656486571596534,2.831666666666667
2025,ep_twa-ppa,twa_ppa,adversarial,label_flipping,10,0.9586666666666668,0.957544762486685,2.793333333333334
2025,ep_twa-ppa,twa_ppa,adversarial,label_flipping,11,0.9586666666666668,0.957545882569424,2.793333333333334
2025,ep_twa-ppa,twa_ppa,adversarial,label_flipping,12,0.9586666666666668,0.9575589806109668,2.793333333333334
2025,ep_twa-ppa,twa_ppa,adversarial,label_flipping,13,0.9636666666666668,0.9628389697504282,2.8183333333333342
2025,ep_twa-ppa,twa_ppa,adversarial,label_flipping,14,0.964,0.963364536251851,2.8200000000000003
2025,ep_twa-ppa,twa_ppa,adversarial,label_flipping,15,0.9653333333333334,0.9647649127697362,2.826666666666667
2025,ep_twa-ppa,twa_ppa,adversarial,label_flipping,16,0.9626666666666668,0.9620345379591362,2.8133333333333344
2025,ep_twa-ppa,twa_ppa,adversarial,label_flipping,17,0.9686666666666668,0.9680888636368664,2.8433333333333337
2025,ep_twa-ppa,twa_ppa,adversarial,label_flipping,18,0.9653333333333334,0.9647786777034736,2.826666666666667
2025,ep_twa-ppa,twa_ppa,adversarial,label_flipping,19,0.9693333333333334,0.9688183236665776,2.8466666666666667
2025,ep_twa-ppa,twa_ppa,adversarial,label_flipping,20,0.9696666666666668,0.9691272405693652,2.8483333333333336
2025,ep_twa-ppa,twa_ppa,adversarial,label_flipping,21,0.9696666666666668,0.9691396848756064,2.8483333333333336
2025,ep_twa-ppa,twa_ppa,adversarial,label_flipping,22,0.969,0.9684457459458758,2.8449999999999998
2025,ep_twa-ppa,twa_ppa,adversarial,label_flipping,23,0.9696666666666668,0.9691644900920636,2.8483333333333336
2025,ep_twa-ppa,twa_ppa,adversarial,label_flipping,24,0.9696666666666668,0.9691332552382402,2.8483333333333336
2025,ep_twa-ppa,twa_ppa,adversarial,label_flipping,25,0.9686666666666668,0.9681304727338012,2.8433333333333337
2025,ep_twa-ppa,twa_ppa,adversarial,label_flipping,26,0.9703333333333334,0.9698153361640688,2.8516666666666666
2025,ep_twa-ppa,twa_ppa,adversarial,label_flipping,27,0.9723333333333334,0.9719176685346232,2.8616666666666672
2025,ep_twa-ppa,twa_ppa,adversarial,label_flipping,28,0.9743333333333334,0.9739676438410638,2.871666666666667
2025,ep_twa-ppa,twa_ppa,adversarial,label_flipping,29,0.9743333333333334,0.9739676438410638,2.871666666666667
2025,ep_twa-ppa,twa_ppa,adversarial,label_flipping,30,0.9733333333333334,0.9730380516133784,2.866666666666667
2025,ep_0,fedavg,adversarial,data_poisoning,1,0.805,0.8064223143224252,2.0250000000000004
2025,ep_0,fedavg,adversarial,data_poisoning,2,0.803,0.8047545593126408,2.0150000000000006
2025,ep_0,fedavg,adversarial,data_poisoning,3,0.937,0.9372739884996946,2.6850000000000005
2025,ep_0,fedavg,adversarial,data_poisoning,4,0.9533333333333334,0.9534371980859886,2.7666666666666666
2025,ep_0,fedavg,adversarial,data_poisoning,5,0.9663333333333334,0.9663653251979052,2.831666666666667
2025,ep_0,fedavg,adversarial,data_poisoning,6,0.9736666666666668,0.9732775383671732,2.868333333333334
2025,ep_0,fedavg,adversarial,data_poisoning,7,0.9703333333333334,0.9698306881521128,2.8516666666666666
2025,ep_0,fedavg,adversarial,data_poisoning,8,0.9686666666666668,0.9681044307161636,2.8433333333333337
2025,ep_0,fedavg,adversarial,data_poisoning,9,0.9543333333333334,0.953014710086254,2.7716666666666665
2025,ep_0,fedavg,adversarial,data_poisoning,10,0.9633333333333334,0.962867194972068,2.8166666666666664
2025,ep_0,fedavg,adversarial,data_poisoning,11,0.9663333333333334,0.9658409480008916,2.831666666666667
2025,ep_0,fedavg,adversarial,data_poisoning,12,0.9616666666666668,0.9609743951076144,2.8083333333333336
2025,ep_0,fedavg,adversarial,data_poisoning,13,0.9636666666666668,0.9632473933910044,2.8183333333333342
2025,ep_0,fedavg,adversarial,data_poisoning,14,0.966,0.9656834083757444,2.83
2025,ep_0,fedavg,adversarial,data_poisoning,15,0.965,0.9647440149792832,2.825
2025,ep_0,fedavg,adversarial,data_poisoning,16,0.964,0.9637680275589956,2.8200000000000003
2025,ep_0,fedavg,adversarial,data_poisoning,17,0.9656666666666668,0.9654055581115998,2.828333333333334
2025,ep_0,fedavg,adversarial,data_poisoning,18,0.9326666666666666,0.9326635666195116,2.663333333333333
2025,ep_0,fedavg,adversarial,data_poisoning,19,0.9353333333333332,0.935729281447522,2.676666666666666
2025,ep_0,fedavg,adversarial,data_poisoning,20,0.9286666666666666,0.9295152983034244,2.6433333333333335
2025,ep_0,fedavg,adversarial,data_poisoning,21,0.7086666666666667,0.7017916018413068,1.5433333333333334
2025,ep_0,fedavg,adversarial,data_poisoning,22,0.6506666666666666,0.6329238088288582,1.253333333333333
2025,ep_0,fedavg,adversarial,data_poisoning,23,0.4833333333333333,0.3656687769479733,0.4166666666666665
2025,ep_0,fedavg,adversarial,data_poisoning,24,0.4493333333333333,0.344606950142222,0.2466666666666666
2025,ep_0,fedavg,adversarial,data_poisoning,25,0.358,0.2638815802408971,-0.20999999999999996
2025,ep_0,fedavg,adversarial,data_poisoning,26,0.5396666666666666,0.4956398941505747,0.6983333333333333
2025,ep_0,fedavg,adversarial,data_poisoning,27,0.452,0.3470038568932801,0.26000000000000023
2025,ep_0,fedavg,adversarial,data_poisoning,28,0.4173333333333333,0.3713356442496006,0.08666666666666645
2025,ep_0,fedavg,adversarial,data_poisoning,29,0.465,0.4189798239697396,0.3250000000000002
2025,ep_0,fedavg,adversarial,data_poisoning,30,0.5223333333333333,0.4683764987185301,0.6116666666666664
2025,ep_sdp,static_dp,adversarial,data_poisoning,1,0.7343333333333333,0.7143309295713535,1.6716666666666664
2025,ep_sdp,static_dp,adversarial,data_poisoning,2,0.8226666666666667,0.8293839024776652,2.1133333333333333
2025,ep_sdp,static_dp,adversarial,data_poisoning,3,0.8903333333333333,0.8915205992911645,2.451666666666666
2025,ep_sdp,static_dp,adversarial,data_poisoning,4,0.874,0.8734976907469308,2.37
2025,ep_sdp,static_dp,adversarial,data_poisoning,5,0.9576666666666668,0.9572326329587468,2.788333333333334
2025,ep_sdp,static_dp,adversarial,data_poisoning,6,0.9413333333333334,0.941525867902258,2.706666666666667
2025,ep_sdp,static_dp,adversarial,data_poisoning,7,0.9423333333333334,0.9404739981863202,2.711666666666667
2025,ep_sdp,static_dp,adversarial,data_poisoning,8,0.9653333333333334,0.9648733691967828,2.826666666666667
2025,ep_sdp,static_dp,adversarial,data_poisoning,9,0.9656666666666668,0.9652428742156128,2.828333333333334
2025,ep_sdp,static_dp,adversarial,data_poisoning,10,0.9553333333333334,0.955380956649286,2.7766666666666673
2025,ep_sdp,static_dp,adversarial,data_poisoning,11,0.8433333333333334,0.8371712927106721,2.216666666666667
2025,ep_sdp,static_dp,adversarial,data_poisoning,12,0.7873333333333333,0.7721180228089529,1.9366666666666665
2025,ep_sdp,static_dp,adversarial,data_poisoning,13,0.8076666666666666,0.8047287058828685,2.038333333333333
2025,ep_sdp,static_dp,adversarial,data_poisoning,14,0.883,0.8832794676700723,2.415
2025,ep_sdp,static_dp,adversarial,data_poisoning,15,0.9416666666666668,0.9406818053348804,2.708333333333334
2025,ep_sdp,static_dp,adversarial,data_poisoning,16,0.9226666666666666,0.9207398729715598,2.6133333333333333
2025,ep_sdp,static_dp,adversarial,data_poisoning,17,0.8056666666666666,0.8031641689857695,2.0283333333333333
2025,ep_sdp,static_dp,adversarial,data_poisoning,18,0.9483333333333334,0.9469713393520828,2.741666666666667
2025,ep_sdp,static_dp,adversarial,data_poisoning,19,0.8513333333333334,0.8494573199328301,2.256666666666667
2025,ep_sdp,static_dp,adversarial,data_poisoning,20,0.8083333333333333,0.7923193775058834,2.041666666666667
2025,ep_sdp,static_dp,adversarial,data_poisoning,21,0.905,0.9030370908242016,2.5250000000000004
2025,ep_sdp,static_dp,adversarial,data_poisoning,22,0.51,0.4998223591634547,0.5499999999999998
2025,ep_sdp,static_dp,adversarial,data_poisoning,23,0.7393333333333333,0.6801974555700049,1.6966666666666663
2025,ep_sdp,static_dp,adversarial,data_poisoning,24,0.67,0.6643835204918569,1.35
2025,ep_sdp,static_dp,adversarial,data_poisoning,25,0.734,0.728263254586528,1.67
2025,ep_sdp,static_dp,adversarial,data_poisoning,26,0.6763333333333333,0.6373271253209789,1.3816666666666668
2025,ep_sdp,static_dp,adversarial,data_poisoning,27,0.673,0.5849201287998718,1.3650000000000002
2025,ep_sdp,static_dp,adversarial,data_poisoning,28,0.6153333333333333,0.5320927503979425,1.0766666666666662
2025,ep_sdp,static_dp,adversarial,data_poisoning,29,0.712,0.6640018844849955,1.5599999999999996
2025,ep_sdp,static_dp,adversarial,data_poisoning,30,0.5896666666666667,0.5138675492319752,0.9483333333333333
2025,ep_twa,twa,adversarial,data_poisoning,1,0.803,0.8045912975998463,2.0150000000000006
2025,ep_twa,twa,adversarial,data_poisoning,2,0.803,0.8047545593126408,2.0150000000000006
2025,ep_twa,twa,adversarial,data_poisoning,3,0.937,0.9372739884996946,2.6850000000000005
2025,ep_twa,twa,adversarial,data_poisoning,4,0.9526666666666668,0.9527645721925242,2.7633333333333336
2025,ep_twa,twa,adversarial,data_poisoning,5,0.9663333333333334,0.9663653251979052,2.831666666666667
2025,ep_twa,twa,adversarial,data_poisoning,6,0.972,0.9715506098029112,2.8599999999999994
2025,ep_twa,twa,adversarial,data_poisoning,7,0.97,0.9694855987703676,2.8499999999999996
2025,ep_twa,twa,adversarial,data_poisoning,8,0.9686666666666668,0.9681044307161636,2.8433333333333337
2025,ep_twa,twa,adversarial,data_poisoning,9,0.966,0.9652878387495912,2.83
2025,ep_twa,twa,adversarial,data_poisoning,10,0.9616666666666668,0.9607122102728236,2.8083333333333336
2025,ep_twa,twa,adversarial,data_poisoning,11,0.9606666666666668,0.9596579129947628,2.8033333333333337
2025,ep_twa,twa,adversarial,data_poisoning,12,0.962,0.9610622047273224,2.8099999999999996
2025,ep_twa,twa,adversarial,data_poisoning,13,0.9653333333333334,0.9645827842989778,2.826666666666667
2025,ep_twa,twa,adversarial,data_poisoning,14,0.967,0.9663292622111276,2.835
2025,ep_twa,twa,adversarial,data_poisoning,15,0.9673333333333334,0.9666913513876032,2.836666666666667
2025,ep_twa,twa,adversarial,data_poisoning,16,0.9686666666666668,0.9681012320824508,2.8433333333333337
2025,ep_twa,twa,adversarial,data_poisoning,17,0.9683333333333334,0.9677438818966454,2.841666666666667
2025,ep_twa,twa,adversarial,data_poisoning,18,0.969,0.9684519106962852,2.8449999999999998
2025,ep_twa,twa,adversarial,data_poisoning,19,0.9703333333333334,0.9698466425147112,2.8516666666666666
2025,ep_twa,twa,adversarial,data_poisoning,20,0.9703333333333334,0.969840225428762,2.8516666666666666
2025,ep_twa,twa,adversarial,data_poisoning,21,0.97,0.9695036332886036,2.8499999999999996
2025,ep_twa,twa,adversarial,data_poisoning,22,0.9676666666666668,0.9670479897887068,2.838333333333334
2025,ep_twa,twa,adversarial,data_poisoning,23,0.9696666666666668,0.9691531103084992,2.8483333333333336
2025,ep_twa,twa,adversarial,data_poisoning,24,0.969,0.9684465490520374,2.8449999999999998
2025,ep_twa,twa,adversarial,data_poisoning,25,0.969,0.9684465490520374,2.8449999999999998
2025,ep_twa,twa,adversarial,data_poisoning,26,0.9686666666666668,0.9680964957593972,2.8433333333333337
2025,ep_twa,twa,adversarial,data_poisoning,27,0.9696666666666668,0.9691344984521348,2.8483333333333336
2025,ep_twa,twa,adversarial,data_poisoning,28,0.97,0.9694559615258506,2.8499999999999996
2025,ep_twa,twa,adversarial,data_poisoning,29,0.968,0.9673812987901008,2.84
2025,ep_twa,twa,adversarial,data_poisoning,30,0.9693333333333334,0.9687669361192662,2.8466666666666667
2025,ep_ppa,ppa,adversarial,data_poisoning,1,0.805,0.8064223143224252,2.0250000000000004
2025,ep_ppa,ppa,adversarial,data_poisoning,2,0.803,0.8047545593126408,2.0150000000000006
2025,ep_ppa,ppa,adversarial,data_poisoning,3,0.937,0.9372739884996946,2.6850000000000005
2025,ep_ppa,ppa,adversarial,data_poisoning,4,0.953,0.9530995927370732,2.7649999999999997
2025,ep_ppa,ppa,adversarial,data_poisoning,5,0.9663333333333334,0.9663653251979052,2.831666666666667
2025,ep_ppa,ppa,adversarial,data_poisoning,6,0.9736666666666668,0.9732775383671732,2.868333333333334
2025,ep_ppa,ppa,adversarial,data_poisoning,7,0.9703333333333334,0.9698306881521128,2.8516666666666666
2025,ep_ppa,ppa,adversarial,data_poisoning,8,0.9686666666666668,0.9681044307161636,2.8433333333333337
2025,ep_ppa,ppa,adversarial,data_poisoning,9,0.9543333333333334,0.953014710086254,2.7716666666666665
2025,ep_ppa,ppa,adversarial,data_poisoning,10,0.9636666666666668,0.9632140199918708,2.8183333333333342
2025,ep_ppa,ppa,adversarial,data_poisoning,11,0.9666666666666668,0.9661882850272242,2.833333333333334
2025,ep_ppa,ppa,adversarial,data_poisoning,12,0.9613333333333334,0.9606233435354008,2.8066666666666666
2025,ep_ppa,ppa,adversarial,data_poisoning,13,0.964,0.9635945939614274,2.8200000000000003
2025,ep_ppa,ppa,adversarial,data_poisoning,14,0.9666666666666668,0.9663775885373548,2.833333333333334
2025,ep_ppa,ppa,adversarial,data_poisoning,15,0.965,0.9647440149792832,2.825
2025,ep_ppa,ppa,adversarial,data_poisoning,16,0.964,0.9637680275589956,2.8200000000000003
2025,ep_ppa,ppa,adversarial,data_poisoning,17,0.9663333333333334,0.9660852415931368,2.831666666666667
2025,ep_ppa,ppa,adversarial,data_poisoning,18,0.9333333333333332,0.9333099501127906,2.666666666666666
2025,ep_ppa,ppa,adversarial,data_poisoning,19,0.9383333333333334,0.938610031141709,2.6916666666666664
2025,ep_ppa,ppa,adversarial,data_poisoning,20,0.929,0.929848412682028,2.6450000000000005
2025,ep_ppa,ppa,adversarial,data_poisoning,21,0.7453333333333333,0.7389522714133613,1.7266666666666666
2025,ep_ppa,ppa,adversarial,data_poisoning,22,0.6816666666666666,0.6710455949822536,1.4083333333333332
2025,ep_ppa,ppa,adversarial,data_poisoning,23,0.4883333333333333,0.3698036422147602,0.44166666666666643
2025,ep_ppa,ppa,adversarial,data_poisoning,24,0.456,0.351725213340845,0.28000000000000025
2025,ep_ppa,ppa,adversarial,data_poisoning,25,0.3656666666666666,0.2719688778044956,-0.17166666666666708
2025,ep_ppa,ppa,adversarial,data_poisoning,26,0.5443333333333333,0.5005295542703964,0.7216666666666667
2025,ep_ppa,ppa,adversarial,data_poisoning,27,0.452,0.3470038568932801,0.26000000000000023
2025,ep_ppa,ppa,adversarial,data_poisoning,28,0.4293333333333333,0.3858285885357844,0.1466666666666665
2025,ep_ppa,ppa,adversarial,data_poisoning,29,0.515,0.4611253597779115,0.5750000000000002
2025,ep_ppa,ppa,adversarial,data_poisoning,30,0.5303333333333333,0.4739833381433884,0.6516666666666664
2025,ep_sdp-ppa,sdp_ppa,adversarial,data_poisoning,1,0.7343333333333333,0.7143309295713535,1.6716666666666664
2025,ep_sdp-ppa,sdp_ppa,adversarial,data_poisoning,2,0.8226666666666667,0.8293839024776652,2.1133333333333333
2025,ep_sdp-ppa,sdp_ppa,adversarial,data_poisoning,3,0.8903333333333333,0.8915205992911645,2.451666666666666
2025,ep_sdp-ppa,sdp_ppa,adversarial,data_poisoning,4,0.874,0.8734976907469308,2.37
2025,ep_sdp-ppa,sdp_ppa,adversarial,data_poisoning,5,0.9576666666666668,0.9572326329587468,2.788333333333334
2025,ep_sdp-ppa,sdp_ppa,adversarial,data_poisoning,6,0.9413333333333334,0.941525867902258,2.706666666666667
2025,ep_sdp-ppa,sdp_ppa,adversarial,data_poisoning,7,0.9423333333333334,0.9404739981863202,2.711666666666667
2025,ep_sdp-ppa,sdp_ppa,adversarial,data_poisoning,8,0.9653333333333334,0.9648733691967828,2.826666666666667
2025,ep_sdp-ppa,sdp_ppa,adversarial,data_poisoning,9,0.9656666666666668,0.9652428742156128,2.828333333333334
2025,ep_sdp-ppa,sdp_ppa,adversarial,data_poisoning,10,0.9553333333333334,0.955380956649286,2.7766666666666673
2025,ep_sdp-ppa,sdp_ppa,adversarial,data_poisoning,11,0.8436666666666667,0.8374272473204174,2.2183333333333337
2025,ep_sdp-ppa,sdp_ppa,adversarial,data_poisoning,12,0.787,0.7715303362478516,1.935
2025,ep_sdp-ppa,sdp_ppa,adversarial,data_poisoning,13,0.8083333333333333,0.8053632422982026,2.041666666666667
2025,ep_sdp-ppa,sdp_ppa,adversarial,data_poisoning,14,0.883,0.8831592319821095,2.415
2025,ep_sdp-ppa,sdp_ppa,adversarial,data_poisoning,15,0.9413333333333334,0.9403275142359409,2.706666666666667
2025,ep_sdp-ppa,sdp_ppa,adversarial,data_poisoning,16,0.9223333333333332,0.920358275218664,2.6116666666666664
2025,ep_sdp-ppa,sdp_ppa,adversarial,data_poisoning,17,0.8113333333333334,0.8093278774666786,2.0566666666666666
2025,ep_sdp-ppa,sdp_ppa,adversarial,data_poisoning,18,0.949,0.947676967777826,2.745
2025,ep_sdp-ppa,sdp_ppa,adversarial,data_poisoning,19,0.8626666666666667,0.8616611532767072,2.3133333333333335
2025,ep_sdp-ppa,sdp_ppa,adversarial,data_poisoning,20,0.8093333333333333,0.7934248085914437,2.046666666666667
2025,ep_sdp-ppa,sdp_ppa,adversarial,data_poisoning,21,0.903,0.9010293424331968,2.5150000000000006
2025,ep_sdp-ppa,sdp_ppa,adversarial,data_poisoning,22,0.5326666666666666,0.5262478502822184,0.6633333333333331
2025,ep_sdp-ppa,sdp_ppa,adversarial,data_poisoning,23,0.739,0.6786380476051267,1.6949999999999998
2025,ep_sdp-ppa,sdp_ppa,adversarial,data_poisoning,24,0.6746666666666666,0.6695277931697188,1.373333333333333
2025,ep_sdp-ppa,sdp_ppa,adversarial,data_poisoning,25,0.727,0.7199239020310257,1.6349999999999998
2025,ep_sdp-ppa,sdp_ppa,adversarial,data_poisoning,26,0.6776666666666666,0.6392502963801149,1.3883333333333332
2025,ep_sdp-ppa,sdp_ppa,adversarial,data_poisoning,27,0.6723333333333333,0.5839583643750563,1.3616666666666668
2025,ep_sdp-ppa,sdp_ppa,adversarial,data_poisoning,28,0.6056666666666667,0.5229214715064978,1.0283333333333333
2025,ep_sdp-ppa,sdp_ppa,adversarial,data_poisoning,29,0.7146666666666667,0.6704679920835103,1.5733333333333333
2025,ep_sdp-ppa,sdp_ppa,adversarial,data_poisoning,30,0.5803333333333334,0.5042077084059993,0.9016666666666668
2025,ep_twa-ppa,twa_ppa,adversarial,data_poisoning,1,0.803,0.8045912975998463,2.0150000000000006
2025,ep_twa-ppa,twa_ppa,adversarial,data_poisoning,2,0.803,0.8047545593126408,2.0150000000000006
2025,ep_twa-ppa,twa_ppa,adversarial,data_poisoning,3,0.937,0.9372739884996946,2.6850000000000005
2025,ep_twa-ppa,twa_ppa,adversarial,data_poisoning,4,0.9526666666666668,0.9527645721925242,2.7633333333333336
2025,ep_twa-ppa,twa_ppa,adversarial,data_poisoning,5,0.9663333333333334,0.9663653251979052,2.831666666666667
2025,ep_twa-ppa,twa_ppa,adversarial,data_poisoning,6,0.972,0.9715506098029112,2.8599999999999994
2025,ep_twa-ppa,twa_ppa,adversarial,data_poisoning,7,0.97,0.9694855987703676,2.8499999999999996
2025,ep_twa-ppa,twa_ppa,adversarial,data_poisoning,8,0.9686666666666668,0.9681044307161636,2.8433333333333337
2025,ep_twa-ppa,twa_ppa,adversarial,data_poisoning,9,0.966,0.9652878387495912,2.83
2025,ep_twa-ppa,twa_ppa,adversarial,data_poisoning,10,0.9616666666666668,0.9607122102728236,2.8083333333333336
2025,ep_twa-ppa,twa_ppa,adversarial,data_poisoning,11,0.9603333333333334,0.9593065740415294,2.8016666666666667
2025,ep_twa-ppa,twa_ppa,adversarial,data_poisoning,12,0.962,0.9610644141163558,2.8099999999999996
2025,ep_twa-ppa,twa_ppa,adversarial,data_poisoning,13,0.965,0.9642312490494458,2.825
2025,ep_twa-ppa,twa_ppa,adversarial,data_poisoning,14,0.967,0.9663292622111276,2.835
2025,ep_twa-ppa,twa_ppa,adversarial,data_poisoning,15,0.9673333333333334,0.9666913513876032,2.836666666666667
2025,ep_twa-ppa,twa_ppa,adversarial,data_poisoning,16,0.9683333333333334,0.9677502730657348,2.841666666666667
2025,ep_twa-ppa,twa_ppa,adversarial,data_poisoning,17,0.9686666666666668,0.9680946143709273,2.8433333333333337
2025,ep_twa-ppa,twa_ppa,adversarial,data_poisoning,18,0.969,0.9684519106962852,2.8449999999999998
2025,ep_twa-ppa,twa_ppa,adversarial,data_poisoning,19,0.9703333333333334,0.9698466425147112,2.8516666666666666
2025,ep_twa-ppa,twa_ppa,adversarial,data_poisoning,20,0.9703333333333334,0.969840225428762,2.8516666666666666
2025,ep_twa-ppa,twa_ppa,adversarial,data_poisoning,21,0.97,0.9695036332886036,2.8499999999999996
2025,ep_twa-ppa,twa_ppa,adversarial,data_poisoning,22,0.9676666666666668,0.9670479897887068,2.838333333333334
2025,ep_twa-ppa,twa_ppa,adversarial,data_poisoning,23,0.9686666666666668,0.9681012320824508,2.8433333333333337
2025,ep_twa-ppa,twa_ppa,adversarial,data_poisoning,24,0.9686666666666668,0.9681016336322296,2.8433333333333337
2025,ep_twa-ppa,twa_ppa,adversarial,data_poisoning,25,0.9686666666666668,0.9680954417895395,2.8433333333333337
2025,ep_twa-ppa,twa_ppa,adversarial,data_poisoning,26,0.9686666666666668,0.9680964957593972,2.8433333333333337
2025,ep_twa-ppa,twa_ppa,adversarial,data_poisoning,27,0.9696666666666668,0.9691413452813342,2.8483333333333336
2025,ep_twa-ppa,twa_ppa,adversarial,data_poisoning,28,0.9696666666666668,0.9691220538537924,2.8483333333333336
2025,ep_twa-ppa,twa_ppa,adversarial,data_poisoning,29,0.9673333333333334,0.9666847082329928,2.836666666666667
2025,ep_twa-ppa,twa_ppa,adversarial,data_poisoning,30,0.9683333333333334,0.9677322993839458,2.841666666666667
2025,ep_0,fedavg,adversarial,reward_poisoning,1,0.8096666666666666,0.8106616307533289,2.048333333333333
2025,ep_0,fedavg,adversarial,reward_poisoning,2,0.8053333333333333,0.8068736783004662,2.0266666666666664
2025,ep_0,fedavg,adversarial,reward_poisoning,3,0.9396666666666668,0.9399754322112436,2.698333333333334
2025,ep_0,fedavg,adversarial,reward_poisoning,4,0.955,0.9551150241398813,2.7749999999999995
2025,ep_0,fedavg,adversarial,reward_poisoning,5,0.9676666666666668,0.9677146728944096,2.838333333333334
2025,ep_0,fedavg,adversarial,reward_poisoning,6,0.9766666666666668,0.9764619065333842,2.8833333333333337
2025,ep_0,fedavg,adversarial,reward_poisoning,7,0.9736666666666668,0.9733835552544958,2.868333333333334
2025,ep_0,fedavg,adversarial,reward_poisoning,8,0.9693333333333334,0.9688397146012572,2.8466666666666667
2025,ep_0,fedavg,adversarial,reward_poisoning,9,0.9533333333333334,0.9519530273308195,2.7666666666666666
2025,ep_0,fedavg,adversarial,reward_poisoning,10,0.9613333333333334,0.9607873312158708,2.8066666666666666
2025,ep_0,fedavg,adversarial,reward_poisoning,11,0.9656666666666668,0.9652939861920332,2.828333333333334
2025,ep_0,fedavg,adversarial,reward_poisoning,12,0.9623333333333334,0.961682560446988,2.8116666666666665
2025,ep_0,fedavg,adversarial,reward_poisoning,13,0.967,0.9667103956860772,2.835
2025,ep_0,fedavg,adversarial,reward_poisoning,14,0.968,0.9677616138921664,2.84
2025,ep_0,fedavg,adversarial,reward_poisoning,15,0.967,0.9668031177994796,2.835
2025,ep_0,fedavg,adversarial,reward_poisoning,16,0.9623333333333334,0.9622340760424324,2.8116666666666665
2025,ep_0,fedavg,adversarial,reward_poisoning,17,0.968,0.9677991666468232,2.84
2025,ep_0,fedavg,adversarial,reward_poisoning,18,0.9233333333333332,0.9240889786726588,2.6166666666666663
2025,ep_0,fedavg,adversarial,reward_poisoning,19,0.9296666666666666,0.9305592622717094,2.6483333333333334
2025,ep_0,fedavg,adversarial,reward_poisoning,20,0.8746666666666667,0.8775228687517161,2.373333333333333
2025,ep_0,fedavg,adversarial,reward_poisoning,21,0.685,0.6745511974221714,1.4250000000000003
2025,ep_0,fedavg,adversarial,reward_poisoning,22,0.594,0.5413711665628694,0.9699999999999998
2025,ep_0,fedavg,adversarial,reward_poisoning,23,0.49,0.3687935379184542,0.4500000000000002
2025,ep_0,fedavg,adversarial,reward_poisoning,24,0.452,0.3432322203887699,0.26000000000000023
2025,ep_0,fedavg,adversarial,reward_poisoning,25,0.3336666666666666,0.2341621203017101,-0.331666666666667
2025,ep_0,fedavg,adversarial,reward_poisoning,26,0.4536666666666666,0.349989653595924,0.2683333333333331
2025,ep_0,fedavg,adversarial,reward_poisoning,27,0.4513333333333333,0.3455446320804716,0.2566666666666664
2025,ep_0,fedavg,adversarial,reward_poisoning,28,0.3936666666666666,0.3297340788713203,-0.031666666666666954
2025,ep_0,fedavg,adversarial,reward_poisoning,29,0.377,0.3121889150251922,-0.11499999999999999
2025,ep_0,fedavg,adversarial,reward_poisoning,30,0.54,0.4830025015362664,0.7000000000000002
2025,ep_sdp,static_dp,adversarial,reward_poisoning,1,0.7003333333333334,0.6882252263664657,1.501666666666667
2025,ep_sdp,static_dp,adversarial,reward_poisoning,2,0.827,0.8332075138115841,2.135
2025,ep_sdp,static_dp,adversarial,reward_poisoning,3,0.8896666666666667,0.8909549841094297,2.4483333333333333
2025,ep_sdp,static_dp,adversarial,reward_poisoning,4,0.875,0.8743666192998472,2.375
2025,ep_sdp,static_dp,adversarial,reward_poisoning,5,0.9606666666666668,0.960366031745274,2.8033333333333337
2025,ep_sdp,static_dp,adversarial,reward_poisoning,6,0.9473333333333334,0.9476181659038287,2.7366666666666664
2025,ep_sdp,static_dp,adversarial,reward_poisoning,7,0.9516666666666668,0.950585709696447,2.7583333333333337
2025,ep_sdp,static_dp,adversarial,reward_poisoning,8,0.9663333333333334,0.9659237069610408,2.831666666666667
2025,ep_sdp,static_dp,adversarial,reward_poisoning,9,0.969,0.9686777253250832,2.8449999999999998
2025,ep_sdp,static_dp,adversarial,reward_poisoning,10,0.955,0.9550694059604894,2.7749999999999995
2025,ep_sdp,static_dp,adversarial,reward_poisoning,11,0.8446666666666667,0.8383437221281831,2.2233333333333336
2025,ep_sdp,static_dp,adversarial,reward_poisoning,12,0.7826666666666666,0.764486531457984,1.913333333333333
2025,ep_sdp,static_dp,adversarial,reward_poisoning,13,0.796,0.7932594238834882,1.9800000000000004
2025,ep_sdp,static_dp,adversarial,reward_poisoning,14,0.871,0.870979795302592,2.3550000000000004
2025,ep_sdp,static_dp,adversarial,reward_poisoning,15,0.9473333333333334,0.9460903333499712,2.7366666666666664
2025,ep_sdp,static_dp,adversarial,reward_poisoning,16,0.904,0.9029782395265118,2.5200000000000005
2025,ep_sdp,static_dp,adversarial,reward_poisoning,17,0.7906666666666666,0.7861485068792182,1.9533333333333331
2025,ep_sdp,static_dp,adversarial,reward_poisoning,18,0.9386666666666666,0.9366564217999211,2.6933333333333334
2025,ep_sdp,static_dp,adversarial,reward_poisoning,19,0.8506666666666667,0.8496743357056891,2.253333333333334
2025,ep_sdp,static_dp,adversarial,reward_poisoning,20,0.7703333333333333,0.7317175113781385,1.8516666666666666
2025,ep_sdp,static_dp,adversarial,reward_poisoning,21,0.8913333333333333,0.8908856800569476,2.456666666666667
2025,ep_sdp,static_dp,adversarial,reward_poisoning,22,0.4213333333333333,0.3794278991704265,0.10666666666666647
2025,ep_sdp,static_dp,adversarial,reward_poisoning,23,0.7093333333333334,0.6644377309566074,1.5466666666666669
2025,ep_sdp,static_dp,adversarial,reward_poisoning,24,0.6786666666666666,0.6754764599656309,1.393333333333333
2025,ep_sdp,static_dp,adversarial,reward_poisoning,25,0.7496666666666667,0.7469829596672377,1.7483333333333335
2025,ep_sdp,static_dp,adversarial,reward_poisoning,26,0.715,0.6924438917361735,1.5749999999999997
2025,ep_sdp,static_dp,adversarial,reward_poisoning,27,0.6796666666666666,0.5903055502113383,1.3983333333333334
2025,ep_sdp,static_dp,adversarial,reward_poisoning,28,0.6003333333333334,0.5188675246389167,1.001666666666667
2025,ep_sdp,static_dp,adversarial,reward_poisoning,29,0.7126666666666667,0.6678016044682443,1.5633333333333335
2025,ep_sdp,static_dp,adversarial,reward_poisoning,30,0.5496666666666666,0.4800833662729449,0.7483333333333331
2025,ep_twa,twa,adversarial,reward_poisoning,1,0.7846666666666666,0.7814038112317596,1.923333333333333
2025,ep_twa,twa,adversarial,reward_poisoning,2,0.8053333333333333,0.8069606450707317,2.0266666666666664
2025,ep_twa,twa,adversarial,reward_poisoning,3,0.9406666666666668,0.940987886873152,2.703333333333334
2025,ep_twa,twa,adversarial,reward_poisoning,4,0.9513333333333334,0.951697520186261,2.756666666666667
2025,ep_twa,twa,adversarial,reward_poisoning,5,0.9683333333333334,0.9683770499284804,2.841666666666667
2025,ep_twa,twa,adversarial,reward_poisoning,6,0.9763333333333334,0.9761203430276624,2.881666666666667
2025,ep_twa,twa,adversarial,reward_poisoning,7,0.9743333333333334,0.9740692607105048,2.871666666666667
2025,ep_twa,twa,adversarial,reward_poisoning,8,0.9673333333333334,0.9668437282573248,2.836666666666667
2025,ep_twa,twa,adversarial,reward_poisoning,9,0.9666666666666668,0.9660232321441032,2.833333333333334
2025,ep_twa,twa,adversarial,reward_poisoning,10,0.9616666666666668,0.9607122102728236,2.8083333333333336
2025,ep_twa,twa,adversarial,reward_poisoning,11,0.9606666666666668,0.959658694624656,2.8033333333333337
2025,ep_twa,twa,adversarial,reward_poisoning,12,0.9623333333333334,0.9614181442279888,2.8116666666666665
2025,ep_twa,twa,adversarial,reward_poisoning,13,0.966,0.9652871630826948,2.83
2025,ep_twa,twa,adversarial,reward_poisoning,14,0.9673333333333334,0.9666860113910632,2.836666666666667
2025,ep_twa,twa,adversarial,reward_poisoning,15,0.965,0.9644206213724946,2.825
2025,ep_twa,twa,adversarial,reward_poisoning,16,0.9693333333333334,0.9688025364412668,2.8466666666666667
2025,ep_twa,twa,adversarial,reward_poisoning,17,0.9676666666666668,0.9670482164538188,2.838333333333334
2025,ep_twa,twa,adversarial,reward_poisoning,18,0.9703333333333334,0.9698462370802592,2.8516666666666666
2025,ep_twa,twa,adversarial,reward_poisoning,19,0.9693333333333334,0.9688095679563554,2.8466666666666667
2025,ep_twa,twa,adversarial,reward_poisoning,20,0.9706666666666668,0.9701960150898769,2.8533333333333335
2025,ep_twa,twa,adversarial,reward_poisoning,21,0.9696666666666668,0.9691531343723612,2.8483333333333336
2025,ep_twa,twa,adversarial,reward_poisoning,22,0.9676666666666668,0.9670550344036088,2.838333333333334
2025,ep_twa,twa,adversarial,reward_poisoning,23,0.9683333333333334,0.9677575311232572,2.841666666666667
2025,ep_twa,twa,adversarial,reward_poisoning,24,0.969,0.9684521371149653,2.8449999999999998
2025,ep_twa,twa,adversarial,reward_poisoning,25,0.9676666666666668,0.9670571932589604,2.838333333333334
2025,ep_twa,twa,adversarial,reward_poisoning,26,0.968,0.9674060904216796,2.84
2025,ep_twa,twa,adversarial,reward_poisoning,27,0.9696666666666668,0.9691601418235878,2.8483333333333336
2025,ep_twa,twa,adversarial,reward_poisoning,28,0.9686666666666668,0.968091022492218,2.8433333333333337
2025,ep_twa,twa,adversarial,reward_poisoning,29,0.9636666666666668,0.962849158791692,2.8183333333333342
2025,ep_twa,twa,adversarial,reward_poisoning,30,0.965,0.96428156039739,2.825
2025,ep_ppa,ppa,adversarial,reward_poisoning,1,0.8096666666666666,0.8106616307533289,2.048333333333333
2025,ep_ppa,ppa,adversarial,reward_poisoning,2,0.8053333333333333,0.8068736783004662,2.0266666666666664
2025,ep_ppa,ppa,adversarial,reward_poisoning,3,0.9396666666666668,0.9399754322112436,2.698333333333334
2025,ep_ppa,ppa,adversarial,reward_poisoning,4,0.955,0.9551150241398813,2.7749999999999995
2025,ep_ppa,ppa,adversarial,reward_poisoning,5,0.9676666666666668,0.9677146728944096,2.838333333333334
2025,ep_ppa,ppa,adversarial,reward_poisoning,6,0.9766666666666668,0.9764619065333842,2.8833333333333337
2025,ep_ppa,ppa,adversarial,reward_poisoning,7,0.974,0.973725911788565,2.87
2025,ep_ppa,ppa,adversarial,reward_poisoning,8,0.9693333333333334,0.9688397146012572,2.8466666666666667
2025,ep_ppa,ppa,adversarial,reward_poisoning,9,0.9533333333333334,0.9519530273308195,2.7666666666666666
2025,ep_ppa,ppa,adversarial,reward_poisoning,10,0.9613333333333334,0.9607873312158708,2.8066666666666666
2025,ep_ppa,ppa,adversarial,reward_poisoning,11,0.966,0.9656404921973936,2.83
2025,ep_ppa,ppa,adversarial,reward_poisoning,12,0.9623333333333334,0.961682560446988,2.8116666666666665
2025,ep_ppa,ppa,adversarial,reward_poisoning,13,0.966,0.9656724115204623,2.83
2025,ep_ppa,ppa,adversarial,reward_poisoning,14,0.9676666666666668,0.967422549070574,2.838333333333334
2025,ep_ppa,ppa,adversarial,reward_poisoning,15,0.9666666666666668,0.9664577799602194,2.833333333333334
2025,ep_ppa,ppa,adversarial,reward_poisoning,16,0.9623333333333334,0.9622340760424324,2.8116666666666665
2025,ep_ppa,ppa,adversarial,reward_poisoning,17,0.9673333333333334,0.9671108239356728,2.836666666666667
2025,ep_ppa,ppa,adversarial,reward_poisoning,18,0.923,0.9237515835539452,2.615
2025,ep_ppa,ppa,adversarial,reward_poisoning,19,0.9293333333333332,0.9302027929761338,2.6466666666666665
2025,ep_ppa,ppa,adversarial,reward_poisoning,20,0.9013333333333332,0.9037167549206948,2.506666666666666
2025,ep_ppa,ppa,adversarial,reward_poisoning,21,0.6746666666666666,0.6621176212128269,1.373333333333333
2025,ep_ppa,ppa,adversarial,reward_poisoning,22,0.596,0.5424670687541934,0.98
2025,ep_ppa,ppa,adversarial,reward_poisoning,23,0.4916666666666666,0.3698522891032036,0.45833333333333304
2025,ep_ppa,ppa,adversarial,reward_poisoning,24,0.4596666666666666,0.3486753440451003,0.2983333333333329
2025,ep_ppa,ppa,adversarial,reward_poisoning,25,0.3466666666666667,0.2491193398516052,-0.2666666666666666
2025,ep_ppa,ppa,adversarial,reward_poisoning,26,0.526,0.4702083204220602,0.6299999999999999
2025,ep_ppa,ppa,adversarial,reward_poisoning,27,0.4513333333333333,0.3455446320804716,0.2566666666666664
2025,ep_ppa,ppa,adversarial,reward_poisoning,28,0.3903333333333333,0.326558199145602,-0.04833333333333334
2025,ep_ppa,ppa,adversarial,reward_poisoning,29,0.3876666666666666,0.3264375968954697,-0.06166666666666698
2025,ep_ppa,ppa,adversarial,reward_poisoning,30,0.5383333333333333,0.4812098941828476,0.6916666666666664
2025,ep_sdp-ppa,sdp_ppa,adversarial,reward_poisoning,1,0.7003333333333334,0.6883833115945213,1.501666666666667
2025,ep_sdp-ppa,sdp_ppa,adversarial,reward_poisoning,2,0.827,0.8332075138115841,2.135
2025,ep_sdp-ppa,sdp_ppa,adversarial,reward_poisoning,3,0.8896666666666667,0.8909549841094297,2.4483333333333333
2025,ep_sdp-ppa,sdp_ppa,adversarial,reward_poisoning,4,0.875,0.8743666192998472,2.375
2025,ep_sdp-ppa,sdp_ppa,adversarial,reward_poisoning,5,0.9606666666666668,0.960366031745274,2.8033333333333337
2025,ep_sdp-ppa,sdp_ppa,adversarial,reward_poisoning,6,0.9473333333333334,0.9476181659038287,2.7366666666666664
2025,ep_sdp-ppa,sdp_ppa,adversarial,reward_poisoning,7,0.9516666666666668,0.950585709696447,2.7583333333333337
2025,ep_sdp-ppa,sdp_ppa,adversarial,reward_poisoning,8,0.9663333333333334,0.9659237069610408,2.831666666666667
2025,ep_sdp-ppa,sdp_ppa,adversarial,reward_poisoning,9,0.969,0.9686777253250832,2.8449999999999998
2025,ep_sdp-ppa,sdp_ppa,adversarial,reward_poisoning,10,0.955,0.9550694059604894,2.7749999999999995
2025,ep_sdp-ppa,sdp_ppa,adversarial,reward_poisoning,11,0.8446666666666667,0.8383437221281831,2.2233333333333336
2025,ep_sdp-ppa,sdp_ppa,adversarial,reward_poisoning,12,0.7823333333333333,0.7639812637379573,1.9116666666666666
2025,ep_sdp-ppa,sdp_ppa,adversarial,reward_poisoning,13,0.796,0.7932594238834882,1.9800000000000004
2025,ep_sdp-ppa,sdp_ppa,adversarial,reward_poisoning,14,0.8713333333333333,0.8713837720183395,2.3566666666666665
2025,ep_sdp-ppa,sdp_ppa,adversarial,reward_poisoning,15,0.9473333333333334,0.9460911214892164,2.7366666666666664
2025,ep_sdp-ppa,sdp_ppa,adversarial,reward_poisoning,16,0.908,0.907201551877006,2.54
2025,ep_sdp-ppa,sdp_ppa,adversarial,reward_poisoning,17,0.7886666666666666,0.783786295577916,1.9433333333333334
2025,ep_sdp-ppa,sdp_ppa,adversarial,reward_poisoning,18,0.9353333333333332,0.9331394488452206,2.676666666666666
2025,ep_sdp-ppa,sdp_ppa,adversarial,reward_poisoning,19,0.852,0.8508657161745993,2.26
2025,ep_sdp-ppa,sdp_ppa,adversarial,reward_poisoning,20,0.771,0.7334076918855137,1.855
2025,ep_sdp-ppa,sdp_ppa,adversarial,reward_poisoning,21,0.89,0.8897572107589673,2.45
2025,ep_sdp-ppa,sdp_ppa,adversarial,reward_poisoning,22,0.4093333333333333,0.3556691798301522,0.046666666666666856
2025,ep_sdp-ppa,sdp_ppa,adversarial,reward_poisoning,23,0.7096666666666667,0.6647211987428215,1.5483333333333333
2025,ep_sdp-ppa,sdp_ppa,adversarial,reward_poisoning,24,0.6836666666666666,0.6811082386109347,1.418333333333333
2025,ep_sdp-ppa,sdp_ppa,adversarial,reward_poisoning,25,0.748,0.7453299591148851,1.7400000000000002
2025,ep_sdp-ppa,sdp_ppa,adversarial,reward_poisoning,26,0.707,0.6825226290063046,1.5349999999999997
2025,ep_sdp-ppa,sdp_ppa,adversarial,reward_poisoning,27,0.6806666666666666,0.5912278144671196,1.4033333333333333
2025,ep_sdp-ppa,sdp_ppa,adversarial,reward_poisoning,28,0.5936666666666667,0.5126813335194311,0.9683333333333333
2025,ep_sdp-ppa,sdp_ppa,adversarial,reward_poisoning,29,0.7133333333333334,0.6679111776185448,1.5666666666666669
2025,ep_sdp-ppa,sdp_ppa,adversarial,reward_poisoning,30,0.5416666666666666,0.4727327722555452,0.708333333333333
2025,ep_twa-ppa,twa_ppa,adversarial,reward_poisoning,1,0.7846666666666666,0.7814038112317596,1.923333333333333
2025,ep_twa-ppa,twa_ppa,adversarial,reward_poisoning,2,0.8053333333333333,0.8069606450707317,2.0266666666666664
2025,ep_twa-ppa,twa_ppa,adversarial,reward_poisoning,3,0.9406666666666668,0.940987886873152,2.703333333333334
2025,ep_twa-ppa,twa_ppa,adversarial,reward_poisoning,4,0.9513333333333334,0.951697520186261,2.756666666666667
2025,ep_twa-ppa,twa_ppa,adversarial,reward_poisoning,5,0.9683333333333334,0.9683770499284804,2.841666666666667
2025,ep_twa-ppa,twa_ppa,adversarial,reward_poisoning,6,0.9763333333333334,0.9761203430276624,2.881666666666667
2025,ep_twa-ppa,twa_ppa,adversarial,reward_poisoning,7,0.9743333333333334,0.9740692607105048,2.871666666666667
2025,ep_twa-ppa,twa_ppa,adversarial,reward_poisoning,8,0.9673333333333334,0.9668437282573248,2.836666666666667
2025,ep_twa-ppa,twa_ppa,adversarial,reward_poisoning,9,0.9666666666666668,0.9660232321441032,2.833333333333334
2025,ep_twa-ppa,twa_ppa,adversarial,reward_poisoning,10,0.9616666666666668,0.9607122102728236,2.8083333333333336
2025,ep_twa-ppa,twa_ppa,adversarial,reward_poisoning,11,0.9606666666666668,0.959658694624656,2.8033333333333337
2025,ep_twa-ppa,twa_ppa,adversarial,reward_poisoning,12,0.9623333333333334,0.9614181442279888,2.8116666666666665
2025,ep_twa-ppa,twa_ppa,adversarial,reward_poisoning,13,0.966,0.9652871630826948,2.83
2025,ep_twa-ppa,twa_ppa,adversarial,reward_poisoning,14,0.9673333333333334,0.9666860113910632,2.836666666666667
2025,ep_twa-ppa,twa_ppa,adversarial,reward_poisoning,15,0.965,0.9644206213724946,2.825
2025,ep_twa-ppa,twa_ppa,adversarial,reward_poisoning,16,0.9656666666666668,0.965134224733474,2.828333333333334
2025,ep_twa-ppa,twa_ppa,adversarial,reward_poisoning,17,0.9676666666666668,0.9670482164538188,2.838333333333334
2025,ep_twa-ppa,twa_ppa,adversarial,reward_poisoning,18,0.9703333333333334,0.9698462370802592,2.8516666666666666
2025,ep_twa-ppa,twa_ppa,adversarial,reward_poisoning,19,0.969,0.968466161271936,2.8449999999999998
2025,ep_twa-ppa,twa_ppa,adversarial,reward_poisoning,20,0.9706666666666668,0.9701960150898769,2.8533333333333335
2025,ep_twa-ppa,twa_ppa,adversarial,reward_poisoning,21,0.9696666666666668,0.9691531343723612,2.8483333333333336
2025,ep_twa-ppa,twa_ppa,adversarial,reward_poisoning,22,0.9676666666666668,0.9670550344036088,2.838333333333334
2025,ep_twa-ppa,twa_ppa,adversarial,reward_poisoning,23,0.968,0.9674067437964328,2.84
2025,ep_twa-ppa,twa_ppa,adversarial,reward_poisoning,24,0.9693333333333334,0.9688025487477476,2.8466666666666667
2025,ep_twa-ppa,twa_ppa,adversarial,reward_poisoning,25,0.9673333333333334,0.9667124459686228,2.836666666666667
2025,ep_twa-ppa,twa_ppa,adversarial,reward_poisoning,26,0.968,0.9674277037054938,2.84
2025,ep_twa-ppa,twa_ppa,adversarial,reward_poisoning,27,0.9696666666666668,0.9691531103084992,2.8483333333333336
2025,ep_twa-ppa,twa_ppa,adversarial,reward_poisoning,28,0.9686666666666668,0.968091022492218,2.8433333333333337
2025,ep_twa-ppa,twa_ppa,adversarial,reward_poisoning,29,0.964,0.9632011658957604,2.8200000000000003
2025,ep_twa-ppa,twa_ppa,adversarial,reward_poisoning,30,0.9653333333333334,0.9646333055773604,2.826666666666667
